:020000040100F9
:10000000107700212D3E000157AA0101193E000181
:10001000193E0001193E0001193E000100000000D8
:10002000000000000000000000000000F13E0001A0
:10003000193E000100000000913E0001193E000140
:100040005940000159400001594000015940000148
:100050005940000159400001594000015940000138
:10006000712301015940000159400001594000012C
:100070005940000159400001594000015940000118
:100080005940000159400001594000015940000108
:1000900059400001594000015940000159400001F8
:1000A00059400001594000015940000159400001E8
:0800B000594000015940000114
:1000B80053B94AB9002908BF00281CBF4FF0FF31C7
:1000C8004FF0FF3000F00CB8ADF1080C6DE904CE2C
:1000D80000F012F8DDF804E0DDE9022304B070470F
:1000E800704700BF10F8012B11F8013B012A28BF07
:1000F8009A42F7D0D01A70472DE9F04786468C46C9
:100108000846089E154674461946002B40F0C180E3
:100118008542B2FA82F245D94AB1C2F1200300FA07
:1001280002FC954094402EFA03F343EA0C0C4FEA84
:10013800154EA8B2230CBCFBFEF80EFB18CC08FB2E
:1001480000F943EA0C43994528D9EB1808F1FF3721
:1001580004D2994502D9A8F102072B44A3EB09035D
:10016800A4B2B3FBFEFC0EFB1C330CFB00F044EA0C
:100178000344A04214D92C190CF1FF3304D2A04235
:1001880002D9ACF102032C44241A43EA07401EB1F9
:10019800D440002334607360BDE8F0874746DDE74C
:1001A8006346F1E792BB431B01214FEA154EAFB2FC
:1001B800200CB3FBFEFC0EFB1C330CFB07F840EADB
:1001C8000343984561D9EB180CF1FF3004D29845E8
:1001D80002D9ACF102002B44A3EB0803A4B2B3FB91
:1001E800FEFC0EFB1C330CFB07F744EA0344A74252
:1001F8004DD92C190CF1FF3304D2A74202D9ACF126
:1002080002032C44E41B43EA0040C0E7C2F1200388
:100218009540944020FA03F12EFA03F34FEA154E65
:100228009040AFB20343B1FBFEFC0EFB1C10190C4F
:100238000CFB07F841EA0041884522D969180CF1FE
:10024800FF3004D2884502D9ACF102002944A1EB61
:1002580008019BB2B1FBFEFC0EFB1C110CFB07F75F
:1002680043EA01439F420ED9EB180CF1FF3104D247
:100278009F4202D9ACF102012B44DB1B41EA004149
:1002880093E76046E3E76146F7E76046A4E763461D
:10029800B8E7834206D916B9002108467CE7C6E9C3
:1002A80000E0F9E7B3FA83F78FB9834201D37245C7
:1002B80008D8BEEB020460EB030301209C461EB97C
:1002C800002169E73846FAE7C6E9004CF8E7C7F1C4
:1002D800200CBB400EFA07F522FA0CF42EFA0CF1AA
:1002E800BA401C4320FA0CF3B8404FEA14490143C2
:1002F8001FFA84FEB3FBF9F809FB18300B0C08FB56
:100308000EFA43EA00439A4540D9E31808F1FF3052
:1003180004D29A4502D9A8F102002344A3EB0A03A8
:1003280089B2B3FBF9F809FB183308FB0EFE41EA62
:1003380003418E452CD9611808F1FF3304D28E454C
:1003480002D9A8F10203214443EA0040A1EB0E01BF
:10035800A0FB02984145CE46434602D306D14D45FF
:1003680004D20138B9EB020E68EB0403002EA7D0C3
:10037800B5EB0E0261EB030101FA0CFC22FA07F35C
:10038800F9404CEA0303C6E9003199E74046C5E75E
:100398004346D9E7000000002DE9F8430F46D0E9AD
:1003A8000718856901EB08042F34A542164619D8A9
:1003B8001BA3D3E90023DFF87080A1FB0801FFF736
:1003C80077FE0346601BA0FB080123F07F4414A3BB
:1003D800D3E90023FFF76CFE20F07F403C603060DB
:1003E800BDE8F883DFF840900DA3D3E90023A5FB0F
:1003F8000901FFF75DFE0AA3D3E900230A21044699
:100408000A4824F07F44E8FB0901FFF751FE20F079
:100418007F403C603060BDE8F88300BFAFF30080E8
:100428008D49FD1A0700000000CA9A3B00166BF1BF
:10043800002800F050812DE9F04FAD4C8DB094F8B4
:100448005E2012F0010540F09A81FF23607EA376BA
:1004580000F0030011F00CFB94F85E00420726D46C
:10046800627F94F8293004EB8202166A04EB830356
:10047800D3F82C8086B131469D480AF0E9F83378E4
:100488005B0605D5062104F065FB002800F079819C
:10049800414697480AF0DCF8337813F00E0F40F025
:1004A800B28063698BB10C200DB0BDE8F08F2A468D
:1004B80004F15F01C0F3C00011F078FCFF28A076BA
:1004C800CED0284611F01AFBCAE707F0EDF88146AE
:1004D800002800F0678107F0F3F88246002800F052
:1004E8005E810AF0F9FC0546002800F05D814FF6B0
:1004F800FF738384C06E05F1100B002800F047815C
:1005080005F1600205F15C0104F030FB794B00272E
:10051800D3F8011095F87C21C5F87D11C5F8831131
:100528007F2185F8B61013F8011B28469B8801F037
:100538000101A5F88131A5F887314FF4C023C5F82A
:100548007031B5F8583061F3861223F4EF6323F065
:10055800070343F48C7343F00103A5F8583095F86A
:10056800373061F3C71203F03F0363F07F0385F868
:10057800373095F8723085F87C2123F0070385F829
:10058800723095F83C30C5E9127723F00F0385F8EF
:100598003C30EF66A5F8707085F839706F85C5F83E
:1005A8002E702F65A5F87671A5F86C710DF0B0F86E
:1005B80085F83871C5F83C910BF006F895F87C3150
:1005C80060F3020385F87C310BF004F895F87C3170
:1005D80060F3C50385F87C3195F8683105F1B800FA
:1005E80067F3410385F868310CF054FEC4E9159AA5
:1005F800C4F814B0C5E902772F702D6112F0DAFC47
:10060800002840F0C080237E0121C3F342030DF18E
:100618002B008DF82B3004F049FC024600285CD0F2
:1006280098F80110304609F0CDFD00253249334BCA
:10063800A0FB0101C01841F107012BA3D3E9002356
:10064800C4E902552570FFF733FDB4F85C706060AB
:1006580006F0FEF800F109083FB9357805F00F05F6
:10066800A5F10105B5FA85F56D09207E636865F386
:10067800000010F0010520764AD000200225204A0B
:1006880004930992019306941E4F10601E4A0BAE04
:100698000321059243462A46CDE9020000900797B8
:1006A80008960B9505F08EFF314607F097F8A0B92C
:1006B8000B954AF2D835154A434605920321012283
:1006C800CDE90300CDE90100079708960694009547
:1006D80005F040FF45E009F0C1BC6369002B3FF419
:1006E800E2AE09F077FCDEE68D49FD1A070000004E
:1006F800BC3B002132E4010100CA9A3B8C49FD1A37
:10070800B03B0021F969000145A20001299D0001C3
:100718004FF6FF7291214FF0020903922848294AA7
:10072800049303F24713069402951360A7FB000392
:1007380001FB0731244B09920793244B0BAE059319
:100748001DA3D3E90023CDF82C900896FFF7B0FC41
:100758000146434601914A4628460321009505F083
:1007680031FF314607F03AF80028B6D194F85E30E8
:1007780043F0010384F85E300AF08AF958B100208A
:1007880092E6122090E609F025FC03208CE605F19C
:100798006400E866B4E6012011F04CF9EFE748463A
:1007A80006F088FF07207FE6504606F08FFF484690
:1007B80006F080FFF6E700BF8D49FD1A070000002C
:1007C800002AE784B03B0021F969000145A2000135
:1007D80070B50446237E8AB0C3F342030D460DF17B
:1007E8002300012116468DF8233004F05FFB717851
:1007F8000246284609F0E6FC22A3D3E900231C4957
:100808001C4DA0FB01C11CEB050041F10701FFF7DE
:100818004FFC63680546984222D20022191A0291B9
:1008280002210192144A154BA21ACA40A3FB0232B4
:100838000023D2080A440991114909AE05911846C6
:100848000321CDE903330696D2B2009305F012FFD7
:10085800314606F0C3FF38B9656000200AB070BDA4
:10086800FBD90021EA1ADAE70C200AB070BD00BFF4
:1008780000CA9A3B8C49FD1ABC3B0021F712DA4B9F
:10088800F96900018D49FD1A070000000000000009
:1008980070B51B4C9DF8106094F83CC01CF0010525
:1008A80024D1E6462186912163F3420E400194F853
:1008B8002630F60000F0200C06F018064CEA060C6C
:1008C800104823F038034CEA030384F82630A2FBCF
:1008D800000384F83CE001FB023107A3D3E90023BD
:1008E800FFF7E6FB6063A063284670BD0C25284629
:1008F80070BD00BFAFF300808D49FD1A07000000EE
:10090800A8080021002AE78470B504469126124DF4
:1009180002844FEA411CA3FB05019DF810E006FB89
:1009280003114FEACE0EA37D0EF0180E0CF0200C2A
:100938004CEA0E0C23F038034CEA030C84F816C07A
:1009480003A3D3E90023FFF7B3FB606270BD00BFC8
:100958008D49FD1A07000000002AE7840000000006
:100968002DE9F047044690F83C0094F82630C0F38F
:10097800400060F386138CB004F1290184F8263016
:1009880005F0BAFF0027912194F82620238E5048BD
:1009980002F0790284F82620A3FB0002C4E902775A
:1009A80001FB032148A3D3E9002327702461FFF743
:1009B8007FFBA36B474D63630933984298BF034697
:1009C800A4EB0505C5F38715DFF80C918EBF6360AE
:1009D8006060676305EB450249F82230064605F07A
:1009E80037FF63694FEA450A00F10907002B4BD02E
:1009F8000DF12C089121AA4409EB8A034FF0000954
:100A08004FF0020A0993CDF820800694238E62687D
:100A18002F480492A3FB000201FB03212F4BCDF8C2
:100A28002CA007932E4BCDF80C90059326A3D3E961
:100A38000023FFF73DFB104619464FF47A72002356
:100A4800FFF736FB01460435EDB202913B46032120
:100A58002A4648460196CDF8009005F0B3FD414678
:100A680006F0BCFE60B994F83C3043F0010384F80A
:100A78003C3009F0C3FD08B300200CB0BDE8F08796
:100A88000C200CB0BDE8F0870DF12C08CDE90A3335
:100A98000320434661680AAA01F096FA0028A9D102
:100AA80009A3D3E900230B990E48A1FB0001FFF726
:100AB800FFFA0A9B20F07F471F449BE7504610F03F
:100AC800B9FFD9E7AFF300808D49FD1A0700000090
:100AD800002AE784A8080021403C0021F9690001A8
:100AE80085A8000100CA9A3B2DE9F04F05468BB056
:100AF8008B46012002219946144615F08BF80022F6
:100B080002218246012004F083F84FF4C8723E495E
:100B1800284604F00BF806463C4B0536F6B200931F
:100B280001214B4600203246019505F0FBFD10F0EF
:100B3800FD0F0ED040F6B403354A3649364819F051
:100B480009FC002383F31188BFF36F8F0323184632
:100B580002DF324BA4FB034829A3D3E90023204634
:100B68004146FFF7A5FA07222D4B20F07F47A7FB48
:100B7800033102FB0711E01A68EB01014FF47A72A6
:100B88000023FFF795FACDE900B70290089506957E
:100B9800696895F937402348049123494B4631EA5F
:100BA800240128BF01464FF6FE7405911F493246BD
:100BB800079100200121039405F0CCFC10F0FD0FF3
:100BC8000ED040F6C903124A1249134819F0C2FB65
:100BD800002383F31188BFF36F8F0323184602DFC6
:100BE800BAF1000F02D10BB0BDE8F08F012202214B
:100BF80010460BB0BDE8F04F04F00AB8AFF3008020
:100C08008D49FD1A07000000E808002109AE00011F
:100C1800A4D4010168D5010188CD010100CA9A3B1D
:100C28008D49FD1A750A0101290C0101A9AD0001C0
:100C38004FF6FF732DE9F04184688CB0A28C9A427C
:100C480045D0054620460DF059F82B7D012B00F0C4
:100C58004381022B00F03581002B00F0148194F8B9
:100C68003871002F40F031812B8ACDE90A77B4F82A
:100C78002E8094F937206BB3002AC0F28D810023AF
:100C8800A4F87231AB7CA68D03F003030136012B67
:100C9800B6B23AD0B4F87631002B00F02681B342D0
:100CA80040F28F8100229B1B9BB2062BA4F8763161
:100CB800E28540F2178194F937309342C0F2868179
:100CC800002325E020469DF827100AF0CDFD0CB042
:100CD800BDE8F081002AB8BF84F85D71AB7CA68DB1
:100CE80003F003030136012BB6B20ED0B4F872310B
:100CF800002BCFD0B34240F275819B1BA4F8723110
:100D0800B4F87631002BCAD102E00023A4F876317A
:100D180094F83C20314663F3820284F83C20204654
:100D28000DF127020CF030FD7430CBD0B4F87031DF
:100D38002BB1B34240F220819B1BA4F87031B4F868
:100D48006C312BB1B34240F20E819B1BA4F86C317D
:100D5800E58D17B9A84500F0FD800135ADB294F8CE
:100D6800B53013F0010131D1DDE90A030246002B49
:100D780040F00081002800F0EF8019461E46A28C42
:100D880024690090B848053201910590012100209E
:100D9800CDE9035702960694D2B205F06BFC10F029
:100DA800FD0F94D006F044FD844290D040F2825367
:100DB800AE4AAF49AF4819F0CDFA002383F3118842
:100DC800BFF36F8F0323184602DF80E794F93720BB
:100DD8006FF30003002A84F8B530C0F2A18094F8BC
:100DE8005800C0F3C00100F0070011F0FBFE94F8B2
:100DF800583003F00703032B00F2A08003F1280604
:100E0800F6005B10DE4094F85930B6F5A07F03F089
:100E1800070338BF4FF4A076032B00F2988003F144
:100E28002802D2005B10DA40B2F5A07F38BF4FF439
:100E3800A0720721E38B03F23F13034433441344A6
:100E48008D488E4AE3FB0021104685A3D3E9002391
:100E5800FFF72EF9666820F07F40864234BF811B79
:100E6800361A606038BF0026DDE90A0328BF002172
:100E78000246002B83D151EA000C80D1002E6BD0A2
:100E8800184619467BE794F8723003F01803182BBC
:100E98007FF4E5AE218DB4F86E218B1D9A42D2BF46
:100EA8001346931F5B1AB4F86A11C8BF9BB29942E4
:100EB80000F0B480A4F86A31A4F86C31A4F8702169
:100EC800CDE63D231F4684F83831394620460CB01C
:100ED800BDE8F0410AF0C8BC0023A4F87031A4F8BA
:100EE8006C31BCE601273B4612E7E28C42F21071F6
:100EF800052A8FBF40F2E2434FF4FA73013292B2EF
:100F080003FB02F2B4F8743101FB0323013BB3FB8A
:100F1800F2F39BB2A4F87631002B7FF4C0AEF7E66B
:100F280094F85900012100F0070011F05DFE94F8D3
:100F3800583003F00703032B7FF660AF94F859305D
:100F48004FF4296603F00703032B7FF668AF4FF4CD
:100F580029626EE73D4602E7002D48D00021104681
:100F68000E460B460BE700232046A4F86C310CF024
:100F7800ADFCEDE60E4602E706F0EAFB0146002866
:100F880038D00023A4F870311B23A28C0371C280CF
:100F9800006806F0ADFBD2E694F85D318BB3013BF7
:100FA80084F85D3104F1B80630460CF0B5F9002834
:100FB8003AD030460CF0B0F9002839D00023E38548
:100FC8005DE6082120460AF04FFC80E6B8F1000FE4
:100FD80014D1D4F860315A0813F0010336D1C4F89B
:100FE80060216DE63E2120460AF03EFC6FE6002FA8
:100FF800B4D16CE60123A4F87031A0E613460127AA
:1010080086E60AAA28460BA9FFF7C6F9DDE90A23EE
:101018001343C7D0237884F85D31C3E7B4F870115F
:1010280000297FF41CAE47E7FF200AF0B5FBC0E7B4
:101038000246D4E9170103F0B1FD0028BED194F8A7
:101048003C301B0744BF238DE38518E642F000427D
:101058001F46C4F8602143465AE600BFAFF300803C
:101068008D49FD1A0700000065AD0001A4D40101F7
:10107800B4D5010188CD010100CA9A3B8C49FD1AFB
:101088002DE9F04F87B0BDF84440CDE90432019412
:101098000378BDF84840BDF840B00294BDF84C80D4
:1010A8000446078E0091002B00F02D81013FBFB24E
:1010B80094F85800A7EB08039DB2C0F3C00100F0F4
:1010C8000700D4F8F490039511F08CFDE68C052EFA
:1010D80040F2208140F2E24A05FB06F6B6B24FF034
:1010E8009613E3619623BBF1050F238440F2048134
:1010F80094F8582002F00702032A40F2DB8094F8A3
:1011080059204FF4296302F00702032A00F2E38012
:1011180002F12801C900521021FA02F2B2F5A47FA7
:1011280038BF4FF4A4720721134400F2D5100344CA
:10113800854A86485D46E3FB0021104680A3D3E933
:101148000023FEF7B5FF40F2E24320F07F400AFBA0
:1011580006F203FB05F5531E2B44B3FBF5F31FFA08
:1011680083FA606005FB0AF08242564680F0B6803A
:101178007649801AA0FB010171A3D3E90023FEF789
:1011880097FF20F07F408144638DB4F8FC2013441E
:10119800984494F83730A8EB07084644DB0966857D
:1011A80000F0BF80236C039902FB033203FB01F1BB
:1011B8000B46A16C40F2E2470A44616C634E8A42D6
:1011C80094BFC3EB0203C3EB0103A36411F03CFF1C
:1011D800804694F85C01C0F3420011F037FF059B8C
:1011E800804407FB03F305FB08F8236508F574281A
:1011F800574B08F23F28A3FB08384FEA98430AFBED
:1012080003F02364A5EB0308A36C6A080344963A29
:10121800934228BF1346C4E911230023A0FB06010B
:10122800C4F8643146A3D3E90023FEF741FF049BC9
:10123800A9EB00094748A0FB033041A3D3E90023E9
:10124800800A07FB00F0A0FB0601FEF731FF20F043
:101258007F46019B29462385029B2046A4F87431CA
:10126800A4F826B00CF0CCFA3B4B218D2B44B3FBF1
:10127800F5F3881D9AB29042A4F86E2104D2C1F504
:101288007F41FA310A4492B2009BA4F86A2113B153
:101298000023A4F876314B46424631462046FFF7F4
:1012A80023FC94F8683143F0010384F8683107B0EF
:1012B800BDE8F08F02F12803DB005210D34094F808
:1012C8005920B3F5A47F02F0070238BF4FF4A47386
:1012D800032A7FF61DAF4FF4296224E7121A1B4830
:1012E800A2FB000116A3D3E90023FEF7E1FE20F0DC
:1012F8007F40A9EB000947E70BF101050A204FF4ED
:10130800FA73ADB223E7438D1F44B0F8FC301F4495
:10131800BFB2CDE6039B4FF4FA7A06FB0336B6B2AA
:10132800DDE6049B0948A846A3FB000104A3D3E912
:101338000023FEF7BDFE20F07F46013689E700BF97
:101348008D49FD1A070000008C49FD1A00CA9A3B16
:1013580083DE1B435917B7D17FC3C90100000000C2
:101368002DE9F04F04460B68D0F81E0095B0D3F86D
:1013780000A0267F638C1290487CADF84C30FF2883
:10138800C6F380138846154617680C908DF83F30D1
:101398007DD199461A4612AB93E803000DF1400B34
:1013A8001090ADF84410D4F800C0F6090AF16501B0
:1013B8005B4630460A91CDF82CC00AF011F90A991B
:1013C80000284CD197F87C310A9069F3C71366F36B
:1013D800861387F87C311098BBF80430C7F883016E
:1013E800A7F88731DAF8653005F12200C7F87D31B2
:1013F8008B88A7F88131E18D94F830302981AB7260
:10140800D4F82A3005216B60D4F83A30C5F8223078
:1014180094F83E3085F8263003F048FD95F82730DB
:1014280000F03F0060F3050385F8273094F83F305B
:101438000128C3F3040185F82810A18E03F01F03C7
:10144800E98289B20BD91B3303F01F030B2B06D893
:1014580040F67A43063989B299420A9A2AD9002273
:101468000126CAF8082095F82C30214662F30003BB
:1014780085F82C30E5680B98267106F02DF9294679
:1014880028682E7106F034F915B0BDE8F08F0DF11B
:10149800400B5A460DF13F010FF0C6FF9DF83F90F3
:1014A800267F09F102095FFA89F98DF83F9009F062
:1014B800010278E740F2E249D8F8003011465A6054
:1014C800E38E38462B83628EEB8A0A9209FB03F679
:1014D8000CF0AAF994F83F3097F85C215B0963F3A4
:1014E800430287F85C2111F0AFFD034697F85C01D1
:1014F8000D93C0F3420011F0A9FD0D9BCE4A0344A1
:1015080006FB03F303F5742303F23F23A2FB032333
:101518009B0C2B637308963B6B6394F83130314610
:1015280009FB03F36B64238F3846A7F874310CF07A
:1015380067F9C24BC24A3344B3FBF6F3C7F87821C4
:101548009AB2A7F86E21298B881D824204DDC1F565
:101558007F41FA310A4492B22346A7F86A216A68A1
:10156800C7F8602113F81C2FC2F34019DA0700F1FD
:1015780025814FF48073A3839AF81A0010F02CFD8C
:1015880004F12B03002800F01581626AC4F82B20AF
:10159800228D9A800C9BFF2B00F06A81BDF84C309D
:1015A8001298A4F82930C4F82500BBF80430109824
:1015B800A4F823309DF83F30C4F81F00A377EB8AC6
:1015C800384663862B8BA386B7F87431E38697F881
:1015D8005C31C3F3420384F8383009F089FC0346D0
:1015E8002146AB820B98E380D8F8044006F074F8E3
:1015F8001C23AA8AD4F800B0E2802371B9F1000F45
:1016080040F0F3802146584684F81C9006F070F8A4
:1016180095F8483003F00703032B00F2C88003F164
:1016280028094FEAC9095B1029FA03F9B9F5A47F1B
:1016380038BF4FF4A47995F8490000F00700032853
:1016480000F2B28000F12804E4004310DC40B4F555
:10165800A47F38BF4FF4A474012111F0C5FA072103
:101668004FF0961304EB090C8346DFF8D891764CBB
:1016780000F2D5106044E0FB0941C5E903336CA3CF
:10168800D3E900232046FEF713FD034640F2E24467
:1016980023F07F437B602B6BDDF828C0F51AD8F860
:1016A8000C60002204FB0C640221012004F2B34404
:1016B800E41A03F0ADFA504608F084FF0246A4EBA2
:1016C8000B04A4FB0901144659A3D3E90023FEF730
:1016D800EFFC8146CDF804A0D8F808305B4A3A3BC5
:1016E800009229F07F49A21C01210020D2B24B446C
:1016F80005F018F8012800F085809AF81830DB0703
:101708006BD4384609F0F4FB4E4B0446A5FB035A4C
:1017180047A3D3E9002328465146FEF7C9FC06979C
:10172800D8F808300722A3F13A084FF4F8734FF0BD
:10173800000B08934649474B20F07F460791A6FBCC
:101748000331E81A444B02FB061105937B686AEBE8
:1017580001014FF47A72CDE903B30023FEF7A8FC28
:101768000534E4B202904346224601215846CDE9A9
:10177800009604F0EFFE10F0FD0F0DD040F2F113CB
:10178800364A3749374818F0E5FD8BF31188BFF31F
:101798006F8F0323184602DF01220221104603F04F
:1017A80037FA15B0BDE8F08F4FF4296454E74FF4C9
:1017B800296940E7C4F82B009880EBE6FD23274A07
:1017C8002949284818F0C6FD002383F31188BFF380
:1017D8006F8F0323184602DFCBE600230122184649
:1017E8001146009304F062FF8BE795F82730281D17
:1017F80043F0400385F827300FF00AFC4FF0010949
:101808002885FFE606F014F882453FF476AF4FF4DA
:101818002673124A1549134818F09CFD002383F3D8
:101828001188BFF36F8F0323184602DF65E700BFF7
:101838008D49FD1A0700000083DE1B437FC3C901E1
:10184800404B4C0000CA9A3B8C49FD1A350A0101ED
:10185800010A01018D49FD1A750A010168DA0101C1
:1018680068D5010188CD0101ECD10101C4DA01017B
:101878000022C4F82520A4F8292096E600000000DC
:101888002DE9F04F04468DB0BDF86850002016468B
:101898009B46CDE904549DF85C80BDF86090BDF886
:1018A80064A0069109F002F9002800F0658108F0AB
:1018B80001070446384605F00FF80390002F70D151
:1018C8005A463846169B039909F08AFE002840F0CC
:1018D8006481636904F1100208930792002B67D0B2
:1018E80063690BF001091D680793DDF81CA09AF8DD
:1018F8004800C0F3C00100F0070011F073F9DFF8E9
:1019080040E300F2CF3207217046BAF80E30DFF814
:1019180034C31344E3FB0C01C7A3D3E90023FEF748
:10192800C7FB034623F07F436B60304610F0C2F8D4
:10193800FF2384F8283094F827306FF3410384F8A4
:101948002730002E00F01C81A8F10203012B40F281
:101958002881DDE9052394F83C1004F1100068F3B0
:10196800420184F83C1094F8271069F3000184F8C8
:1019780027101699049D0968A16116998988A5847C
:10198800A18300210096FEF7BFFFA06311F012FBB0
:10199800002840F011812046FEF7E2FF0DB0BDE8B7
:1019A800F08F062103F0D6F8002889D11220F5E738
:1019B80005F07AFE0990002800F0738109F08CFA8E
:1019C8000546002800F06A81143003F085FA05F115
:1019D80010030793002840F01C81032105F118002B
:1019E80010F0BCFF4FF6FF73E86EA5F828A0A5F825
:1019F8002690AB84002800F01B8105F1600205F1F8
:101A08005C0103F0B3F87F234FF0000A85F8B63085
:101A1800B5F85830C5F86CA023F4EF6323F007033A
:101A280043F48C7343F00103A5F8583095F87230ED
:101A3800A5F870A023F0070385F87230A5F82AA04E
:101A4800C5F82EA005F132000FF08CFA95F8373062
:101A5800012160F3050385F837300DF12F0010F0F0
:101A68007DFF049B4FF4C022A5F8743140F2E24395
:101A780003FB09F9744B9DF82F104B44B3FBF9F3A2
:101A8800C5F87021714A85F839A0A2FB0102D20875
:101A980002EB4202A1EB820195F83720053102F0F2
:101AA8003F0285F8372095F83C2085F83810298DB5
:101AB80022F0070285F83C20881D9AB28242A5F8D8
:101AC80076A1A5F86CA1A5F86E2102DD063A521A96
:101AD80092B24FF0000AA5F86A2128460BF018FECA
:101AE800494628460BF08CFE099B85F838A1C5F8B5
:101AF8003C3109F069FD95F87C310BF0010960F380
:101B0800020385F87C3109F065FD95F87C3160F3B6
:101B1800C50385F87C3195F8683105F1B8006AF39A
:101B2800410385F868310BF0B5FB4FF0961295F834
:101B38007C31C5E9072269F3C713169A85F87C3109
:101B48001268DBB2C5F88321169A68F38613928867
:101B580085F87C31A5F88721039A1368C5F87D318B
:101B68009388A5F8813105F110036361C5E902AADC
:101B780085F800A02D61B8E60C200DB0BDE8F08F07
:101B880010F0E2FB00283FF4DFAE584632461699C3
:101B980010F00CF984F82800D6E60B200DB0BDE84B
:101BA800F08F00200FF0AAFF94F82730B84643F0D2
:101BB800020384F82730CCE66569EB6D73B140F217
:101BC8002143234A2349244818F0C4FB002383F304
:101BD8001188BFF36F8F0323184602DF05F1500108
:101BE80005F14C0002F0C6FF0646002838D02F68E1
:101BF800EE65D7F83C51002D41D0284605F05AFD36
:101C0800384609F06FF90023032063610DB0BDE881
:101C1800F08FC1230E4A11490F4818F09BFB089B0F
:101C280083F31188BFF36F8F0323184602DFD4E6CE
:101C380005F16400E866E0E68D49FD1A070000003A
:101C48008C49FD1A00CA9A3B7FC3C901ABAAAAAA4C
:101C5800F4DA010180D3010188CD010140CE0101F0
:101C680040F22343104A1149114818F073FB86F3D8
:101C78001188BFF36F8F0323184602DFB7E740F2DE
:101C88002A43094A09490A4818F064FB85F3118870
:101C9800BFF36F8F0323184602DFAEE7099805F0FC
:101CA80009FD07207AE600BFF4DA0101F4D4010146
:101CB80088CD0101000000002DE9F04F0446238D76
:101CC800077F8DB0406AADF82C30E307C7F3C01822
:101CD8000E4615460A90C7F3401700F10881002305
:101CE800A383B37C707C13F0010318BFD4F81E30B3
:101CF80004F12B021ABFC4F82B30638CC4F82B30C4
:101D0800FF28938004F1250904F11F0200F0E18007
:101D180004F11E010FF088FBA37FBDF82C200A9860
:101D28000233A377C4F82500A9F804203368D3F850
:101D380000A0EB8A63862B8BA386BAF82430E3864F
:101D480011F080F984F83800D5F80090484609F079
:101D5800CFF803460021AB824846E3800BF064FDD0
:101D680021462068746805F0B7FC1C23AA8AD4F8B9
:101D78000080E2802371002F40F0C9802146404650
:101D8800277705F0B5FC40F2E24395F84800B5F82E
:101D980016B0C0F3C00100F0070003FB0BFBF468AA
:101DA80010F020FF00220221A4EB0008012002F01D
:101DB8002FFF504608F05CFE5BA3D3E900235C4C80
:101DC8000546A8FB044820464146FEF771F9074638
:101DD800CDF804A0B368574A3A3B009227F07F47F2
:101DE8002A1D01210020D2B23B4404F09BFC10F0D4
:101DF800FD0F0ED040F241334F4A5049504818F079
:101E0800A9FA002383F31188BFF36F8F03231846C1
:101E180002DF4FF0000A0322012153465046CDF855
:101E280000A004F043FC484609F062F83EA3D3E959
:101E3800002305463E480535ABFB0001FEF738F99F
:101E480040F27131CDF81C90B66809913D4983463E
:101E580008913D4910460691D9F804104FF47A725A
:101E6800CDE904A119460023FEF722F90722374BD2
:101E7800CDE902B0A7FB033102FB0711E01A68EBBA
:101E880001014FF47A720023FEF712F93A3EEDB2DF
:101E9800019033462A4601215046009704F07AFB08
:101EA80010F0FD0F0DD040F27233234A2349244825
:101EB80018F050FA8AF31188BFF36F8F032318467E
:101EC80002DF0122022110460DB0BDE8F04F02F0FA
:101ED8009FBE0023BDF82C100A98C4F82530A9F835
:101EE800043084F81E80C4F81F0091801EE740F279
:101EF800BD23114A1649124818F02CFA002383F31F
:101F08001188BFF36F8F0323184602DFE7E695F8C1
:101F18002730281D43F0400385F827300FF078F864
:101F2800012728852AE700BF8D49FD1A0700000010
:101F380000CA9A3BF10B0101F4DA010168D50101ED
:101F480088CD0101F50B0101290C01018D49FD1A0C
:101F5800ECD10101000000000538C3B20F2B10D8E6
:101F680070B580B20D4608F0CBFF044638B190F941
:101F78003730002B07DA43682B60204670BD0020FD
:101F880070BD0020704790F858000D4EC0F3C00196
:101F980000F0070010F026FE07210A4A00F5B750A6
:101FA8001530E0FB0621104603A3D3E90023FEF712
:101FB8007FF820F07F43DFE78D49FD1A0700000016
:101FC80000CA9A3B8C49FD1A2DE9F04F0024FF27DF
:101FD800A24693B0CDE90E440894054616463C4601
:101FE800D046D3460B930B1D0DF140098DF8377081
:101FF8000A93634B00200593624B294603930FAB6A
:1020080001930EAB00930223CDF81890109304901F
:10201800334602900DF1370204F0C2FB022812D0B9
:10202800109BB3B9FF2C25D03368434522D0002F2D
:1020380052D0FF24013FFFB28DF83740D9E7294637
:10204800002004F0F3FB109B022BF8D0109B002B10
:10205800E8D040F2D9134C4A4C494D4818F07AF967
:10206800002383F31188BFF36F8F0323184602DF21
:10207800FF2CD9D19DF83700FF283CD011A9FFF7D4
:102088006BFF0028B5D09DF837000538C3B20F2B79
:1020980018D9FF2CDDF83880119B0AD051464046EC
:1020A800099304F0D7FB0A9B03EB0B029042099BB0
:1020B80023D89B460F9BC2469DF83740D6F8008030
:1020C800089396E780B208F01BFF0028E1D090F94A
:1020D8003730002BDDDA8CE740F2E1132A4A2C482E
:1020E8002C4918F037F987F31188BFF36F8F032352
:1020F800184602DF9DE7FF2C38D007212648ABFBA6
:10210800000301FB0B311CA3D3E90023FDF7D0FF2B
:10211800044600B13E340899204AA1F57423A3F57A
:102128001073934218D807211B48AAFB000301FB30
:102138000A3111A3D3E90023FDF7BAFF0021089A59
:10214800174BA3FB022304EB9344044408460B9B60
:102158001C6013B0BDE8F08F01F1E87303F5D433C8
:1021680003F5A5730AF1FF3A0893DCE76FF009015C
:10217800084613B0BDE8F08F00CA9A3B0000000083
:10218800110F0101150F010140DB010184DB010181
:1021980088CD01018CDB01018D49FD1ABFBDF07F9F
:1021A80083DE1B43000000002DE9F043C6683E496A
:1021B8007368D0E900971A68A7F57423A3F510731C
:1021C8008B42804683B007D907F1E87707F5D43703
:1021D80009F1FF3907F5A57773685168DD8A022090
:1021E80006F1100301AACDF80490FFF7EDFE0028D0
:1021F80050D10199A1EB09031B0238D4084649467E
:1022080004F028FB26A3D3E9002304464FF0070C6B
:102218002649A0FB01010CFB0411FDF749FF3469B5
:102228000444002C346109DB40F2E24305FB03F36C
:10223800A34230D2E41AA342FCD334610721D8F870
:1022480000301A48A3EB0903A3FB000201FB03219A
:1022580013A3D3E90023FDF72BFF154BA3FB073787
:10226800A0EB97402044306103B0BDE8F0834846B6
:1022780004F0F0FA0AA3D3E9002304464FF0070C50
:102288000A49A0FB01010CFB0411FDF711FF346999
:10229800241AC6E73469002CD0D103B0BDE8F08316
:1022A80000CA9A3B00000000BFBDF07F8D49FD1AAF
:1022B80083DE1B4300000000F0B5C4680546636870
:1022C80083B0002B68D112F013FE002012F06AFED2
:1022D8000021084612F042FE00222521082012F0B3
:1022E800C7FE494B01A8019312F0AEFE40F25B60B5
:1022F800464912F0B1FF237A20461A46C3F3420337
:1023080063F30612227211F0C3F810F01DF870BBC7
:10231800637A9B0721D127682E68384610F00AFC9B
:1023280003461E446A6806F10901012013F0E4F926
:1023380013F010FB204608F053F9014602313246EB
:102348003846C9B210F0F8FB054680BB204610F0AD
:1023580089FB90B9002003B0F0BD01200FF05EFBAF
:10236800024641780232007813F05EF9D3E7607ACA
:1023780010F0030018BF0120F0E740F22943244A77
:102388002449254817F0E6FF85F31188BFF36F8FBE
:102398000323184602DFDDE793F82C309A0792D022
:1023A80021461E4812F082FD12F0EAFED2E740F202
:1023B8001143174A1A49184817F0CCFF0721194B3F
:1023C8000026A5FB030301FB05310DA3D3E9002378
:1023D800FDF76EFE14490246144817F0BBFF86F35A
:1023E8001188BFF36F8F0323184602DF1048214678
:1023F80012F05CFD12F0C4FE6FF08B00ABE700BF7B
:1024080000CA9A3B00000000D6BE898E555555007B
:1024180060DF010170CF010188CD0101D12C0101DC
:1024280064CE01018D49FD1A10E00101E4DF0101CC
:1024380061300101000000002DE9F041C4688CB052
:1024480094F91630002BC0F20681636805460E46E3
:10245800002B40F0F580A37D6FF30003A37512F005
:1024680047FD002012F09EFD0021084612F076FD7F
:1024780000222521082012F0FBFD012005F08CFA2E
:102488000746002800F0CD8007F11C0012F020FE5E
:102498008B4B0BA80B9312F0D7FD8A4940F25B6077
:1024A80012F0DAFEA07DC0F34100253010F056FB93
:1024B8002146854812F0FAFCA37D9B0603D4636885
:1024C800002B00F0AB80962013F00AF900231A467F
:1024D8001946184613F054F80FF036FF002839D182
:1024E800A37D13F0180F5CD1D4F800802F68404604
:1024F80010F020FB07446A6807F10901002013F077
:10250800FBF813F027FA13F06BF8204608F0B8FA36
:102518000146043140463A46C9B210F00DFB8046E8
:10252800002840F09F8016B9636A002B52D1636877
:1025380043B1664B0122022100209D6002F09CFB02
:10254800002837D1204610F08DFAD0B900200CB001
:10255800BDE8F081A07DC0F3C0000FF05FFA074628
:102568000DF12B000FF05AFD804679783878BA1CA7
:1025780013F05AF8002241469DF82B0013F094FA04
:10258800B2E740F20B23524A5249534817F0E2FE91
:10259800002383F31188BFF36F8F0323184602DFEC
:1025A800D4E701200FF03AFA4178821C007813F042
:1025B8003BF899E740F20623454A4849464817F050
:1025C800C9FE002383F31188BFF36F8F03231846D6
:1025D80002DFB7E740F2F3120892414A00930792EC
:1025E800404A3B46059231460322CDE90366CDE9D0
:1025F8000166069403F0AEFF10F0FD0F97D04FF47C
:10260800FA73334A3849344817F0A4FE86F3118820
:10261800BFF36F8F0323184602DF88E712F0C6FF67
:102628005AE74FF4C5732A4A30492B4817F092FEEF
:1026380087F31188BFF36F8F0323184602DF23E760
:10264800636893F82C30D90705D4636893F82C3065
:102658009A077FF500AF2146254812F027FC12F0B3
:102668008FFD73E740F2E513194A22491A4817F01B
:1026780071FE0721204B0025A8FB030301FB08314D
:102688000DA3D3E90023FDF713FD1C4902461C489E
:1026980017F060FE85F31188BFF36F8F0323184688
:1026A80002DF1848214612F001FC12F069FD6FF0B4
:1026B8008B004CE7AFF3008000CA9A3B0000000093
:1026C800D6BE898E55555500B1270001D401002189
:1026D8001CE0010170CF010188CD010178CE010114
:1026E800293C0101D13C0101CCD20101ACDF01013F
:1026F800D12C010164CE01018D49FD1A68E0010168
:10270800E4DF0101013B010138B5044611F0A2F9EB
:10271800A37DA27DC3F34103013303F00303032B1D
:1027280008BF002363F3420214BF03F125002520EC
:10273800A27510F013FA63680BB1236953B904F05A
:1027480087F801460020033113F050F8BDE83840FF
:1027580013F000B913F094F8054604F079F801462F
:102768000020033113F042F813F0F4F813F088F85E
:10277800294604F06FF807210346094AA0FB020224
:1027880001FB032104A3D3E90023FDF791FC23698E
:102798001B1A236138BD00BF00CA9A3B0000000025
:1027A8008D49FD1A000000002DE9F04F8BB004465A
:1027B80012F03CFDC0B250B910F02AFA2146BE48CA
:1027C80012F074FB0BB0BDE8F04F12F0D9BC12F058
:1027D8004FFD054612F05CFF074612F063FF814685
:1027E80013F0C4F9064613F0A5F9824612F012FF59
:1027F800EDB2804612F0EAFE10F00AFA002DDDD0A4
:10280800012005F0C9F80546002800F05B8117F0A3
:10281800FF07F6B240F0E780002E40F0DE804FF070
:10282800FF093A464B463146204611F04FFB002837
:10283800C4D000232A7F61688DF823305FFA88F7B7
:1028480002F00F03002900F0F080616891F82C1065
:10285800880700F1EA80072BB0D0A17D090740F175
:102868004081002B40F0C8806B7F063B1F2BA5D80A
:10287800042005F091F80028A0D013F083F8636ACB
:10288800804643B940F27122238C02FB03F3B0FB6C
:10289800F3F203FB1208072123685A68874BA2FB4F
:1028A800030301FB023182A3D3E90023FDF700FCF7
:1028B8006FF4427C00EB0C031F3B62EB02024345C2
:1028C80072F10002FFF47AAF12F070FE63684846B6
:1028D80007930FF08FFBE37D8246990740F1DC8177
:1028E800002800F0D98183464FF0010812F0CEFC91
:1028F800CDE9028B804609AB049305F11E030193D1
:102908002B7F0022C3F38013204641460093012306
:1029180011F0F6FA404612F0E1FB12F073FC0028C1
:1029280040F0C7812146664812F0C0FA002F40F0F7
:10293800BA81626892F82C3043F0010382F82C3097
:10294800A37D43F08003A37505F042F84FF6FF72AC
:1029580017210746C280017195F81CE04346CEF363
:10296800401E00F11C0208F12008D3F800C05D6881
:102978009868D96810334345C2F800C05560906024
:10298800D16002F11002F0D11B6813603B7FBC607C
:102998006EF345133B7712F073FF002E08BF4FF01C
:1029A800FF093861099B87F819907B61E37D13F073
:1029B800020303D0BAF1000318BF0123BA7E63F300
:1029C8000002BA7605F004F8394603463868FB6019
:1029D8000BB0BDE8F04F05F029B85FFA8AF00FF0A8
:1029E80099FB81461DE7A07D5FFA89F1C0F3C0001D
:1029F8000FF01EFB814614E7012B40F082806A7FAE
:102A08000C2A7FF4DBAE194600232A7F2046019367
:102A1800CDF80090D20905F1240311F0A5F900289A
:102A28007FF426AF2B7F03F00F03002B69D16B7F58
:102A3800052B7FF6C3AE252B3FF6C0AEA27D02F074
:102A48002102202A09D16268002A00F0BA80052BE9
:102A58007FF6B4AE252B3FF6B1AE63682BB12B7F62
:102A680003F00F03072B7FF4A9AE03209DF8238002
:102A780004F092FF054600283FF4A0AE04F0A8FF3A
:102A88004FF6FF73EB8005232B71002F35D17F2084
:102A9800002E08BF4FF0FF09AB7E287668F341038C
:102AA80029462868AB7685F8199004F0BFFF85E6BB
:102AB80000CA9A3B00000000193B01018D49FD1A2C
:102AC800193D010140F2C723944A9549954817F0EA
:102AD80041FC85F31188BFF36F8F0323184602DF8B
:102AE80095E6B9F1FF0F8DF82490C2F380184BD00A
:102AF800227E91453FF4B5AE97E712F07BFDC0B258
:102B0800C6E7062B93D04521D94011F0010139D1F0
:102B1800012B10D16B7F0C2B7FF450AE2A7F0DF167
:102B2800230301932046CDF80090D20905F1240330
:102B380011F01AF908BB2B7F03F00F03042B7FF465
:102B48003DAE6B7F063B1F2B3FF638AEA37DDB0700
:102B58007FF534AE12F09AFB2B7F0278C3F3801313
:102B6800B3EBD21F7FF42AAE0622083005F11E010E
:102B780019F04EFE00287FF421AE6B7F002B7FF406
:102B88006CAF1BE66B7F62E705F11E0A51464046B3
:102B980009AA0FF07DFB00283FF444AFE37D03F062
:102BA800010343457FF43EAF5146062204F1080075
:102BB80019F02EFE00287FF435AF2B7F03F00F03AA
:102BC8004FE69620079212F08BFD079A104612F0F6
:102BD800C3FC032004F0E0FE804600283FF4EEAD7D
:102BE80004F0F6FE4FF6FF73A8F80630052388F8C0
:102BF8000430002F6DD17F23002E14BF4A46FF22D8
:102C080088F8183098F81A3041466FF3410388F86D
:102C18001A3088F81920D8F8000004F007FF12F0DD
:102C280035FB064603210C223378484661F303033B
:102C380033702B7F72703278C3F3801363F3C7123B
:102C480032700FF0D7F9E27D920746D5002844D0BC
:102C58003246317841F0400102F8021B0168C6F89B
:102C6800021083889380D5F81E303046B3606B8C91
:102C7800B38112F033FA12F0C5FA00283ED112F0EF
:102C880069FE2146A37D284843F00103A3750BB0D4
:102C9800BDE8F04F12F00AB994F8168004F1190B48
:102CA800C8F3801822E612F0A5FC079B83F8A6005B
:102CB8003FE640F2AF43194A1C491A4817F04AFB4D
:102CC800002383F31188BFF36F8F0323184602DFB5
:102CD80028E612F08FFCC3B28EE7A37D3278C3F3E7
:102CE800801363F38612334603F8022BD4F81920B5
:102CF800C6F80220B4F81D209A80B4E740F2335396
:102D0800064A0A49074817F025FB002383F3118870
:102D1800BFF36F8F0323184602DFB0E71CE0010101
:102D2800ACDF010188CD01012D3B0101B4DF0101B8
:102D38004FF6FF732DE9F041C46882B0A28A9A4227
:102D480000F0E180054611F0F9F92B89628BA38325
:102D58001A440023208C92B2104494F8271080B2B1
:102D6800461C26844E066383E28304F1220300F1A5
:102D7800A38001F03F0094F82810009004F1290086
:102D88000EF0FEF80646D4E90C31A28B002002FBB7
:102D98000333A26B276C1344E26B20648B4294BF0D
:102DA800D21852188A4228BF0A46616C94F84930F2
:102DB8003944C4E90E02616494F8622094F82C1036
:102DC800C3F3020363F3061112F0040284F82C1013
:102DD8007CD012F08DF8002012F0E4F8201D12F0DB
:102DE80033F92389A17A40F25B6043EA014112F08A
:102DF80033FA30460FF0B2FE21465D4812F056F81D
:102E0800A08912F06DFC94F8482094F84900C2F3A8
:102E1800C003002102F0070200F0070012F0B0FB27
:102E2800204611F053FA26682F6830460FF082FECC
:102E380003461F446A6807F10901002012F05CFC90
:102E4800804612F051FD002012F072FDE36B94F8F9
:102E5800490003F12F02636C012100F0070003EB26
:102E6800420512F04DF994F84930454403F0070340
:102E7800022B054428D0042B0CBF4FF4BC72282227
:102E880018460121154412F03DF9284412F00CFDB2
:102E980012F0A6FBA18A3A4605313046C9B20FF0B6
:102EA8004BFE0546002835D120460FF0DBFDD8B98A
:102EB800002002B0BDE8F0811A4601F03F03218DE1
:102EC8000EF0AAF806465EE71822D9E7D4E91301FE
:102ED80001F064FE00287FF47CAF94F8623043F080
:102EE800040384F8623074E74FF4B073214A22492E
:102EF800224817F02FFA85F31188BFF36F8F032349
:102F0800184602DFD4E721461D4811F0CFFF12F022
:102F180037F9CDE74FF4AB73164A1A49174817F03B
:102F280019FA0721184B0026A5FB030301FB0531FD
:102F38000DA3D3E90023FDF7BBF814490246144852
:102F480017F008FA86F31188BFF36F8F032318462A
:102F580002DF1048214611F0A9FF12F011F96FF0B5
:102F68008B00A6E7AFF3008000CA9A3B0000000080
:102F780079450101FCE0010170CF010188CD010113
:102F8800D12C010164CE01018D49FD1A50E10101E6
:102F9800E4DF0101AD2C01014FF6FF73F0B5C46801
:102FA80085B0A28A9A4200F08E80054611F0C6F8D4
:102FB8002B89628BA3831A440023208C92B210447D
:102FC80094F8271080B2461C26844E066383E28359
:102FD80004F1220360D401F03F0094F82810009017
:102FE80004F129000DF0CCFF0646204603A911F094
:102FF80057FA039B94F862101A7861F3C3021A70A7
:10300800039A94F862301178C3F3400363F38201A2
:10301800117011F06DFF002011F0C4FF201D12F097
:1030280013F82389A17A40F25B6043EA014112F068
:1030380013F930460FF092FD2046039911F006FA75
:1030480021463B4811F032FFE08912F049FB94F821
:10305800490000F0070012F07FFA27682E6838460A
:103068000FF068FD03461E446A6806F10901012055
:1030780012F042FB12F06EFCA18A32460531384646
:10308800C9B20FF059FD054620BB20460FF0EAFCF7
:1030980050B9002005B0F0BD1A4601F03F03218D5C
:1030A8000DF0BAFF0646A0E74FF48273214A224981
:1030B800224817F04FF985F31188BFF36F8F032368
:1030C800184602DFE5E721461D4811F0EFFE12F031
:1030D80057F8DEE7FA23174A1A49184817F03AF959
:1030E8000721194B0026A5FB030301FB05310EA39D
:1030F800D3E90023FCF7DCFF14490246144817F013
:1031080029F986F31188BFF36F8F0323184602DF6E
:103118001048214611F0CAFE12F032F86FF08B0009
:10312800B8E700BFAFF3008000CA9A3B0000000078
:10313800654301015CE1010170CF010188CD010106
:10314800D12C010164CE01018D49FD1AACE10101C8
:10315800E4DF0101AD2C0101014815F011BC00BFED
:103168004C03002138B5094D4FF0FF324FF0FF33C3
:10317800284615F0D3FB044601F03CFC10B120466C
:1031880001F058FA16F0E4F8EEE700BF7C030021DE
:103198000346F7B5064613F8010B0D46022801F160
:1031A800FF322DD0052845D0012855D1022A53D900
:1031B8000322CDE900320022002301F0E3FB04469C
:1031C800002849D0F378043D9D4204D003B0BDE8FF
:1031D800F04001F02FBA00F10C07384617F0FCFC5C
:1031E800854201D92046F1E72A46311D384617F0B5
:1031F800CAFC2146194803B0BDE8F04018F02FBFBB
:10320800032A29D904200022CDE90030002301F047
:10321800B9FB044600B3B6F80330053D9D42D5D14D
:1032280004F10C07384617F0D7FC8542DAD82A464D
:10323800711DDBE7032A0FD904221020CDE90032E3
:103248000022002301F09EFB044628B1B6F80330A3
:10325800053DC3F30D03E1E703B0F0BD7C03002196
:1032680070B5214888B001F0D1FB00220023CDE9D8
:10327800062300236FF00802CDE90133CDE90323CB
:1032880000934FF48062194B19491A4815F040FE13
:103298001949184818F0EDFF184817F0A9F9184A05
:1032A8001849164817F0B2F94FF0FF324FF0FF33C4
:1032B800154815F09FFB0C4E124D4FF0FF324FF0A2
:1032C800FF33304615F02AFB04462846228AE16877
:1032D80017F0B0F9002803DB204601F0ABF9ECE762
:1032E80016F036F8F1E700BF640300216D310001E4
:1032F800906000211804002108E401017CCA010142
:1033080010000021802400214C030021014B1B6880
:10331800184700BF2C000021014B1860704700BF00
:103328002C00002130B585B004460D46102200213E
:10333800684619F065FA02238DF80230044B2A46D4
:1033480021466846019316F031FC05B030BD00BF38
:103358001533000180B505460E461746984616F007
:103368009BF8034619F0E8FA0446DFF8189042463D
:1033780049F8003039463046A84754F8090000F0AB
:103388006DFD00BF080000002DE9F047058B0446DD
:103398002807904611D4022905F0070540F0CC8093
:1033A800204616F0FFFF78B10138218B042811D888
:1033B800DFE800F0C2106D85950001290CBF45F0CB
:1033C800100545F02005258388F31188BFF36F8F1A
:1033D800BDE8F08701F0070AAA4500F0A58000279C
:1033E800B9463E46A368002B00F0BC8041F00801B6
:1033F800218388F31188BFF36F8FA168002900F03B
:10340800BA800D68002900F0B6803346524620463F
:10341800D1F80480C047002D76D02B6829461D4678
:10342800F0E701F007035A1F012A1BD8002221F0F8
:103438000701062B276889B2C4E9002209D13B4657
:1034480003E0628B013262831B68002BF9D141F0E3
:1034580002012046218316F0A5FF00287AD041F00A
:10346800200176E0042B0AD121F0070189B2204619
:10347800218316F097FF10B141F020012183218BA1
:1034880001F0070AAA454FD00027B946AAE72369E1
:1034980021F0070141F00601062DD3F800902183A1
:1034A8002DD1B9F1000F3FD041F00801218388F3F5
:1034B8001188BFF36F8F20463949C84729E021F0AA
:1034C8000701236941F0040189B2042DD3F804905F
:1034D8002183E6D000274FF0040A3E4682E721F018
:1034E8000701236941F0050189B2052DD3F8089039
:1034F8002183D6D000274FF0050A3E4672E7002701
:103508004FF0060A3E466DE72B4687E7B9F1000FF4
:10351800D1D1EFF31188202383F31288BFF36F8F83
:10352800238B23F008032383258BEA062ED525F069
:103538001003238305F007056669218B002EBFF66B
:1035480070AF00232768C4E9003321F0070141F078
:1035580001012183218B4FF0000901F0070AAA45D8
:103568007FF440AF002F9CD041F00801218388F3FD
:103578001188BFF36F8F002FC8D03D683946334696
:103588005246204616F03AFF2F46F4E7AB067FF581
:103598001BAF25F02003238305F0070500E700BFD4
:1035A80031A4010130B50C460E4985B00291D0F81E
:1035B800D4110546CDE9003100F1F0014FF0FF3399
:1035C800204614F009FD50B9012384F86C30D5F871
:1035D800D03123B1204605B0BDE83040184705B0CA
:1035E80030BD00BF5FA7010138B50C46114605463E
:1035F80017F0B3F8034638B92846044917F0ADF870
:1036080003460020236038BD0120FBE703E60101E3
:103618002DE9F04F012381460569466889B005F513
:103628005D77D7E8EF2F002A03D1C7E8E13F0029EB
:10363800F7D10CBF1A46002240F0B180B368B16AD6
:1036480005F5F8781C1F104617F00EF984426FD85C
:10365800013A00F09E80B2FA82F24FF00044D44062
:1036680072682046073222F00302C5F83C22B16A8C
:1036780017F0FAF8C5F84002B36A404663430333CB
:1036880023F0030302EB4302230103EB4403093352
:1036980023F0030303EBC403C5F834221A440832A9
:1036A800C5F830227368C5F83842C5F82C323D4B4E
:1036B800C5E9AD63316800F0E5F90446002835D165
:1036C800D9F810B0D9F804A0D9F800300BF534793E
:1036D800CDE9060005934846DAE90734012B08BF0F
:1036E800103C18F09BFDDAF824002F4905AB01EBDC
:1036F80080214FF4806248460093234615F01EFB54
:103708002A490BF5307018F042FDDAE905018368A3
:103718005C684CB15B46264AA047044630B9DAE9F2
:10372800050183681B692BB96FF05704002129E054
:10373800013288E70122984704460028F6D11D4B3C
:103748002846C5F8D0311C4BC5F8D4311B4B039320
:10375800D5F840320293D5F83C32CDE9008305F51F
:103768001173B26AD5F8701300F054F904460028B2
:10377800DCD105F1F00014F0D5FC0028C5F8780379
:103788000ADB0221384617F01CF8204609B0BDE8CC
:10379800F08F6FF00B04C9E76FF01504C6E76FF000
:1037A8007704F2E7B5A70101906400219BA7010106
:1037B8008FA70101C937000147A90101FBA7010132
:1037C80013B5044640B100230122CDE90032074B6E
:1037D800D0E9091214F0D4FB236F1B6823B1606F82
:1037E80002B0BDE81040184702B010BD03E6010161
:1037F80013B504460846216901F55D71D1E8AF1F8C
:10380800022910D193B1A0B10121CDE900311346AD
:10381800D0E9091214F0B4FB074B984208BF6FF0C7
:103828000B0002B010BD6FF00F00FAE76FF04C000C
:10383800F7E76FF00100F4E72EF8FFFF2DE9F347F3
:1038480089461546066906F55D73D3E8AF3F022B36
:1038580064D1136823B96FF0150002B0BDE8F08792
:103868001B78002BF7D0D6F870A3BAF1000F36D129
:1038780006F5EC774FF0FF324FF0FF33384614F07F
:1038880085FF30462A6801A9FFF7AEFE019C8046F5
:103898001CB9384616F093FFDDE705F108032367E6
:1038A800AB6984F86CA06367646460B1384616F04D
:1038B80086FF21463046A36E2A68FFF773FE002074
:1038C800C9F80040C9E71F22296804F1480018F028
:1038D800C1FF384684F8678016F071FFEFE730467D
:1038E800104916F03AFF04460028B4D0002705F125
:1038F80008030367AB6980F86C70436740641F2254
:103908002968483018F0A6FF22460121304684F87D
:10391800677000F061F80028D1D09CE76FF00F00C5
:103928009BE700BF03E6010110B50C46006900F5EE
:103938005D73D3E8AF3F022B0FD189B10A4900F577
:10394800307018F050FC204617F07BFF78220021D9
:10395800204618F055FF002010BD6FF00F00FBE760
:103968006FF00100F8E700BF882400212DE9F04F2F
:1039780005460E4690460027D0F8C4A085B0AAF5A3
:10398800BE7421463046FCF7ADFBE0B9114BA4F1FB
:10399800480B0293DAF810303246CDE90083294605
:1039A8004FF0FF335846AAF5E27914F015FB60B9D9
:1039B8007823012203FB079383F86C20DAF80C3094
:1039C8000BB158469847783417B105B0BDE8F08F69
:1039D8000127D6E775A901011FB5144690B18AB130
:1039E800012912D10A4B00F1F0010293D0F8D43129
:1039F800483201934FF0FF332046009314F0ECFA5D
:103A080004B010BD6FF01500FAE70020F8E700BF1A
:103A180075A901012DE9F04387B00E46DDE90E8155
:103A28001446DDE910251F4630B329B3DFF850C02E
:103A380000F1F009002D08BF65469EB9CDE90344A1
:103A480000F5E2742046059618F093F903ABCDE92A
:103A580000432A463B464146484614F0DDFB07B082
:103A6800BDE8F083002241460E9248462A4607B038
:103A7800BDE8F04314F026BD6FF01500EFE700BF76
:103A880075390001F0B504462B4A87B004AB0E46E1
:103A980092E8030083E80300002C49D0184614F08C
:103AA80075F90546B0B94FF0FF33E16C04F15407DE
:103AB800A163CDE9010000933846236D04F1380273
:103AC80017F071FBA06C16F080FFC4F8BC0020B999
:103AD8006FF00B05284607B0F0BDA06C16F075FF17
:103AE800C4F8C0000028F3D0236CD4F8BC10C4F884
:103AF80090300423C4F89430C4F8AC300223E36255
:103B08000E4BB4F84820C4F88C10616C236204F1A1
:103B18008C03C4F8A070A4F89820C4F8B870C4F84E
:103B2800A810A4F8B020C4F8A400A6612363D1E7C4
:103B38006FF01505CEE700BF20CC010184CC010150
:103B4800014B036000207047B0CC010130BFFFF784
:103B5800FDBF00BF2DE9F04105460B4EDFF82C8074
:103B6800324606EB0807CC1B2046094918F021FE0F
:103B7800A01942460021083C18F042FE6C6707F184
:103B88000800BDE8F08100BF00000000040000004C
:103B980020CC0101054B5A699B689A421FBF044A11
:103BA800536843F080535360704700BF3060002172
:103BB80000ED00E0154B9A6A12F0007F9A6A14BF74
:103BC8001E201D2012F0807F9A6A18BF1F2012F451
:103BD800801F9A6A18BF022012F4002F9A6A18BF31
:103BE800212012F4802F9A6A18BF222012F4003F75
:103BF8009A6A18BF232012F4803F9A6A18BF2420BB
:103C08006FEA02426FEA12429A62704700ED00E0E2
:103C180010B5164B9A6A9C6A12F4805F14BF17227B
:103C2800162214F4006F9C6A18BF1822A40509D53F
:103C38009A6B9A6A120404D518B19A6A22F400425F
:103C48009A621922094B986A10F4806F986A18BF13
:103C58001A2210F4807F986A40F47F4098624FF0EF
:103C680000030CBF10461B200B7010BD00ED00E0D8
:103C780010B5154B0246986A9C6A10F0100F14BFD5
:103C88001120102014F0080F9C6A18BF1220A407F6
:103C980009D5586B986A000604D51AB19A6A22F0B9
:103CA80080029A621320084B9A6A12F0010F9A6AEE
:103CB80018BF1420D20658BF9A6A9A6A42F0FF02C7
:103CC8009A6200230B7010BD00ED00E0F0B5474B81
:103CD80004465B6800258BB0C3F3080385F311889D
:103CE800BFF36F8F02F07F40B0F17F4F11D102F028
:103CF8000C0008280DD010074CBF0C4601250022E7
:103D0800033B8DF80720032B05D8DFE803F0246276
:103D1800665F2C46F3E700239DF80720CAB902AE78
:103D280004F12007324620686168083403C2BC42A7
:103D38001646F7D1099A002D53D0C2F3080121B9CC
:103D48006FEA52226FEA42220992184602A916F037
:103D580074FE0BB0F0BD254BDA6A9107DBD4DA6A42
:103D6800002AD8DBDA6A5200D5D55A69A16942F42B
:103D780080725A61BFF34F8FBFF36F8F5A6931F862
:103D8800021C22F480725A61BFF34F8FBFF36F8F0A
:103D98004DF60272914209D09A6AD2B242B101201C
:103DA8000DF10701FFF764FF0346B5E72368B3E7A2
:103DB8009A6A12F47F4F05D001200DF10701FFF731
:103DC80027FFF1E79B6AB3F5803FA4D3FFF7F2FE24
:103DD800EAE700200DF10701E4E700200DF10701F3
:103DE800EDE722F4FF7222F00102ADE700ED00E0FA
:103DF800064B5A6942F010025A615A6942F48062CD
:103E08005A615A6922F008025A61704700ED00E0D1
:103E1800EFF30880EFF3098101B57246FFF756FF0B
:103E280001BD00BF0B4880F3088813F0FDF820207F
:103E380080F3118808484FF40061401880F309881E
:103E4800EFF314800221084380F31488BFF36F8FC7
:103E580016F008FE10770021106C0021084B9B68B3
:103E680083420BD1EFF3058343B1064B5A6842F006
:103E780080525A605A6A22F400425A6215F012BB04
:103E88003060002100ED00E014498A684FF03000EE
:103E98001044EFF3098C80E8F01F202080F312888B
:103EA800BFF36F8F0E4F4FF000664A698A603E601D
:103EB800506F0C4C2060906F0023936780F311883B
:103EC80002F1300090E8F01F8CF3098802F100003D
:103ED80004B516F0D2FDBDE80440704730600021FB
:103EE80004ED00E0B02400211EF0040F0CBFEFF336
:103EF8000880EFF30980816911F8021C0229FFD0BC
:103F080001B5724616F09FFD01BD00BF40B2002802
:103F180007DB01234109034A00F01F00834042F8F0
:103F28002130704700E100E040B200280CDB01229C
:103F38000649430900F01F008240203341F823203E
:103F4800BFF34F8FBFF36F8F704700BF00E100E0F2
:103F5800054B420953F82220012300F01F0003FA01
:103F680000F01040704700BF00E100E040B20028B8
:103F780001F10101ACBF00F16040064B4FEA41116D
:103F8800C9B2ABBF00F5614000F00F0080F8001324
:103F98001954704714ED00E0044B054A23F07F03E1
:103FA8009360BFF34F8FBFF36F8F7047000000011E
:103FB80000ED00E042F8203C009B0B4942F81C3C15
:103FC800019B21F0010142F8183C029B42F8081CB1
:103FD80042F8143C4FF0807342F8043C0023203A26
:103FE80002658367704700BF5D33000100B50D4B64
:103FF80015469860426F0C4B0E461A60436E83F369
:104008000B882C4686F309880020044B98472046E5
:10401800002100220023024C204700008BAA010146
:104028005D33000130600021B02400211022014BD3
:104038001A61704700ED00E0002320210348C218F0
:1040480001331E2B82F80013F9D1704700E100E01C
:1040580008B5EFF30583064A103B02EBC30152F89B
:10406800330049688847BDE80840FFF793BD00BFA3
:10407800BCCA01011FB5094C094A23460121094858
:1040880000F0FAF800230393074B0121E41A01A872
:104098000193029400F0FAF804B010BD0000012169
:1040A80000000021B0CC01011804002110B50C7AE1
:1040B8000B6804F01F0223F01F031A43CB6864093E
:1040C80023F01F03054943EA440343F00103C1F801
:1040D8009800C1F89C20C1F8A03010BD00ED00E0A8
:1040E80010B5074BD3F89030C3F30723013B984230
:1040F80002D8FFF7DBFF10BD6FF01500FBE700BF2C
:1041080000ED00E02DE9F04F0F46144606464FF04B
:1041180000084D4D85B0B84580F29280D6F80490DD
:10412800B9F1000F36D0B9F11F0F40F2878019F0AE
:104138001F0F40F08380D6F800A01AF01F0F7DD122
:10414800504616F0DEFC834609EB0A00013816F0EB
:10415800D8FC834572D11BF1160F6FD05C456DDD1D
:10416800C5F898B0D5F89C10C5F898B0D5F8A03027
:1041780021F01F0143F01F0AD6E900321A44994280
:1041880002F1FF391ED1CA4508D131465FFA8BF0DA
:1041980016F0C0FC08F101080C36BCE73146C5F83A
:1041A80098B0D5F89C3022F01F0203F01F03134388
:1041B800C5F89C30E0B216F0ADFC10F1160F3DD0FA
:1041C800441CE7E7C5F898B0D5F8A020013B23F0D8
:1041D8001F0302F01F021343CA453146E0B2C5F877
:1041E800A030E8D016F096FC10F1160F26D0C5F8CE
:1041F80098B0D5F89C209DF808300AF1FF3A62F390
:1042080004038DF80830D5F8A0309DF808205B0825
:1042180063F347128DF80820D6E90032134400935F
:1042280023F01F035344A3EB0903013023F01F03BA
:104238006946C0B20393FFF753FFBEE76FF015045A
:10424800204605B0BDE8F08F00ED00E00522044BE4
:10425800C3F89420BFF34F8FBFF36F8F704700BF31
:1042680000ED00E0BFF35F8F0022024BC3F89420FB
:10427800704700BF00ED00E010B5034C2278FFF74F
:1042880041FF207010BD00BF6A6000212DE9F74F83
:10429800294D8A4606464FF00008AB46274FD045C1
:1042A8001BDAD6F80490B9F1000F3FD03168084600
:1042B800019116F026FC0199044609EB010001382A
:1042C80016F01FFC84424FF014021D4B08D002FB6D
:1042D80008F36FF015024BF8032003B0BDE8F08F28
:1042E80014F1160F2C60F8D01978A142F5DD02FB05
:1042F80008B0C7F89840C7F89840D7F89C4000F134
:104308000801007B64F304000871D7F8A0000C7959
:10431800400860F347140C71D7F89C1021F01F0176
:104328006960D7F8A01021F01F01296108F1010880
:1043380014350C36B3E700BFB424002100ED00E0CB
:104348006A600021F0B54149414CD1F890302568A8
:10435800C3F307239D4287B075D80020FFF782FF7B
:104368003C4BC1F8C030854216D13B4C01A82570A2
:10437800FFF7E6FB00250646384FAE4213D1002072
:1043880023783249D1F89020C2F30722934254DBB4
:10439800FFF75CFF00202FE0616801EB0011FFF7D9
:1043A80085FE0130DFE70199280101EB0513DA6882
:1043B8003A40B2F5001F21D0B2F5800F2BD0B2F5EC
:1043C800801F38D15A689B680958013B22F01F00AA
:1043D80003440120844623F01F0340EA4C10CDE932
:1043E80002218DF8100002A920780593FFF778FEC6
:1043F80000281DDA6FF0150007B0F0BD5A689B68F9
:104408000958013B22F01F0003444FF0020C012021
:1044180023F01F03E1E75A689B680958013B22F023
:104428001F0003444FF0000C062023F01F03D4E7BD
:1044380023780133237001359FE7C1F89830C1F81C
:10444800A00001339EE74FF0FF30D5E700ED00E014
:10445800BCCC0101AAFF44006A6000210000F0FF03
:1044680008B5024B1B689847002008BDC8240021E6
:10447800034B044A1860937843F002039370704723
:10448800C82400215C00002108B50649064821F02F
:104498000701C1F1045202F5803215F00FFF002028
:1044A80008BD00BF57920021CC24002170B5416996
:1044B8000446867A0A4D59B1437ADB0706D42C2381
:1044C80003FB06535B6A1B689B689847002363617C
:1044D8002C20214600FB0650BDE8704017F0CABDED
:1044E800940300212C22024B02FB0030704700BFCE
:1044F800940300212C21827A054B01FB02339A6A2E
:104508001B7F801A1B3323F00303B0FBF3F07047C3
:104518009403002138B52C24827A064B04FB02331D
:104528005B6AD3E901240C601568FFF7E3FF04FB1D
:10453800005038BD940300212DE9F04385B00546AD
:10454800684690461C46039117F0BAFFDDE90067FC
:10455800EFF31189202383F31288BFF36F8F6B8BDE
:10456800002B41D02A8B9A4225D9002200232846C5
:1045780014F0D4F90446F0B189F31188BFF36F8FB2
:10458800039B002B41D032463B46684617F0BDFFDF
:104598002C21A27A254B204601FB02335B6A03A932
:1045A8001B681D68DDE90023A847606170BB2046D1
:1045B800FFF77CFF24E0698B4B1E6B8389F311881E
:1045C800BFF36F8F2B7F2A8BAC6A1B3323F0030357
:1045D800521A02FB0344154B154AEB1A9B1053431E
:1045E800A3722B7FE372CBE789F31188BFF36F8F38
:1045F80023464246284614F091F904460028BFD1C4
:104608000024204605B0BDE8F0836361012300253E
:104618002381039B29466382E27A656004F11800CE
:1046280018F0EEF863692582E360EAE79403002155
:10463800A38B2EBA70B52C250B4C00B970BD037A2C
:104648004668013BDBB20372002BF7D1C3604360BD
:10465800837A05FB03431B6A13B198473046ECE79E
:10466800FFF724FFFAE700BF94030021064AD2F8B7
:10467800AC3123F00043C2F8AC310022034BC3F83D
:104688004C21D3F84C3170470020014100600141B2
:1046980073B5354BD3E84F3F00233449CDE9003398
:1046A800334BD3F80445BFF35F8FD1F80465BFF3EC
:1046B8005F8FD3F804259442F3D16B46224601213B
:1046C8002B4816F091FA324605460F21274801ABD0
:1046D80016F08AFAE0B1019B0DB9009302E0009A46
:1046E8009342FAD3009B22481C44013CD0F84C3535
:1046F80024F07F449C421F4932D0FFF7B7FFC0F82F
:104708004C451D4B009A9A4218D901230B7001E0C1
:10471800002DE7D1194AD2F8AC3143F00043C2F872
:10472800AC31134BD3F84C2132B90121144A5160F2
:10473800D3F84C3103B1116001230DE0BFF35F8F53
:10474800D0F80435E41A24F07F440E4B033C9C4215
:10475800DBD900230B7000230B4A137002B070BD25
:104768000B78002BF7D0D5E76F60002100100141CE
:10477800006001416D600021FEFF7F0000200141C3
:1047880000B00041FBFF7F006E600021F8B51E49B4
:104798000023C1E8423F52BB1C4B1D783DB30523A3
:1047A8001B4E1C4F34780134B4FBF3F303EB830343
:1047B800E41A16F05FFC184A137823B157F824302E
:1047C800C01A072813D9154BD3F8141141B1002189
:1047D800C3F81411D3F8143134700CB901231370D1
:1047E800347816F047FC47F824002846F8BD0C4AF0
:1047F8000025D2F8AC3123F00043C2F8AC310122D5
:10480800084B5A60F1E700BF6F6000216E6000211D
:104818006C600021D82400216B6000210050004109
:104828000020014100B000410122024BC3F840259D
:10483800704700BF000008415023142213B51E4CD6
:104848000DF10700C4F80C351C4BC3F820214FF4B8
:1048580000621B4BC3F8BC254FF48062C3F83825AF
:1048680012F08CFC174B984223D117499DF807008A
:1048780016F007FC15499DF8070016F007FC1449C7
:104888009DF8070016F0FDFB21469DF8070016F07D
:10489800FDFB01209DF80730984012F069FC4FF4A9
:1048A80000220C4BC3F844230022C3F84C21D3F850
:1048B8004C3102B010BD00BF00B0004100302041B3
:1048C800002001410000AD0B4C610141282001414D
:1048D8002C2101410060014120B1034B800143F0CC
:1048E80001031847704700BF50CC010170B504465A
:1048F800807AFFF7F7FD6169054649B1637ADB07FE
:1049080004D4436A20461B689B6898470023636168
:104918002146284617F0AEFB034B1B681BB1BDE8C8
:1049280070402A20184770BDEC24002108B5034BBD
:10493800186817F094FB002008BD00BFF024002180
:10494800811EC9B21E2938B5044609D80A4820FA7A
:1049580001F1C90704D5094816F0FBF8054610B956
:104968000025284638BD064B013CE4B2195D0C30E1
:1049780016F012F9F5E700BF41000040EC030021F2
:1049880039E40101F8B501280446DDE9067609D0C5
:10499800042804D1144816F0DCF8054620B900258F
:1049A8002846F8BD1148F6E7013CE4B21F2C96BF33
:1049B8000F4B0021195D00F10C04204616F0ECF8AD
:1049C800002FEDD0002EEBD0204616F005F98642D8
:1049D80003D92846FFF72EFEE1E73246394620463E
:1049E80016F0D1F8DCE700BF94030021C0030021D2
:1049F80039E40101038A014623B1034B186883682F
:104A08009B681847122070476C00002110B5084BAE
:104A1800084C1860206817F0EBF930B12068064997
:104A28008368BDE810401B6818476FF0120010BD7E
:104A3800F02400216C0000213549000170B54FF0C9
:104A4800FF320D464FF0FF330021064616F045F9B8
:104A5800044660B91A230A4A0A490B4815F07AFC39
:104A680084F31188BFF36F8F0323184602DF0221F6
:104A780004F10C0016F081F806704570204670BDF0
:104A880059E401018FE4010193E4010110B54FF0ED
:104A9800000E00F1070C541E2CF0030C1860A4B291
:104AA800ACF80020023A93B201FB04F240F802E0AD
:104AB80074B14FF6FF7C03FB011403FB01F22044A1
:104AC800121B013B9BB263458050A0EB0100F8D15B
:104AD80010BD00BF0346006810B102680AB91A6029
:104AE8007047C11D21F00301B1F800C0D11D21F0AC
:104AF80003010CF1FF3CA1F800C0F0E70B687BB1A3
:104B0800073323F003031A88013292B20346D1F81F
:104B180000C043F807CB23F003031A8008607047EE
:104B28000122F3E702FB0100704700BF401A90FB27
:104B3800F2F080B2704700BF531E11449BB242B1DD
:104B4800DB430138CA1811F8013D914200F8013FD2
:104B5800F9D17047014402E010F8013B1BB98842C3
:104B6800FAD1002070470120704700BF106008602C
:104B7800704700BF0A6803460068904209BF0022D8
:104B880000200A601A607047D2F800C0CCF8000014
:104B9800D2F800C0CCF8041010607047884203D0E7
:104BA8001AB1436813607047002070470B6883424E
:104BB80009D02AB1586810601A680A601846704708
:104BC800002BF9D1FAE70023F8E700BF2DE9F041FF
:104BD8004FF00C080C4F0D4E3D4606F130042146AF
:104BE8002846221D0C3CFFF7C1FFA642A5F1080587
:104BF800F5D1A8F1040818F1040FA7F12007A6F1D0
:104C08003006E9D1BDE8F08170250021FC2500219E
:104C180003468C4610B49AB101EB4101144803EBEA
:104C28004304090101EB84010144487A0C7AA0424B
:104C380004BF0130087210BC6146184610F0CABFA4
:104C480001EB41020A4C120100EB400302EB830323
:104C580023449C7ADA7AA24201D010BC7047013210
:104C68009A720122034B5A5410BC11F00BB800BFC2
:104C780078250021F4240021F8B506461C460D4687
:104C880002B322786378D21A12F003023BD1274F7D
:104C980071004FEA450C3144AC44890001EB0C111A
:104CA80001330431DBB27A18606821462370FFF7BC
:104CB8006BFF01221E4B294630465A5510F0E2FF81
:104CC8000020F8BD10F0C8FF0028DAD02946304689
:104CD80010F0A0FF0028D4D005EB450206EB4601F2
:104CE800124F120102EB81023A44907AD27A637829
:104CF80090424FEA46014FEA450C0CD02078C01A82
:104D080010F00302C7D0012A03D00133DBB22370AD
:104D1800CFE71046F8BD2278D21A920702D00233A4
:104D2800DBB22370D4E902039847C9E7782500214C
:104D3800F42400212DE9F04FDFF8689189B019F8C3
:104D48000030002B5BD04FF0000B0324CDE904BBEF
:104D580009F800B08346DFF850A1C0EB001300EB60
:104D680040079B000AEB071703930294B8460023F9
:104D780058F8240FB96A07AA0793FFF70FFF4446AC
:104D88000546CDB1079E96F800807278A8EB020818
:104D980008F00308B8F1010F34D031788A1A02F00C
:104DA8000302012ACBB23CD1D7E9090107AAFFF7D0
:104DB800F5FE0546002DE5D197F82E3097F82F20FF
:104DC8009A4203D087F82F300123049397F82C30A8
:104DD80097F82D209A4203D087F82D3001230593A8
:104DE800029B0C3F5D1EEBB2FF2B0293BED10499D0
:104DF800D846DDF814B011B1BBF1000F47D009B0A7
:104E0800BDE8F08F013A7270079AD2E90202904722
:104E1800079E32787178D3B2521A02F00302012A3F
:104E280023D000222146B86A0193FFF7BFFE7560C0
:104E3800019B717873703278521A02F00302012ACA
:104E48000AD0D7E9090107AAFFF7A8FEB8F1010FB0
:104E5800054696D104460EE0039B71701A1D314633
:104E680028465244FFF790FEEBE707AAD7E9090165
:104E7800FFF794FE0446029B8BB10123594658461E
:104E880009F80B3010F0FEFE09B0BDE8F08F5A4665
:104E98004146404609B0BDE8F04F10F09BBE002CDB
:104EA8008AD0EAE7F4240021782500214B1E8446A5
:104EB800DBB271B100200CF1FF319C4411F8013FC5
:104EC80023B15A1E01301340C0B2FAD16145F5D161
:104ED80070470846704700BF2DE9F04F03260125AB
:104EE800074683B0042138460DF038FD00201F2303
:104EF800D7F800C04FF00108834682462CFA03F425
:104F080008E01C2B40F27E8119294AD04FF0010895
:104F180008461446013BDBB2FF2B49D02CFA03F2BA
:104F280002F0010294420CD0411C0E2BC9B270D978
:104F3800002AE6D01C2B40F26281192931D0904614
:104F4800E6E708F1010E072B5FFA8EFE10D9BEF1D5
:104F5800060F00F24981002A40F03781BEF1060FA2
:104F680000F005811C2B40F2FA800146F046CFE79D
:104F7800002A40F00181BEF1060F40F2EB800122C9
:104F880090469A404CEA020CD14642460BF1010B7E
:104F980001305FFA8BFBC1B2CA4500F09180192934
:104FA800B6D1013305FA03F34AB35B420CEA030CAA
:104FB8000022A04B01A88CEA030302AC019310F86D
:104FC800013B23B1591E01320B40D2B2FAD1A042A3
:104FD800F5D1012A09D91FFA8CF3B3EB1C4F12D172
:104FE8005FFA8CF3B3EB1C6F0DD1013E16F0FF0690
:104FF8007FF478AF6FF00D0003B0BDE8F08F013B90
:105008004CEA030CD4E70020C7F800C003B0BDE8A1
:10501800F08F0AF10109072B5FFA89F900F29180F4
:10502800002A73D1052B5FD914464FF0010E0129D0
:1050380002D02246F0460DE0CCB105FA03F2072B68
:105048002CEA020C88BF002221D9A0421AD00146BE
:105058000E2BA1D91929A4D0B9F10C0FA1D0CA4699
:1050680056E7BEF1060F4ED009B101294BD105FA1A
:1050780003F2072B4CEA020C1AD90C46A0424FF057
:105088000102E4D1611C4FF00108C9B2E0E70BF15D
:10509800FF3BA0425FFA8BFB20D00022CA4517D005
:1050A800014635E74FF0010E01292CD14CF0200CB8
:1050B8000BF1010B88425FFA8BFB06D00122EDE76A
:1050C80009F101095FFA89F9C4E704460122D9E721
:1050D80009F1010901465FFA89F9BDE701300022AB
:1050E8004FF00108C1B257E7BBF1000F19D0052BEB
:1050F800D8D0BBF1010F1AD0042B4FF0010E0DD1FF
:10510800E1B101291AD0F0460022A3E70BF1010B07
:105118005FFA8BFB0124A64689E7D146BBF1020F53
:105128009FD101229A404CEA020CC1E7D1464FF0C8
:10513800010B0BFA03F24CEA020CB9E74CF0100C25
:10514800B6E7002AE6D14FF0010E1C2B3FF472AFF0
:1051580014466CE7052B1FD9BEF1060F07D0014690
:10516800D146002883D00022EFE78B4633D1014691
:1051780022464FF00608CBE60BF10101BEF1060FFF
:10518800C9B2F2D90130C1B2012098409046D14647
:1051980000222CEA000CFFE6BBF1000F08D1012227
:1051A80093469A404CEA020C0446D1465A4669E7AF
:1051B800052B31D0BBF1010F0146B7D0042BACD180
:1051C800BEF1060F0CD0D1469AE7BEF1060FCED03D
:1051D8001C2B3FF6CAAE30B30146D1460122B4E7D4
:1051E8002246F046D14635E74FF0010E0EFA03F19C
:1051F80062B904467246D1464CEA010C42E796462B
:10520800D146A2E7D1464FF0010E9EE70446D146AB
:1052180000222CEA010C35E7BEF1060FA7D028B111
:105228000146D14640E70446D14606E7D14600216B
:105238003CE700BFD6BE898E30B5037E0568FF2BDC
:1052480014D003EB43028B4205EB021225D04FF03A
:10525800000C01E099420BD09E4613789468FF2B0E
:1052680003EB4302A44405EB0212F3D1002030BD46
:10527800714515D013780EEB4E0E4FEA0E1EFF2B1C
:10528800906805F80E3006D003EB430305EB0313D3
:105298009A6802449A60604430BD9E464FF0000C04
:1052A80013780376E6E700BFA2EB010C1CF4000FAD
:1052B80010B4836844690AD12CF07F4C6344A3423C
:1052C8000DD8E21A002310BC836042617047891A26
:1052D80021F07F418B4208D95B1AA342F1D9002201
:1052E8001B1B836010BC426170470C44E21AE9E75B
:1052F8002DE9F8438E462C21244DBDF82C7001FB76
:105308000055696801EBCE00C47811F83E6004F1DD
:10531800010C5FFA8CFC664598BF4FF0000C417891
:1053280061452FD004264FF00208416804EB44047D
:1053380004FA06F901EB041401F809606360089B9C
:105348006270A360099BA782E3600A9B84F80280CD
:1053580023610C9BA361119B63620D9BE3610E9B10
:1053680023620F9BA362109BE36280F803C0D5E918
:105378000837704698472B4631460022B847A07830
:10538800BDE8F8830120BDE8F88300BF3826002176
:105398002DE9F04F427A87B0D0E90045002A00F0A5
:1053A800FB808B4682462746531EDBB205EBC303C0
:1053B80003930595039B5A685E783B460492BBF1BC
:1053C800FF0F64D000250BEB4B044FEA0418CDF80F
:1053D80004B013F808B003EB04144FF0FF0C84F882
:1053E80000C0DAF800709AF8182007EB080962453F
:1053F800D9F8081018BF02960ED1C7E0091A06D1CD
:10540800B9F81E80BEF81EE0F04500F2B380B85D22
:105418009446FF286AD0024602EB420607EB061EB6
:10542800DEF8080036018842E8D9029EBCF1FF0F79
:10543800C9F8081089F8002061D001980CEB4C0CD1
:105448004FEA0C1C07F80C00FF2A06D002EB4202B8
:1054580007EB0217BA68521ABA60A2780132627072
:10546800002DACD04FF00001AA6A2970A97022B1B2
:105478000020E96A01939047019B6268002A9ED147
:10548800AA6ABBF1FF0F2262EA6A62629AD1994660
:10549800039A049F927806EB4601701CB2424FEAC9
:1054A800011CC6B207EB011567D0039B17F80C1057
:1054B8001878B04208BF00260429ECD16A7802EBBC
:1054C800420809EB08146078A1784FEA0818884266
:1054D80019D04FF00003012007F80C30AA6AA87011
:1054E8000AB1E96A9047039B9A78D4E70246BCF16F
:1054F800FF0F029EC9F8081089F800209DD1019875
:105508008AF81800A0E74FF6FE700192AA8A4B4667
:105518008242DAF8141007D04FF6FF70121AB2FA66
:1055280082F2520984F82C20029300234FF6FD7072
:105538006A6AA262EA6862602A6963622262AA8A67
:10554800824288BF1A46A283AA692046A261EA69F4
:10555800E2602A6A2261AA686361A2606A68FFF74A
:10556800A3FE4FF00003E278E38342F00102029BBE
:10557800E27032E70146029E58E7039A05994F46C2
:105588008A42A2F1080307D0039313E707F808201B
:10559800019A8AF8182060E707B0BDE8F08F00BFCD
:1055A80001232DE9F04F447E8FB08376002C40F024
:1055B800B380037E8146FF2B00F0AD800FF0C4FB63
:1055C800D9F81420D9F81C30801A20F07F45AB4256
:1055D80094BF0023012399F81880A346B8F1FF0F60
:1055E800D9F800A0049375D0059408EB48080AEB95
:1055F8000814A3684FEA0818AB426AD8A078ED1AD5
:105608009B4463781AF808801B1ADBB2012B5DD122
:10561800A369A26A0393002A00F0EC801668002EA2
:105628007DD0002B40F08E80049B002B00F007817A
:1056380004230393137A590700F0F680137A6FF363
:1056480002031372E78B7B1C94F82C209BB2E38334
:10565800002A73D0A28B9A4270D2A26A002A00F064
:105668004781137A03F00703012B67D00126002036
:1056780051685060A36A1A7A60F302021A72A0781D
:10568800E7680138A0700FB36369D9F8142094F85B
:1056980003C0ABEB0303134423F07F40626A236922
:1056A8000CF0010C002E40F0B680B4F81EE0CDE9F5
:1056B80000C37346B847039BE683002B049B18BFBF
:1056C80001230493E37866F30003E370B8F1FF0F56
:1056D8008BD1059C99F80B3099F80A209A4208D189
:1056E8000132D2B2022A16BF14460023234689F893
:1056F8000B4009EB8303C3F80CB0D9F8244000250C
:105708004B46012204210320A44689F81A500FB001
:10571800BDE8F04F604784760FB0BDE8F08F039B7B
:10572800002B65D0049B002B88D1D9F81C305B4531
:1057380084D8B8F1FF0F11D1049E98E7A378013BF4
:10574800A370C3E7049B002B7FF474AFD9F81C3017
:105758009B45FFF46FAFB8F1FF0F46D0039BE78B73
:105768009C460793A38B6668BB428EBF3946FB1ADB
:1057780099B201FB066108EB48030AEB0313DDF855
:105788001CE0069199688E452DD3CDE9085BCDF8CC
:105798002880A3468E461446B046CDE90C70CDF855
:1057A8002CC0DDF81CC0CDF81C90DDF80C90986A70
:1057B8009A6910B1006800284FD1002A4DD11B7892
:1057C800FF2B07D003EB43030AEB031399688E44BE
:1057D800E645ECD90D98DDF81C902246DDE90A8CE7
:1057E8005C46DDE9085BCDF80CC0002A00F0978024
:1057F80000263CE7039BA3B1049B002B7FF422AF58
:10580800D9F81C309B45FFF41DAFB8F1FF0FA5D1A7
:1058180004990E4634E7CDE900C34FF6FF73B84745
:1058280054E7039E00212BE7A08BE18B88423FF6CB
:1058380005AF012161F302031372E78B03E7D9F87F
:105848001C305B453FF6F4AEB8F1FF0F53D04FF074
:10585800040CE78BCDF81CC084E7DD8B9F8B5E685A
:10586800BD422AD2002E41D1002CA8D0304626684D
:105878002EB1B9F1000F02D1724496423FD2BD4217
:105888009DD3DA789BF8031002F0010601F00105B8
:10589800AE4204D84A40D50791D400288FD022467A
:1058A800DDE90A8C5C46DDE9085B0C9FDDF81C909D
:1058B800002A32D1CDF80CC0C5E69EB1E81B80B2F3
:1058C800B8F1000F0AD000FB0660401A0699814221
:1058D8002CBF00200120002CC9D1D0E74046002C65
:1058E800C5D1CCE7002CC1D12046CAE72846E7E756
:1058F8000126A07896E70423049E0393B7E6DDF813
:105908001C902246DDE90A8C5C46DDE9085BCDF88F
:105918000CC0002E3FF492AE8CE61668F7E71646E8
:105928001146ADE62DE9F04F837E8FB00390002B32
:1059380040F0AE82437E0C93002B7AD1012103986C
:10594800837AC27A44699A420794417600F01684B1
:105958000B44DBB2022B0ABF0C9A1A4613460126E7
:1059680003998B7201EB8203DA68079B0692134452
:1059780023F07F434B61DDF80CB09BF81830089397
:105988000FF0E2F9DBF800309BF8097001937B1EF9
:10599800DBF80450DBB20590002F00F027850027C4
:1059A80005EBC30AFF230D9604930997A846DAF876
:1059B80004609AF803009AF8029009EB490409F187
:1059C800010348454FEA0417DBB206EB041400F064
:1059D800F9809AF800209A4208BF00238AF802301A
:1059E800F25D6178042A3BD9019801EB410300EB91
:1059F8000315082A4FEA03130293A8786B7822D874
:105A08001B1A13F0FF032DD1062A1CD19BF81B305B
:105A18008B4252D04FF00003F355A370A36A002BBA
:105A2800C7D00020E16A98479AF803009AF80290D4
:105A3800C3E70421446A034601220846A4460FB07E
:105A4800BDE8F04F60474FF00003F3554FF00103F6
:105A5800A370A36A002BACD00120E16A9847A8E79D
:105A68009946AAE7052A1FD162684AB9A2683AB9D5
:105A7800E2682AB922691AB9626932F07F42E2D033
:105A8800012B2AD00421012245465B460846DBF853
:105A980024400992A047AA458AF80290AAF108036F
:105AA80000F096809A4681E7012B00F08481062A4F
:105AB800E8D19BF81B308B42ACD16168DBF814202D
:105AC8008B1A1D0240F19B81069B521A22F07F42DD
:105AD800934294BF00239B1A95E15846FFF7ACFB0D
:105AE800A860059BDBF814E0A3EB0E01069B21F0F0
:105AF8007F411944884240F29781421A6B6873B318
:105B0800A38A63B3013B99B2A182D5F804C0EB8B99
:105B1800624540F290810CF101090A9611E048466D
:105B280001F1E87101F5D43101F5A5712E6A013B47
:105B3800121A891B9BB262456962EB8340F21F828D
:105B4800A18A8B4240F27681696AB248B24E08183F
:105B5800B042E4D86046E9E7DDE90A86A9836368CC
:105B6800A96A1344AB60A2686B6913446B6129B1DD
:105B78000B681BB1D4E901329B1A4B60059A714638
:105B88002846FFF791FBE268AB691344AB612269D1
:105B9800934294BF00239B1AAB61A37D1BB1EA78A3
:105BA80063F30002EA70E37D13B1013B85F82C3002
:105BB800049BDDE9012153546B7862780133049228
:105BC8006B7027E74546AA45AAF108037FF46AAF38
:105BD8000D9E099F0399089B91F818B0BBEB03052C
:105BE80018BF0125002E00F0D281059B079ABBF152
:105BF800FF0FA3EB0203D1F8009023F07F4A5DD09A
:105C08004FF00008CDE909560E46CDF80480D0467D
:105C1800CA46DDF8189006970BEB4B050AEB0514FE
:105C2800A2682D014A4500F2A183019BA178134483
:105C380001936378A9EB02095B1AF169A8EB0208E2
:105C48008A4226BF00214FF0FF32891AE08B28BF15
:105C5800F276F161A16ADBB2002900F086810A6858
:105C6800A769002A00F06E81002F40F06E81022B98
:105C780000F077830022A2601AF805203276616866
:105C8800002940F02581A26A2AB1127A02F007029F
:105C9800012A00F000813BB1012B00D020B1236A1A
:105CA80013B10120616A9847A378637096F818B019
:105CB800BBF1FF0FB0D1069FDDE90956089BDDE96E
:105CC80003415B4518BF35462046FFF761FB4FF09F
:105CD800000CCDE90157D4F800B0039B197EFF29C9
:105CE800084600F0A9830E464FF0FF0800E01E4664
:105CF80006EB46030BEB0317BD6A1B012DB12A7A8D
:105D080002F00702012A00F03E821BF80330B04679
:105D1800FF2BECD1DDE90157BCF1000F00F03D810C
:105D2800089B8B4200F03483002F00F06081084606
:105D3800FF2800F08D83089BFF2B00F07483DDF8AB
:105D48000CA000EB4000DAF8003003EB0013D3F8A6
:105D580008B0BBF1000F00F017830EF0F5FF0A251D
:105D68000446DFF8B8802E4F2E4EDAF81430013D85
:105D7800E21A22F07F42934502F103027ED95A4586
:105D88002CBF9B185B4423F07F494846DAF828204B
:105D980090470EF0D9FF021BA9EB040322F07F42C3
:105DA80023F07F4303329A42814669D9002D00F0DF
:105DB8000E814C46D9E7062A3FF428AE5846FFF72D
:105DC8003BFAAB78A8606B709BF81B2063789A420B
:105DD8007FF420AEF35D062B3FF46FAEFF238BF804
:105DE8001B30F35D062B3FF468AE082B3FF465AE1D
:105DF8000599DBF814208B1A1D023FF565AE069A4B
:105E080023F07F431344DBF81C209A4288BFCBF869
:105E18001C30FFE55A2B17FF592B177F20CD0101A6
:105E280000CE010188CD01016B6900221944091ACD
:105E3800696163E60A9E8B42BFF490AECDE90A869B
:105E4800286A0CF1010909E0E04601339BB2696256
:105E5800EB83A18A424499427FF67EAE696ADFF8F5
:105E6800C082B04E01448844B045EDD8A1F1E87134
:105E7800A1F5D431C846A1F5A571E6E701230C9335
:105E88000023039A5376937E0C9A1A4340F0958028
:105E98000FB0BDE8F08FA378C4F808906370079B33
:105EA800019A20469A18716922F07F42FFF7FCF99F
:105EB800049BCDF810B00AF8053063780133DBB2E3
:105EC800637096F818B0BBF1FF0F7FF4A5AEF2E649
:105ED800A36A23B11B7A03F00703012BDBD0B4F8C4
:105EE8001EC0BCF1000F4DD1B4F81CC0E646D4E981
:105EF8000873481C029000227046059404E08E4600
:105F08000138441C724412D0DFF814E2854C3B443B
:105F18009E44A645F3D8DDF808E0A3F1E8730138FC
:105F2800A3F5D433441CA3F5A5737244ECD1059CA6
:105F380094F82C006362002800F0F680A260A4F8B0
:105F48001EC0ACE7002F3FF495AE022B7FF492AE53
:105F580000287FF48FAE0A7A02F00702012A3FF484
:105F680089AEF76186F81BB084E6A769002F3FF475
:105F780081AE022B7FF47EAE0028F2D07AE60A9E2C
:105F8800A18A58E7A3784FF0000E6370AFE7DDE908
:105F980003412046FFF7FCF9217E089B8B427FF4E2
:105FA800C3AE002F00F02682039B002D40F07A82BA
:105FB8005D769B7E002B3FF46BAF039B01225C6AEE
:105FC80003210420A4460FB0BDE8F04F604740F617
:105FD8006F4342463946304614F0BCF985F31188C0
:105FE800BFF36F8F0323184602DF4C46BDE6039BC1
:105FF80001255A7A5C68531EDBB2002A3FF497AE3B
:10600800CDE9094504EBC3030793079B5E78DA786B
:106018005B68B24270D01C46DDF81CB006EB460641
:106028003301E35C04EB0616012B4ED0022B56D14C
:10603800D6E901C1D6E905A29CF800501746F368D5
:10604800039AFF2DD6F810E0D2F80090D3F800801C
:10605800506902D00A6882425CD04FF00008039A67
:10606800157E0860FF2D2CD0CDE90146CDE904C38B
:106078005646CDF818E0BA460BE0BA6828465346AB
:106088004244B04778B919F80450BB68FF2D9844CA
:106098003BD005EB450409EB0417B9692401002E30
:1060A800EBD10029EFD0DDF818E0BA68DDE9014648
:1060B800DDE904C3BEF1000F02D0796ACEF8001002
:1060C80090448CF80050C3F800804FF00002B36A87
:1060D800B27013B10020F16A98479BF803209BF82F
:1060E80001609BF800300136F6B2B34208BF0026C3
:1060F800B2428BF8016091D1079A0999A2F108037D
:106108008A4200F02C8107937FE7DDE90146DDE94B
:1061180004C3D6E705EB45052A0119F80250A1E7A3
:106128005A2B17FF592B177F90457FF607AF8646E6
:10613800481C0290029C70460B9505E08E467244FE
:106148000130904580B212D9DFF8BCE2AF4D3B4434
:106158009E44AE45F2D8A646A3F1E8737244A3F56F
:10616800D43301309045A3F5A57380B2ECD8059CD3
:1061780060440B9D63621FFA80FCDFE60C9B1E46A1
:106188000693FFF7F8BBBA681C462B46002A40F076
:106198001381D7F818A0BAF1000F15D11A68002A90
:1061A80040F0038140F6C613994A9A499A4814F078
:1061B800D1F8002383F31188BFF36F8F03231846A8
:1061C80002DF4FF0040ABD6A039BDB6904330993BD
:1061D800D5E90031994280F0D3801BF80420A3EB65
:1061E800010EFF2A00F0CC80D645C0F0C9800023FC
:1061F800AEEB0A000490CDF81C80D146A0469C4620
:106208001846CDE90516099C36E0061F6644764512
:1062180028BF76460AEB04039E450CD34E450AD3A5
:10622800BB69002B4AD02B7A1B0747D4B6EB0A036D
:1062380001D0A34251D28B6A23B11B7A03F0070322
:10624800012B31D08B697BB3496869B3043384442B
:1062580003EB0C04BB69002B3DD0297AAEEB0A0393
:10626800090700F1A68000201BF80220FF2A34D07D
:106278000AEB0C09CE4530D302EB42020BEB0211BC
:106288008E68120130440428BFD8BE6986B12E7AC0
:1062980016F00806BED08C6984440434049964441A
:1062A8008C4298BF2346DEE700231BF80220DDE777
:1062B8008B698444043363441C46D4E7002CBAD069
:1062C800A6EB0A06A642B6D3234605994446069E7F
:1062D800DDF81C8006E02346C5E74446DDE90516DF
:1062E800DDF81C80194469601BF80410FF2918BFE9
:1062F8004FF0FF0E01D145E0114601EB41020BEBD7
:10630800021CDCF808001201984280F0C6801BF8D5
:1063180002208E46FF2AA3EB0003EDD1FF29BB60C4
:1063280012D0B8F1FF0F1BF8042079D008EB48030E
:106338001B010BF8032001EB41010B011BF80320A3
:106348000BF804200BF803600222FB8B4FF0010CC2
:10635800013BFB832B7A62F302032B72BDE40A9D97
:1063680022E600287FF486AC0427F4E54B46DDE9F5
:106378000956D21A039BA260069F93F818B09DE4B1
:1063880000236960BB60DFE7039B83F819B014E65C
:10639800002F7FF4D4AC039B5A7A5C68531EDBB29F
:1063A800002A3FF4CCAC65462AE61D464FF0040AA5
:1063B8000AE71946002373E740F6BE13144A174943
:1063C800154813F0C7FF002383F31188BFF36F8FBD
:1063D8000323184602DFD7F818A0BAF1000F7FF49C
:1063E800F2AEBB6A002B3FF4DDAED7E6FF23049381
:1063F800FFF7F0BB039B5A7A5C68531EDBB2002A96
:106408007FF4FEADD0E500BF5A2B17FF592B177F3D
:1064180020CD0101A8CD010188CD010160CD010188
:10642800039B1A7687E70EF08FFC04460EF054FCA7
:10643800039BC8B1187E82E4DDE90157BCF1000F67
:106448003FF4ABAD089BFF2B11D0002F3FF4CFAD2D
:106458000EF052FC0446A8B10023039A5376937EAB
:10646800002B7FF4AAAD13E5187E5C6167E4002F6A
:10647800EED1039B5A7A5C68531EDBB2002AE7D040
:106488006546BDE5039DE8610EF05EFC6C766861CB
:10649800AB7E002B3FF4FCAC8FE5C01A7146CCF8FC
:1064A80008003BE7187E43E4F8B5069E9DF81C50AB
:1064B800089CB8B9154F3A605A1E39727B727E60D3
:1064C800D2B273B106EBC2021146546012F8083911
:1064D8008E4203EB4300A5EB030304EB0014DDB28B
:1064E800F2D10DB10120F8BDFF24099B3C763B6237
:1064F8000A9B7B620B9BBB620EF026FC03467D81E8
:10650800FC76FD617B612846F8BD00BF3826002176
:1065180040B9064A117EFF2901D1107270476FF009
:106528000F0070476FF01500704700BF3826002134
:106538002C22074B10B402FB00335C6A2CB1A44632
:1065480001220321022010BC604710BC704700BF25
:106558003826002110B58AB00C9CDDF834C00094B0
:1065680000240994BDF83C40CDF804C00394109C65
:10657800DDF838C00494119CCDF808C00594129C2D
:106588000694139C0794149C0894FEF7B1FE0AB075
:1065980010BD00BF30B4049C059D039400240495ED
:1065A800BDF818500595079D0695089D0795099D06
:1065B80008950A9D09950B9DCDE90A5430BCFEF754
:1065C80097BE00BF10B4BDF81040049410BCFEF78D
:1065D8008FBE00BF2DE9F84F2C24254F1D4604FB24
:1065E800007708467C68BDF8348004EBC10114F8D4
:1065F8003090CC784E7804F1010C5FFA8CFCE145C0
:1066080098BF4FF0000C66459DF838E09DF844307F
:106618002BD04FF0050B4FF002094E6804EB4404F1
:106628004FEA041A06EB041406F80AB0E3750A9B4D
:106638006270A3600B9B6560E3600C9BA4F81480F8
:1066480023610F9B84F816E0A362109B84F80290E4
:10665800E36281F803C0D7E9083598473B46002232
:106668000421A847A078BDE8F88F0120BDE8F88F7D
:106678003826002110B588B00A9CDDF82CC000949B
:1066880000240794BDF83440CDF804C003949DF865
:106698003840DDF830C004940F9CCDF808C005944C
:1066A800109C0694FFF796FF08B010BD2DE9F04145
:1066B8002C241B4E04FB00660846746804EBC101D9
:1066C80091F803E014F830500EF1010C5FFA8CFCDD
:1066D800654598BF4FF0000C4C7864451CD04FF0CE
:1066E800070802254C680EEB4E0E4FEA0E1704F809
:1066F800078004EB0E14A362069B6270A570E36228
:1067080081F803C0D6E908359847334600220421AA
:10671800A847A078BDE8F0810120BDE8F08100BF5E
:10672800382600212DE9F0412C241C4E04FB00667C
:106738000846746804EBC10114F830E0CC784D7851
:1067480004F1010C5FFA8CFCE64598BF4FF0000C91
:1067580065451FD04FF008084FF0020E4D6804EB56
:106768004404270105EB041405F807806360069BC1
:106778006270A362079B84F802E0E36281F803C0B9
:10678800D6E908359847334600220421A847A0785F
:10679800BDE8F0810120BDE8F08100BF3826002166
:1067A8002DE9F0412C24204E04FB0066084674684D
:1067B80004EBC10114F830E0CC784D7804F1010CF9
:1067C8005FFA8CFCE64598BF4FF0000C654527D072
:1067D8004FF602784FF0020E4D6804EB440427018F
:1067E80005EB041425F80780C4E90123069B84F807
:1067F80002E0E360079B2361099B63610A9BA36135
:106808000B9BA3620C9BE36281F803C0D6E90835B1
:106818009847334600220421A847A078BDE8F081B4
:106828000120BDE8F08100BF382600212C2370B577
:10683800064C03FB00440846D4E90835984723462C
:10684800AC46BDE87040002204216047382600218C
:106858000EF07ABA401A20F07F40704700210148B4
:10686800704700BFDF490100022801D001207047AE
:1068780038B5044608461D4604F04EFB18B10023FF
:106888002B70184638BD204638BD00BF0023037062
:106898000B70704738B5054600200C4603F0BCFE67
:1068A80098B904F00FF910F0060F0ED13DB9084B56
:1068B80044B120681860A2889A80002038BD054B32
:1068C800002CF6D11C609C80F7E70C2038BD00BF77
:1068D8006C260021642600210128034605D8044AB5
:1068E8000448002B08BF104670470020704700BFBF
:1068F8006C2600216426002101280AD8064A074B85
:10690800002818BF1346186808609A8818468A80B5
:106918007047002318467047642600216C26002122
:1069280010B504460CF048F878B90CF0C3FCF8B977
:106938000DF08AFA00282ED10DF0F8FB00283DD181
:106948002046BDE8104012F01BB840F67213254AE5
:106958002549264813F0FEFC002383F31188BFF372
:106968006F8F0323184602DF0CF0A4FC0028DFD049
:1069780040F677131B4A1C491C4813F0EBFC002314
:1069880083F31188BFF36F8F0323184602DF0DF0DE
:106998005BFA0028D0D040F67D13124A12491348FA
:1069A80013F0D8FC002383F31188BFF36F8F032300
:1069B800184602DF0DF0BAFB0028C1D040F6831359
:1069C800084A0949094813F0C5FC002383F31188D4
:1069D800BFF36F8F0323184602DF2046BDE810403F
:1069E80011F0CEBF04CE010140CE010188CD0101D6
:1069F8000860014811F0C4BF1834002111F0C0BF6D
:106A08002DE9F84F294D0B7895F84042472B88BF60
:106A180023469A423ED05C1CE4B2924635F83320B5
:106A2800482C8946834608BF0024002601274FF0DA
:106A38001208028005EBC30319E0012832D0C3F81D
:106A4800048089F8004095F84032472C98BF2346C7
:106A58009A4520D05C1C35F83310E4B2BBF800200E
:106A6800482C08BF0024914205EBC30313D1586892
:106A780060B1FF28E1D9027902F00302013A012A44
:106A88000CD912225A6004F063FADAE701365F6023
:106A9800F6B2D6E700263046BDE8F88F0136012267
:106AA800F6B2EFE70136F6B2CBE700BF9826002131
:106AB8002DE9F047374F3B8898425CD913F0FF0522
:106AC80028D0DFF8D4A0DFF8D4809AF82940DFF87E
:106AD800D0900134E4B20A2C08BF00249AF8283078
:106AE800A34219D04046FDF7F5FF064690B1484647
:106AF800FDF7F0FF002840D006609AF829304AF8E0
:106B080023003B88013D013B15F0FF058AF8294029
:106B18003B80DED1BDE8F0873B88002BFAD04FF0F0
:106B28000008DFF880A01D4D9AF845401C4E01343E
:106B3800E4B2112C08BF00249AF84430A342E9D0EB
:106B48002846FDF7C7FF81460028E3D03046FDF709
:106B5800C1FFC0B1C9F80480C0F800909AF8453068
:106B68004AF823003B888AF84540013B9BB23B80AA
:106B7800002BDCD1CEE70546A3E73046BDE8F04759
:106B88000649FDF7BBBF4846BDE8F0470349FDF796
:106B9800B5BF00BF38290021143200213C2900214B
:106BA800A02A0021E028002104222DE9F84F4FF007
:106BB80000083F4B3F4FDFF800A1981824211646E4
:106BC8009B46A7F81480FDF761FF5346324608211B
:106BD8009819FDF75BFF97F814907C7D0134E4B2B7
:106BE800052C08BF0024A14514D05046FDF772FFBC
:106BF800054678B15846FDF76DFF002853D0C5F813
:106C0800048005607B7D47F82300013E16F0FF06EF
:106C18007C75E3D1294B1C22181D4421FDF736FF52
:106C2800274B2C22181D0821FDF730FF2448FDF7BB
:106C380051FF0446C8B1234A2046111FFDF796FFAD
:106C48001F48FDF747FF0446F0B11F4A2046111FB1
:106C5800FDF78CFF19221D4BFF201A80FFF728FF34
:106C68000AF070F90020BDE8F88F40F64D13184A75
:106C78001849194813F06EFB84F31188BFF36F8F1E
:106C88000323184602DFD6E740F65413104A114989
:106C9800114813F05FFB84F31188BFF36F8F032350
:106CA800184602DFD1E728460349FDF727FFB1E779
:106CB80064320021F832002140320021A02A00214C
:106CC8003C290021342900212C29002138290021C0
:106CD80004CE0101F4D4010188CD01012DE9F04F62
:106CE800DFF88882DFF88892DFF888B2DFF888A2B8
:106CF80087B003AAD8E90001FDF750FF0546002830
:106D080034D0039C002C71D0207804AA02A904F086
:106D1800B7FE0446002855D0DDE90313BDF8082066
:106D28000F7805AEADF80A2005930DF10A0504F0B9
:106D3800B9FE2146059ABDF80A0004F0F9FE20467E
:106D480004F07AFE32462946384604F099FE044695
:106D58000028ECD1D9F8000011F012FED8E90001A2
:106D680003AAFDF71BFF05460028CAD104AA02A9F9
:106D78000DF1070004F06CFE0446002846D0049B81
:106D88009DF807700593BDF8083005AEADF80A30D8
:106D98000DF10A0504F086FE2146059ABDF80A00A1
:106DA80004F0C6FE204604F047FE3246294638461F
:106DB80004F066FE04460028ECD16D4B186811F00B
:106DC800DFFD96E7039B05931B79013B172B20D822
:106DD800DFE803F02F43861F2F1F1F1F1F1F1F1FD2
:106DE8001F1F1F1F1F1F1F1F1F1F7B2F40F61F2343
:106DF8005A465146614813F0ADFA84F31188BFF33F
:106E08006F8F0323184602DF039C7DE707B0BDE8B8
:106E1800F08F40F6C133574A5949584813F09AFA47
:106E2800002383F31188BFF36F8F0323184602DF13
:106E38005FE74E490022D8F80400FDF7B7FE284660
:106E4800504B059993F841320B704F4AFDF79CFE61
:106E5800474B186811F094FD4BE700224349D8F8D6
:106E68000400FDF7A3FE059EB46844B1237803F03F
:106E7800FF07002B6AD02378013BDBB22370337BFA
:106E880023B1012B52D13046F9F7D2FE00273F4AF1
:106E98003773537D117D0133DBB2052B08BF3B46A9
:106EA800994234D03560517D42F821605375002CE9
:106EB8003FF41FAF2378002B7FF41BAFA368002B90
:106EC8003FF417AFE068984713E700222749D8F83E
:106ED8000400FDF76BFE2846059904F0BFFB08E7A0
:106EE800284605A904F0E4FB20490022D8F804004C
:106EF800FDF75CFE059900293FF4FBAE0B792D2BBD
:106F08003FF4F7AE1F4B284693F841329CE740F612
:106F18002F43184A1E49194813F01CFA87F31188A1
:106F2800BFF36F8F0323184602DFC0E740F62843FC
:106F3800104A1349114813F00DFA002383F31188FE
:106F4800BFF36F8F0323184602DF9FE740F6D13364
:106F5800084A1049094813F0FDF987F31188BFF36F
:106F68006F8F0323184602DF85E700BF3029002111
:106F78001434002104CE010148CE010188CD01015D
:106F880064CE0101982600212C290021F832002125
:106F980068CE01014CCE010110B5354B354C86B099
:106FA80018600DF08BFE2378002B5BD002200423A1
:106FB8000C24314A31490592314A00910492314AF0
:106FC80001940392304A0292087408760B700B728F
:106FD800002015212D4AFFF767FA002832D1012237
:106FE80000212B4815F050F80BF078FC044610B13E
:106FF800204606B010BDFFF7D7FD04460028F7D19C
:107008000CF040F904460028F2D103F0AFFA044628
:107018000028EDD10CF016FF04460028E8D103F053
:1070280079FC04460028E3D10DF074F804460028E2
:10703800DED104F065FA04460028D9D101200AF00F
:107048006FFCD5E740F27523124A1349134813F031
:1070580081F9002383F31188BFF36F8F0323184648
:1070680002DFBCE7FDF7B2FD012323709EE700BFF6
:107078001434002170600021355E01017036002152
:10708800515D0101E95C0101303400219036002195
:107098001834002104CE010140CE010188CD010140
:1070A80010B586B003F072FA00283BD103F0BEFC9D
:1070B80000284AD104F026FA002859D100244C4B64
:1070C8002046A3F840420AF02BFC4A494A4A4B4B57
:1070D800A1F800411485A3F84440012221466846DE
:1070E80014F0D2FF464B224621460320C3F808D0AD
:1070F800FDF7C2FD00286BD14FF0FF324FF0FF3390
:10710800684611F077FC03F047FA002850D1FFF7E2
:107118004BFD00283CD10021012006B0BDE81040FD
:10712800FFF7B8BB40F23733364A3749374813F0D0
:1071380011F9002383F31188BFF36F8F03231846D7
:1071480002DF03F073FC0028B4D040F249332D4A23
:107158002D492E4813F0FEF8002383F31188BFF35E
:107168006F8F0323184602DF04F0CCF90028A5D05E
:1071780040F26333234A2449244813F0EBF80023F0
:1071880083F31188BFF36F8F0323184602DF95E757
:107198004FF46B731B4A1C491C4813F0DBF800239F
:1071A80083F31188BFF36F8F0323184602DFB2E71A
:1071B80040F29F33134A1449144813F0CBF80023C4
:1071C80083F31188BFF36F8F0323184602DF9EE70E
:1071D80040F292330B4A0E490C4813F0BBF884F383
:1071E8001188BFF36F8F0323184602DF84E700BFBF
:1071F800982600211033002114320021E0280021B4
:10720800A000002104CE010140CE010188CD01017A
:1072180078CE010108B5FFF743FF0BF08FFB00B1F3
:1072280008BDBDE80840FFF773B900BF2DE9F04F6E
:1072380081468A46364D374F83B005F5107B0023CB
:10724800C9F8003095F8414201AAD7E90001FDF7D5
:10725800A5FC064600284AD0019B59461A78504694
:10726800FFF7CEFB0346002847D195F840228DF85A
:10727800012095F841220DF101010DF102001C4693
:10728800FFF7BEFB044314F0FF040346F1D1019A53
:107298001379012B35D1DFF880802246394678688A
:1072A800FDF784FC304608F10401FDF727FCB8F827
:1072B8000030182B0AD8019801331849A8F8003073
:1072C800FDF71CFC0120FFF7F3FBB8E740F2D3639E
:1072D800134A1449144813F03DF884F31188BFF396
:1072E8006F8F0323184602DFB8F80030E3E7224621
:1072F80050460E49FFF784FB0346184603B0BDE825
:10730800F08F23461846C9F8002003B0BDE8F08F77
:10731800982600212829002138290021A02A0021A7
:1073280004CE010180CE010188CD0101D8280021B9
:107338000023F0B55A4983B0486801AA0193FDF7C4
:1073480035FC044600285CD020465649FDF7D6FB9C
:10735800019A14791D2C06D801235349A3400B40E8
:1073680035D1172C10D040F28D53504A504951480E
:1073780012F0F0FF002383F31188BFF36F8F03230C
:10738800184602DF03B0F0BD117F95683C292C68D0
:1073980046D0527F6AB3A06D18B14749A365FDF77F
:1073A800ADFB94F85E306FF3000384F85E30002084
:1073B80003F088FB0446002003F02EF940EA44005D
:1073C80010F0FF00DED10AF035FB03B0F0BD002C51
:1073D800D8D140F28953354A3849364812F0BAFFB5
:1073E80084F31188BFF36F8F0323184602DF03B0BD
:1073F800F0BD94F83C30626162F3000384F83C30DD
:10740800D5E740F24F43294A2D492A4812F0A2FFF6
:1074180084F31188BFF36F8F0323184602DF93E7C5
:107428006E68F6B100276F60F36D6BB140F2CC4324
:107438001E4A24491F4812F08DFF87F31188BFF3B5
:107448006F8F0323184602DF06F1500106F14C0046
:10745800FDF790FB054698B13068F56503F042FDED
:107468009FE740F2C943114A1749124812F072FFC8
:1074780086F31188BFF36F8F0323184602DFD1E725
:1074880040F2CF43094A11490A4812F063FF85F3D5
:107498001188BFF36F8F0323184602DFDCE700BFB4
:1074A800282900213C2900212900003F04CE0101A0
:1074B80064CE010188CD0101A02A0021ECCE010192
:1074C800F4D40101C8CE0101BCCE0101E0CE010116
:1074D8002DE9F84F0568814625B3DFF89C81DFF870
:1074E8009CA1674F2E4634792D681D2C09D801239D
:1074F800644AA34013EA020B31D1182C4BD0172C45
:1075080018D040F2C76342465146384612F022FF6F
:10751800002383F31188BFF36F8F0323184602DF1C
:10752800002DDFD10023C9F80030FF20BDE8F84F57
:10753800FFF7BEBA337F3C2B68D0022B6ED0EBB17D
:1075480040F2F1534C4A50494D4812F003FF8BF377
:107558001188BFF36F8F0323184602DF34796CB9A3
:1075680040F2476342463846484912F0F3FE84F336
:107578001188BFF36F8F0323184602DF444C23881A
:10758800182B32D80133304642492380FDF7B6FA2A
:10759800002DA7D1C6E7F0880F28C1D803F0B0FCAA
:1075A8000446002849D0E36E73B140F2B663324A0C
:1075B8003949334812F0CEFE002383F31188BFF314
:1075C8006F8F0323184602DF04F1600104F15C00A9
:1075D800FDF7D0FA064600283ED02046E66603F0BE
:1075E80081FC002D7FF47EAF9CE740F2D3634246D6
:1075F80038462A4912F0AEFE002383F31188BFF300
:107608006F8F0323184602DF2388BBE730462149E2
:10761800FDF774FA002D7FF465AF83E7304609F073
:1076280003FC584602F0EAFF00287FF479AF0AF01D
:1076380001FA002D7FF456AF74E740F2B4630E4AA6
:1076480017490F4812F086FE84F31188BFF36F8F35
:107658000323184602DFA6E740F2B963064A114938
:10766800074812F077FE86F31188BFF36F8F032364
:10767800184602DFB1E700BF04CE010164CE010164
:1076880088CD01012900003E10CF01011CCF010166
:1076980038290021A02A002158CF010180CE0101FC
:1076A80044CF0101F4D401010148FDF713BA00BF2A
:1076B8003C2900210149FDF721BA00BF3C290021DE
:1076C8000148FDF707BA00BFA02A00210149FDF7CC
:1076D80015BA00BFA02A0021034B044A93F841328F
:1076E8000B70FDF751BA00BF982600212C29002104
:1076F80008B5064B064A93F841320B70FDF744FA79
:10770800044B1868BDE8084011F03AB998260021E2
:107718002C290021143400210C4991F8442091F8B7
:1077280045309A420AD8A3EB020C5FFA8CFC6045FC
:1077380009D89A4207D051F82200704711339B1A92
:10774800DBB29842F7D90020704700BFE02800213B
:10775800094A92F8441092F845308B4209D04B1CE4
:10776800DBB2112B08BF002352F8210082F8443005
:1077780070470020704700BFE028002108B5134A71
:1077880092F841C292F840E20CF10103DBB2482BB7
:1077980008BF00239E4508D022F83C0002EBCC0C21
:1077A800CCF8041082F8413208BD40F22D73084A23
:1077B8000849094812F0CEFD002383F31188BFF36E
:1077C8006F8F0322104602DF1B80FFDE9826002100
:1077D80004CE010114D6010188CD0101022810B59B
:1077E8000C4602D00B68022B07D04FF0FF324FF047
:1077F800FF33024811F0FEF8206810BD183400214C
:1078080004490A680AB110467047024608601046E3
:10781800704700BF94260021044A136823B1984298
:107828000ABF0021002311601846704794260021E2
:10783800014B1868704700BF9426002104490A6864
:107848000AB110467047024608601046704700BFEC
:10785800DC280021044A136823B198420ABF00219A
:107868000023116018467047DC280021014B186876
:10787800704700BFDC28002130B5056887B02B7839
:107888005BB3044601220021684614F0FDFB144B4B
:10789800C5F80CD0AB602B78FBB10022114B03204C
:1078A80011469C60FDF7E8F938B94FF4004200230F
:1078B800684611F09FF807B030BD40F604030A4A45
:1078C8000A490B4812F046FD002383F31188BFF3E1
:1078D8006F8F0323184602DFE7E76FF07700EAE7C8
:1078E800056A00019000002104CE010170CF01015A
:1078F80088CD0101F0B5254E0C463368174685B092
:10790800002B36D0994215D1022503AB02460093CD
:10791800032100201E4B0395FEF7C8FE02280546EA
:107928000CD0039B022B09D195B133680BB19C4253
:1079380021D014B36FF02D0005B0F0BD4FF0FF3229
:107948004FF0FF33134811F055F8039D002DECD18B
:107958003846FFF791FF33680BB19C4211D0002CD9
:10796800E8D10028E8D010F1780F08BF002005B052
:10797800F0BD3160C8E7002333606FF0770005B0D1
:10798800F0BD35600028D7D0EDE700BF9426002170
:10799800F9690001183400210C4991F8282091F860
:1079A80029309A420AD8A3EB020C5FFA8CFC604596
:1079B80009D89A4207D051F8220070470A339B1A17
:1079C800DBB29842F7D90020704700BF143200217B
:1079D800094A92F8281092F829308B4209D04B1C9A
:1079E800DBB20A2B08BF002352F8210082F82830A6
:1079F80070470020704700BF1432002138B50C468C
:107A0800054604F01FF80346237021462846BDE8C2
:107A18003840014AFDF7B8B8342900210122002076
:107A28001146014BFDF728B98000002170B50C46BE
:107A3800054604F007F80346214623702846054A00
:107A4800FDF7A2F8BDE87040012200201146024B64
:107A5800FDF712B934290021800000212DE9F047F3
:107A68001A4E9DF8209096F801C196F800510CF135
:107A7800010E5FFA8EFEBEF1080F08BF4FF0000E30
:107A880075451ED0144606EB4C1C654680460F46CD
:107A98009A4610685168E368926809F001090FC5B1
:107AA8009CF81C30CCE904A823F0030343EA09033B
:107AB800CCF818708CF81C3086F801E16046BDE8F7
:107AC800F0874FF0000C6046BDE8F08710330021C6
:107AD800054890F8003190F801219A4214BF00EB54
:107AE80043100020704700BF1033002110B4027803
:107AF8000B4C072A94F8013188BF94F800210146FD
:107B080088BF0270934209D0531CDBB2082B08BF10
:107B1800002304EB42100B7010BC70470020FBE7F9
:107B2800103300212DE9F04F444F85B097F80041FC
:107B380097F801310290A3423FD04FF0000A0A257E
:107B4800D34607EB4414CDF80CA0CDF804A0267F4B
:107B5800D4F80C90C6F3400806F00106002D47D073
:107B6800013DEDB2B8F1000F2AD097F8013197F82E
:107B78000041A34221D00134E4B2082C08BF0024FC
:107B8800A34287F8004118D007EB4414E368B8F122
:107B9800000FDCD1002E3AD1019A002A47D0BBF160
:107BA800000F08BFCB46227F9107D0D4D20735D427
:107BB800019A9A4201D09B45C9D105B0BDE8F08F22
:107BC8001F4B4246414602989C60FDF755F8002835
:107BD800CBD040F699031B4A1B491C4812F0BAFB4C
:107BE80088F31188BFF36F8F0323184602DFBCE7C1
:107BF80040F68A03134A1649144812F0ABFB85F382
:107C08001188BFF36F8F0323184602DFA8E7039A92
:107C180082B1BAF1000F08BFCA46C4E7BBF1000F32
:107C280095D1039A9A42C8D09A4590D1C5E7CDF824
:107C38000490B8E7CDF80C90B5E700BF10330021E9
:107C48007000002104CE010170CF010188CD01012F
:107C580078CF0101054B1A7D597D914204D053F824
:107C6800220010B10C30704700207047F832002114
:107C780070B5134A117D537D8B421FD04B1CDBB26C
:107C8800052B08BF002352F821401375B4B1022315
:107C9800002526682371A060256003F0D3FE034603
:107CA8002146084A23703046FCF76EFF0122284619
:107CB8001146054BFCF7E0FF204670BD0024FBE7AA
:107CC800F8320021342900218000002110B5002459
:107CD80082B0CDE90044049B0BF02AF802B010BD35
:107CE800012210B582B00192047F03461440026954
:107CF800D0E9050100940BF01BF808B1773001D1E9
:107D080002B010BD4E23074A0749084812F022FB6B
:107D1800002383F31188BFF36F8F0323184602DF14
:107D280002B010BD80CF0101C4CF010188CD01018F
:107D38000B8A002B3DD030B5054683B001F10C000D
:107D48000C4612F041FF012817D0022803D06FF02B
:107D5800150003B030BD01A9204601F077FA01995A
:107D680019B12B6928461B6898470028F1D120468D
:107D7800FCF760FC002003B030BD002301A92046B9
:107D8800019300F071FC01460028F0D02B692846C9
:107D98001B6898470028DCD1019D002DE7D02846B4
:107DA80001F06AFF03466B710348019914F057F913
:107DB800DDE76FF015007047983A002110B50469A7
:107DC800FFF728FA28B90B48FCF748F8002020608C
:107DD80010BD40F21943084A0849094812F0BAFA96
:107DE800002383F31188BFF36F8F0323184602DF44
:107DF800E9E700BF20080021D8CF010140CE0101EA
:107E080088CD0101F0B505460E46076989B01748C7
:107E180014F0E7F84FF0FF320021154814F034F958
:107E28001348FFF7B9F80446E0B93E60114814F06A
:107E38009CFC104801F036FF002200236FF0070673
:107E4800CDE90623CDE901444FF460720A4B0B4992
:107E58000494009503960A4811F05AF8094908480D
:107E680014F007FA204609B0F0BD00BF983A002187
:107E7800B03A0021883A0021917E000190680021E3
:107E88002008002118D001012DE9F04F05460369AB
:107E980085B0AC4EDFF8B0B2DFF8B0A20193032191
:107EA80030464FF0FF324FF0FF3311F0AFFD80B195
:107EB80004300ED040F239335A46A549A54812F08D
:107EC80049FA002383F31188BFF36F8F0323184601
:107ED80002DFF36803F4FE13B3F5804F00F0C680A9
:107EE800336A03F4FE13B3F5004F00F06181736B3E
:107EF80003F4FE13B3F5803F00F0C8810024F36853
:107F080095486FF39433F360336A6FF394333362B5
:107F1800736B6FF394337363904B1F68D0E8EF3F34
:107F280023F00102C0E8E12F0029F7D1D80704D5D2
:107F3800002200238A49C1E90023002F40F38381EE
:107F4800884B894A1B681268FB1A1344874A1360D6
:107F5800834AD2F80080B8F1000F00F0A58198F8A4
:107F68000590002C40F08A80B9F1040F61D8B9F16E
:107F7800020F00F2018140F2E7235A467C49754816
:107F880012F0E8F9002383F31188BFF36F8F0323FE
:107F9800184602DF09F1FF33012BCDF80C8040F2BF
:107FA800C3814FF41E735A4671496A4812F0D2F9D8
:107FB800002383F31188BFF36F8F0323184602DF72
:107FC8000022039B03A81A60FFF782FA654B1B681F
:107FD800FF1A654B1B681F44644B1F60604B1B688E
:107FE8002BB15B79DA1E012A1ED9052B1AD0002C79
:107FF8003FF455AFDDF80480204612F0AEFD074689
:108008002146002012F0ADFD3B8A0446012B31D9F0
:1080180039462846D8F80030984711F099F9002CCD
:10802800EAD13CE7002FE2D00021524811F046FD8A
:10803800DDE7B9F1050F9ED1002B3FF430AF484A78
:10804800D8F8003013605268904500F063814FF013
:10805800FF324FF0FF330820CDF80C80FCF770FC9E
:1080680004460398214601F06FF9A9E70022336915
:108078009A6043E73846FCF7DDFACEE7A9F1030238
:10808800012A40F20A81B9F1050F00F01181591C4B
:10809800627900F0E0803248511E0068052900F23C
:1080A8004F81DFE801F003031E1E3503042A039401
:1080B80000F2D780022A1BD10121002000220023D0
:1080C80012F00BFE04460398ECB1214601F0BAF910
:1080D8000022039B03A81A60FFF7FAF9DDF8048071
:1080E8008AE70123214A1360002840F0FA800394AC
:1080F80002204FF0FF324FF0FF33FCF721FC04461B
:108108000398002CE1D1046003A8FFF7E1F9C6E663
:10811800002840F0E680002B00F0E38003944FF045
:10812800FF324FF0FF330820FCF70AFC044603989F
:10813800214601F009F90022039B03A81A60FFF702
:10814800C7F954E7B0000021D8CF010148D0010198
:1081580024D0010188CD0101D03A0021FC3A002148
:1081680018080021F83A0021F43A0021843A002145
:1081780064CE0101883A0021D8F80020794B1A60B2
:108188005B68434509BF7749CDF80C804A60039383
:1081980002204FF0FF324FF0FF33FCF7D1FB0446CB
:1081A800002C3FF40DAF2146039801F04BF907E787
:1081B800706A0022002310F01DFC002840F09A800D
:1081C8002F69DFF8A48123E073B140F2D9135A462E
:1081D8005146404612F0BEF8002383F31188BFF3DE
:1081E8006F8F0323184602DF4FF0FF334FF0FF3243
:1081F8000021132012F071FD22460446BDF80A1032
:1082080001F022FD284621463B68984711F0A0F866
:108218000DF10A0103A8FFF709F8039B044600289B
:10822800D2D1002B3FF46AAEFFF782F8039C2046B8
:1082380001F022FD607103994C4813F010FF039B75
:10824800002BE5D15AE64FF0FF33494A1360002C62
:108258003FF425AE6279042A03945ED9052A3FF4D7
:108268005EAF4FF41E735A4642493F4812F072F807
:10827800002383F31188BFF36F8F0322104602DFB8
:10828800039A03A81360FFF723F908E6B06B0022EE
:10829800002310F043FB044631E60021364811F074
:1082A8000DFC334B1B68F2E6002C7FF4F0AEF6E5CC
:1082B800002BF2D16279531E052B41D801A151F848
:1082C80023F000BFB5800001B5800001E582000100
:1082D800E5820001EB820001B58000010123244AF8
:1082E8001360002323601F4B5B68CBB11C601D4BE0
:1082F8005C60D4E540F245335A4620491A4812F0EA
:1083080029F8002383F31188BFF36F8F03231846DE
:1083180002DF55E7134A536099E6002AA1D0C9E65F
:10832800104BC3E90044BAE5B9F1020F7FF430AF4E
:10833800002001210022002312F0CFFC04462FE781
:1083480040F29E230E4A0B49074812F003F8002317
:1083580083F31188BFF36F8F0323184602DF03945A
:108368007FE700BF1808002188CD0101983A002155
:10837800843A002164CE0101883A00213CD00101F1
:10838800D8CF010110B510F093FF054C204613F02B
:1083980034FE204613F025FEBDE8104010F09CBFC7
:1083A800983A00212DE9F047DFF8A090D9F800802D
:1083B800B8F1000F35DB82460F46164610D000256F
:1083C800234C21460622304614F022FA18B914F834
:1083D800013CBB4228D00135A84504F10804F0D17E
:1083E80001201C4DD6F800C02A681B4BD400611C24
:1083F80043F801C0B6881944B8F10F0F8E8000FA0F
:108408000AF003F832702344D871DBBF08F1010386
:108418001A460132C9F80030102A0ABF00232A6020
:108428002B600020BDE8F0870B4B03EBC503DA791E
:1084380022FA0AF1C90702D50120BDE8F087012117
:1084480001FA0AF10A43DA71EBE700BF043B0021A5
:10845800093B0021003B0021083B00212DE9F041A8
:10846800194C6468A40004D59046184A126812078B
:1084780001D4BDE8F08103F10C0405460E46204600
:10848800022112F07AFB40F63E4301210380204688
:1084980012F073FB042203460B2120461A7012F0D7
:1084A8006CFB0570A0F801803DB97268B368C0F82C
:1084B8000320C0F80730BDE8F0810027C0F803703A
:1084C800C0F80770BDE8F081080000210000002115
:1084D800F0B50138144687B011280AD8DFE800F053
:1084E800233E54090966097899AC0909090909095B
:1084F800090D6FF0150007B0F0BDCB68DA789978F0
:10850800188808F05DFB554B06460121188812F0C3
:10851800E7FB012105460C3012F02FFB06702560A1
:10852800002007B0F0BD4D4B0D21188812F0D8FB84
:108538000D2120600C3012F020FB00234FF48061E5
:108548000222474C0370C0F80140A0F80510C27120
:10855800037243728372C3720373E1E73F4B412195
:10856800188812F0BDFB412120600C3012F005FB89
:10857800002104463E2200F8031B14F041F940F2A2
:10858800A733A4F80130CBE7344B0921188812F03F
:10859800A7FB092120600C3012F0EFFA00220346F5
:1085A80003F8012BC0F801205A60B9E7C968002018
:1085B800FEF770F9294B0121188812F091FB01216F
:1085C80005460C3012F0D9FA002303702560A7E79E
:1085D800244E01AD0FCE0FC5204F336812213888C5
:1085E8002B7012F07DFB122120600C3012F0C5FABE
:1085F80000230446064695F800C004F8013B01AD87
:108608000FCDC6F801006160A260E36084F810C075
:1086180086E7124B1821188812F062FB1821206097
:108628000C3012F0AAFA00230446012100F8023B9C
:108638000CF0C8FA607073E7084B2121188812F013
:108648004FFB212120600C3012F097FA00230146DD
:10865800013001F8113B0CF005FB61E76460002173
:108668000200030074D0010100232DE9F0418CB011
:108678000793038A022B35D904460E460C30032192
:1086880012F09AFA228A83789A422BD30088CC4F28
:10869800C0F38523082B1FFA80FC3880C0F3090536
:1086A8000DD8C3B1013B072B15D8DFE813F0200024
:1086B80014002C001D013701140014007A003F2B10
:1086C80009D12146284607AAFFF702FF163040F0D5
:1086D8009B85B7F800C0012160460CB0BDE8F041A9
:1086E80012F010BB002528460CB0BDE8F081062D1D
:1086F80000F051851D2DEED1E368188802F0E2FDE7
:1087080001463888E9E7352D00F240812C2D00F22A
:108718002381012D00F07A81032DDCD14FF0FF3148
:10872800A84A1F2011600021A74A4FF0FF3441F6E4
:10873800FF75C2E9000100200021A44BA44EC3E943
:108748000045A44B0024C3E90001FEF7A9FC012160
:10875800388812F0C5FA012105460C3012F00DFADE
:1087680003469D4A07959D4F9D4D1C7014602146F8
:1087780020229C483C6034602C6014F041F89A4BED
:10878800D3E8EF1F41F00101C3E8E21F002AF7D147
:10879800964B1868214611F091F9FFF7F3FD079DF4
:1087A800A1E7681E4D2896D801A353F820F000BF12
:1087B8008D910001699100011B910001DF86000184
:1087C80011910001DB900001BF900001B3900001FE
:1087D800A79000019D900001859000015390000131
:1087E800D58F0001CD8F0001AB8F0001A58F00014F
:1087F8009D8F0001958F0001718F0001698F000125
:108808003D8F00012D8F0001F18E0001CF8E0001F8
:10881800B78E0001A78E0001978E0001778E0001A8
:10882800DF860001DF860001DF8600015B8E000124
:10883800278E0001DF860001DF860001DF86000148
:10884800DF860001DF860001198E0001118E00010C
:108858000B8E0001EB8D0001B98D0001878D0001A1
:108868007D8D00015D8D0001DF860001058D000111
:10887800BF8C00016B8C0001DF860001DF860001E0
:10888800DF860001DF860001DF860001DF86000148
:10889800DF860001DF860001DF860001DF86000138
:1088A800DF860001DF860001DF860001DF86000128
:1088B800DF860001DF860001DF860001DF86000118
:1088C800DF860001DF860001DF860001DF86000108
:1088D800DF860001DF860001498C0001DF86000188
:1088E800DF860001298C0001681E08283FF6F3AED8
:1088F80001A353F820F000BFD18A00017F8A00014C
:10890800598A0001DF860001DF860001DF86000149
:10891800DF860001DF860001398A0001052D7FF41A
:10892800DAAEE368604604211E8812F0D9F9042102
:1089380005460C3012F021F90446B7B23846E11C5E
:1089480002F054FDA4F80160207000285BD1E378A0
:108958005B425BB2E370C6E6A5F12D0008283FF63E
:10896800BAAE01A353F820F0558B0001DF86000151
:10897800DF860001DF860001FB8A0001DF86000137
:10898800F38B0001DF860001878B00017B2D00F04F
:1089980022847C2D2CD1E3681E885988B0B202F05D
:1089A80079FD03210446388812F09AF90321054617
:1089B8000C3012F0E2F80470A0F8016093E600BFF2
:1089C80064600021043B0021000000210800002110
:1089D800F83A0021A0080021C83A0021FC3A0021F9
:1089E800F43A0021D43A0021D03A0021CC3A0021AF
:1089F800632D7FF470AEE268B64B1168604619606B
:108A08005268012109E07F23E3706CE6E268B24B0B
:108A1800116860461960294652685A6012F060F978
:108A2800012105460C3012F0A8F8002303705AE61D
:108A38006046072112F054F9072105460C3012F060
:108A48009CF80146002001F8010BFDF755FF4AE6A6
:108A58000921604612F044F9092105460C3012F04C
:108A68008CF800220346602103F8012BC0F801208E
:108A78005A60417137E66046412112F031F94121CF
:108A880005460C3012F079F8002104463F2200F820
:108A9800021B13F0B5FEC0238022E42142F22820F5
:108AA800A3710423E270E17220224FF49061A4F8CC
:108AB8000F00E37589488A4BC4F81A00A4F82710F8
:108AC8006270C4F821300EE60921604612F008F9F8
:108AD800092105460C3012F050F800234FF450617C
:108AE8000D22804C0180C0F805408370C37002716C
:108AF800F9E5E368012160461E7812F0F1F80546B1
:108B0800794C01210C30079512F037F82368002BB7
:108B180000F05D83754B1B68002B40F05883037091
:108B2800002E00F08683012E5CD12368002B3FF7CE
:108B3800DAAD00216E4B6F4E20226F48196031600C
:108B480013F05EFE23685B422360CCE5E368604671
:108B580004211E8893F8028012F0C2F80421054609
:108B68000C3012F00AF80446B7B2424639460220E1
:108B7800E31CFDF779FEA4F801602070B3E55A4BB9
:108B8800E5681B68002B40F31983584B1B6803B337
:108B98002C78002C00F03B830020574E04460346F7
:108BA8000CE036F811309A42A3EB020311D826F8EC
:108BB80011302A78C3B29A4240F2298305EB830325
:108BC800B3F80110B3F803200F2900F10100144491
:108BD800E7D90121604612F083F8012105460C30DF
:108BE80011F0CBFF122303707DE5E3680121604695
:108BF800B3F803401E8812F073F8054601210C30C3
:108C0800079511F0BAFF384A1368002B40F0DF824D
:108C18001A2EE7D90A2C28BF0A246442146062E598
:108C2800E068C17908F032FE01210446388812F064
:108C380057F8012105460C3011F09FFF047052E5EA
:108C48006046032112F04CF8032105460C3011F060
:108C580094FF00230146013001F8023BFDF716FEA0
:108C680041E5E36899781888CA07B3F8054003D541
:108C7800DA7842F00702DA708E0703D51A7942F0E3
:108C880007021A71D9781B7941EA0302072A00F210
:108C9800D6824D0700F0CA825A0700F0C78214F046
:108CA80003021CBF04F1FF3404F0010202F05EFB72
:108CB8000146388811E5E3681A78D00744BF0721D0
:108CC8005970910744BF07229A709978587802F032
:108CD80041FBA9E7A008002108000021F7FFFF0FCA
:108CE8003030F877F105FFFFFC3A0021C83A00213F
:108CF800F43A0021F83A0021D43A0021E3686046AA
:108D080005211E8811F0ECFF052105460C3011F0F5
:108D180034FF0446B7B2221DE11C384602F0F6FAC9
:108D2800E3782179002B93FAA3F391FAA1F2B3FA2D
:108D380083F308BF4FF0FF330029B2FA82F208BF6D
:108D48004FF0FF3201330132A4F801602070E37064
:108D58002271C8E4E368188808F08EFD012138887C
:108D680011F0BEFF012105460C3011F006FF00226C
:108D78000270B8E4E368187808F066FD54E7E36821
:108D88000721186808909A889B796046ADF82420D6
:108D98008DF8263011F0A4FF072105460C3011F09C
:108DA800ECFE044608A8611C08F01CFD20709AE43B
:108DB800E3680721186808909A889B796046ADF89F
:108DC80024208DF8263011F08BFF072105460C3042
:108DD80011F0D3FE044608A8611C08F0C5FC2070F9
:108DE80081E46046022111F07BFF022105460C3028
:108DF80011F0C3FE044608F061FB00236070237085
:108E080071E408F05DFB0FE7E06808F09DFB0BE7F5
:108E1800E06800F11702C11D08F0FEFF04E7002317
:108E28000221E26816889278CDE90233CDE9003351
:108E3800B0B202F077F904460321388811F050FFE8
:108E4800032105460C3011F098FE0470A0F801606B
:108E580049E40022E4680221268863880392258970
:108E6800B0B20295E5880195A4880094E1E709214C
:108E7800604611F035FF092105460C3011F07DFEE2
:108E88000022C94CC9490460416002722BE4E368BE
:108E980000221E880621B0B207F080FECBE7E26808
:108EA800002132F8026BB0B207F078FEC3E7E16840
:108EB80001F10C0301F10A0231F8020B07F064FF1B
:108EC8000146388809E46046092111F009FF0921A3
:108ED80005460C3011F051FE0023082100F8013B33
:108EE80009F03CFDFFF7FFBBE168002308AA08462C
:108EF80010310CF0FDFF1121388811F0F1FE11211D
:108F080005460C3011F039FE00230646074606F8E0
:108F1800013B08AC0FCCC7F801007160B260F36088
:108F2800FFF7E1BBE368188802F0A6F90146388824
:108F3800FFF7D3BBE368604608211E8811F0D0FE16
:108F4800082105460C3011F018FE0446B7B2384621
:108F5800E11C02F031F9A4F801602070FFF7C3BBEF
:108F6800E06807F0D9FF5FE60022E1684B880888CF
:108F780003920C890294CC88019489880091114647
:108F880002F0D0F801463888FFF7A7BBE06808F080
:108F9800FBF949E6E06808F061F945E608F034F9BC
:108FA80042E66046022111F09BFE022105460C3084
:108FB80011F0E3FD00230370044608F023F9607004
:108FC800FFF791BB304607F091FE2DE643F6FC72A1
:108FD800E46820886188031F9BB29342B4F80F505D
:108FE800B4F81160B4F813E000F220810B1F9BB2B3
:108FF800934200F21B8140F67A42AB1F9BB2934228
:1090080000F21481B6F5FA7F80F0108140F67642BE
:10901800AEF10A039BB2934200F20881731C9BB223
:1090280005FB03F3B3EB8E0F80F20081637922799D
:10903800CDE9036E0295257B063401950094F8F777
:109048001FFC01463888FFF748BBE36818780028FA
:1090580000F0E9805B78002B00F0E58000221346E1
:1090680053490A60534A136001F084FC04460C2CEF
:109078004FF0010108BF00243888D8E5E468637917
:10908800B4F80320B4F801102078A4790094F7F715
:10909800FFFBC9E5E3681878F7F7CAF9C4E5E168A2
:1090A80011F8010B01F0E2FBBEE5E16811F8010BD4
:1090B80001F06EFBB8E50221604611F011FE0221B5
:1090C80005460C3011F059FD002202704270FFF77E
:1090D8000ABBE4682179208801290AD0638898426C
:1090E8003FF677AD1F287FF674ADB3F5804F3FF696
:1090F80070ADA57BA37962790295657B07340195EC
:10910800009401F03FF98FE5E1680120FDF7C2FB0B
:109118008AE56046092111F0E3FD092105460C3076
:1091280011F02BFD0024034603F8014BC0F8014061
:109138005C600646FDF792FB23460A4661F3070387
:10914800C1F30721120C61F30F2362F31743120ACC
:1091580062F31F63C6F80100C6F80530FFF7C3BA0B
:109168000421604611F0BCFD042105460C3011F0C5
:1091780004FD1B2400220721027044708270C17014
:10918800FFF7B1BAE2680C4B116852681960604683
:1091980001215A60E4E5E3689978188802F032F80A
:1091A80001463888FFF799BA00FFFF3FFFFF030029
:1091B800003B0021043B0021000000210121604602
:1091C80011F08EFD012105460C3011F0D6FC0C2360
:1091D8000370FFF788BAE36808A91E88B0B202F0E6
:1091E80021F905210446388811F07AFD0521054644
:1091F8000C3011F0C2FC0470A0F80160BDF82030FA
:10920800A0F80330FFF76FBA079DFFF76CBA0D4A55
:109218000D491368086823441360002110F04EFCC0
:10922800079DFFF760BA4FF0FF331BE71221FFF7E6
:1092380053BA2368002BBFF67CACFFF754BA112150
:10924800FFF74ABAF43A0021CC3A00212DE9F84355
:1092580000230B60038A032B2ED9054688460C3061
:10926800042111F0A9FC2B8A4788B0F80090BB4272
:1092780022D31B2F20D801F065FE4FEA193633465A
:109288000446F8B19B0817D1D6B1012E14D1237921
:10929800677166F301032371E9683A46E01D13F02C
:1092A80088FA2146C9F30B0001F058FE08B9BDE859
:1092B800F883204601F04CFE6FF01500BDE8F883F6
:1092C8000226E4E70F4B1B689B0117D54FF0FF32CE
:1092D8004FF0FF330220FBF733FB0221C8F80000F0
:1092E8000C3011F04AFC4FF48D730380D8F800005D
:1092F80001210C3011F041FC012303706FF068006C
:10930800D5E700BF08000021F8B50E4B1B68DB0647
:1093180000D4F8BD02F10C0407460D462046022190
:1093280011F02BFC40F20542034604211A80204626
:1093380011F023FC0026A0F8015006703A78C2709C
:10934800F8BD00BF0800002170B5037FC68803F090
:109358000303013B012B0FD942F2D333304A314981
:10936800314810F0F7FF002383F31188BFF36F8FA4
:109378000323184602DF70BD01F10C0504460421E1
:10938800284611F0FAFB0346227F02F00302022A64
:109398000CBF46F4005246F480520280627F284691
:1093A8005A80617F11F0E9FB627F04F11F0113F01D
:1093B80000FA1E4B1A68002ADDDD1D4C1D49236882
:1093C8000968591A91421AD201330F2E236006D820
:1093D800194A32F81630013322F8163070BD42F2BD
:1093E800CC330F4A1549104810F0B4FF002383F31B
:1093F8001188BFF36F8F0323184602DFE8E742F2B4
:10940800C633074A0E49084810F0A4FF002383F327
:109418001188BFF36F8F0323184602DF2368D3E751
:1094280088D0010164CE010188CD0101FC3A0021F8
:10943800F83A0021F43A0021D43A0021F8D0010189
:10944800C4D001012DE9F04F90F804C00446BCF1E6
:10945800030F0D46C68889B000F11C071FD0ACF178
:10946800050CBCF1180F30D8DFE81CF041002F00C4
:109478002F002F002F002F002F002F002F002F006C
:109488002F002F002F002F002F002F002F002F005C
:10949800BD001C01330166017D019101C801C37F34
:1094A800033B0E2B00F2E381DFE813F07502E101C4
:1094B800E10115026B02E101E401E101E1012E0283
:1094C8004E02E101ED01E1011E0042F2C323C14A4F
:1094D800C149C24810F03EFF002383F31188BFF34F
:1094E8006F8F0323184602DF09B0BDE8F08FBC4A2E
:1094F800037E92E803000A0C8DF81E20227FA67EC8
:109508005B42ADF81C10510694F8198006905FB2C2
:10951800C6F3400600F16882B24B4FF000095B6861
:1095280003F00053002E40F0AE82002BDCD0AE4B8F
:109538001B689B07D8D5207F04F11E09C0F3801152
:109548004A4600F00F00FEF72DFF0028CCD1237FFC
:1095580003F00F03012B00F05F83637FA3F1060A7A
:109568005FFA8AFA56469A1D0533DBB25FFA82FB28
:1095780005930C350221284611F0FFFA4FF03E0CF6
:109588000346012183F800C0284683F801B011F092
:10959800F4FA0222034605991A70284611F0EDFAEA
:1095A80001230370237F054603F00F0320336B4428
:1095B80013F8083C437007F081FF804580F01F8353
:1095C8004046EA1CA91C07F02FFFAB780233AB70AA
:1095D80085F809A00A353246284604F1240113F01B
:1095E800E8F8AF5580E7F80700F10F82277F002FD2
:1095F80000F002827B4B5B6899007FF575AF40F203
:109608000122794B1B68134203F400783FF46CAFD6
:109618000C35002F40F01482744A1368013313602C
:10962800B8F1000F00F092820221284611F0A5FA45
:1096380041F63E7301210380284611F09EFA0A2262
:1096480003461E211A70284611F097FA0770A0F8F1
:109658000160637FC370A37F0371D4F81F30C0F823
:109668000530B4F82330A0F80930D4F82B30C0F80E
:109678000B30B4F82F30A0F80F30D4F82530C0F8EC
:109688001130B4F82930A0F81530638EA0F81730DF
:10969800A38EA0F81930E38EA0F81B3094F8383068
:1096A800437721E70A4638463146FFF72DFE0F2E4D
:1096B8003FF61AAF00204E494E4A0C6832F8163071
:1096C80022F8160023440B6048490B68013B0B60E5
:1096D8000AE7444B4FF000085B689A007FF504AF37
:1096E800414B1B685B077FF5FFAE0C35022128460E
:1096F80011F043FA40F63E2301210380284611F079
:109708003CFA4FF0030903460921284683F80090E4
:1097180011F033FA0546F80700F16382237FA5F8B4
:1097280001602B70E38BA5F80330238CA5F8053076
:10973800638CA5F80730D7E62A4B00245B68190428
:109748007FF5D2AE0C350221284611F016FA4FF4F7
:109758004C720346032128461A8011F00EFA047051
:10976800A0F80160C0E6244B1B681A027FF5BCAE66
:109778000C350221284611F000FA40F25722034620
:10978800022128461A8011F0F8F90680ACE6154B3C
:109798005B689B007FF5A8AE134B1B681F037FF522
:1097A800A3AE0C350221284611F0E7F940F23E42FB
:1097B800034601211A80284611F0DFF914220346D6
:1097C80003211A70284611F0D8F90680237F837088
:1097D8008AE600BF88D0010164CE010188CD01016D
:1097E80028CC01010800002100000021C83A00210E
:1097F800F43A0021D43A0021A0080021CD4B5B683F
:1098080098007FF571AECC4B1B6819057FF56CAEDF
:109818000C350221284611F0B0F940F23E620346A9
:1098280001211A80284611F0A8F90C2203460521C7
:109838001A70284611F0A1F9237FA0F8016003707F
:10984800627F92FAA2F3002AB3FA83F308BF4FF0BB
:10985800FF330133C370A27F92FAA2F3002AB3FA4E
:1098680083F308BF4FF0FF33013303713CE642F244
:10987800A7332CE60B4632463946002009B0BDE82E
:10988800F04FFEF7EBBDAB4B5B689A0040F1CD8023
:10989800A94B1B689B0640F1C8800C35022128465D
:1098A80011F06BF940F63E32034601211A80284632
:1098B80011F063F9062203460A211A70284611F0AE
:1098C8005CF90680238C4380638C8380A38CC380DF
:1098D800E38C038108E6974B00241B681F067FF57D
:1098E80003AE0C350221284611F047F94FF4816286
:1098F800034604211A80284611F03FF90123047019
:10990800A0F80160C370EFE58A4B00271B681805B3
:109918007FF5EAAD0C350221284611F02EF940F604
:109928000C02034608211A80284611F026F9077010
:10993800A0F8016094F82030C370B4F82130838017
:10994800B4F82330C380CFE57A4B90F820401B68E9
:1099580019067FF5C9AD0C350221284611F00DF91D
:109968004FF48162034604211A80284611F005F954
:10997800002C08BF1F2400230470A0F80160C370E6
:10998800B2E590F820300E2B7FF4AEAD0B46324690
:1099980000211A2072E7674B5B689A007FF5A4AD37
:1099A800654B1B68DB067FF59FAD0C350221284609
:1099B80011F0E3F840F63E52034601211A8028468A
:1099C80011F0DBF8052203460C211A70284611F025
:1099D800D4F8034623F8026B216A626AC0F80210C1
:1099E8005A60238D43817FE500214246084604F1F1
:1099F8001E0307F059FE8FE5FF22A07F04F125031F
:109A080004F11F0107F050FEF4E542F2CA034B4A85
:109A18004B494C4810F09EFC002383F31188BFF398
:109A28006F8F0323184602DFE0E500231A22022184
:109A38003046CDE90233CDE9003301F073FB53E53D
:109A4800B8F1000F40F0B2800221284611F095F8D5
:109A580041F23E32034601211A80284611F08DF862
:109A680001220346122128461A7011F086F8C0F820
:109A78000180C0F80580C0F80980C0F80D8080F822
:109A88001180077030E5002B3FF42EAD2A4B1B6880
:109A98005A057FF529AD207F00F00F03012B0ED06A
:109AA80041F66113254A2849264810F053FC89F3EA
:109AB8001188BFF36F8F0323184602DF207F04F15C
:109AC8001E06C0F38011324600F00F00FEF76AFC54
:109AD80000287FF409AD0C350221284611F04DF815
:109AE80041F23E2301210380284611F046F80B225B
:109AF800034611211A70284611F03FF840F201136D
:109B08000380054607F0DAFC804580F08B804046EC
:109B1800EA1CA91C07F088FCAB780233AB70237FE2
:109B2800C3F3C0136B72636AC5F80A30238D2F74B0
:109B3800EB81D9E4080000210000002188D0010150
:109B4800ECD1010188CD0101C4D1010102212846CF
:109B580011F013F841F23E3301210380284611F039
:109B68000CF80122034612211A70284611F005F854
:109B78000770A0F80160637FC370A37F03F001033F
:109B88000371D4F81F30C0F80530B4F82330A0F8BA
:109B98000930638EA0F80B30A38EA0F80D30E38E49
:109BA800A0F80F3094F8383043749DE40221284619
:109BB80010F0E3FF41F63E72034601211A80284661
:109BC80010F0DBFF0A2203461E211A70284610F007
:109BD800D4FF04461D220021013012F011FE277027
:109BE80082E442F25313154A1549164810F0B2FBA5
:109BF80088F31188BFF36F8F484602DF8EE5237F15
:109C0800C3F38013AB70D4F81E30C5F80330B9F82D
:109C18000430A5F80730DBE40B234FF00C0BB246F9
:109C28000593A6E4237FC3F38013AB70D4F81E30EA
:109C3800C5F80330B388A5F8073070E788D001016C
:109C480028D2010188CD010170B500F10C040E463F
:109C580020460221154610F090FF40F213520346A9
:109C680005211A80204610F088FF0123A0F8016022
:109C78000370A0F8035070BD0379032B08D0053B8F
:109C8800DBB2182B01D900207047054AD05C704719
:109C9800037F03F00303032B14BF05200420704740
:109CA80064D201014FF0FF3238B54FF0FF3441F66E
:109CB800FF75114B00211860104B11481A60114BA9
:109CC800114AC3E9004500240025C2E900451F24C4
:109CD800002501600D480E4B01600E4820220160EE
:109CE8000D48C3E9004501600C4812F089FDBDE844
:109CF8003840FEF747BB00BFCC3A0021043B0021A7
:109D0800C83A002108000021A0080021FC3A0021DF
:109D180000000021F83A0021F43A0021D43A002149
:109D280030B583B0079D1A4C1A4B2C1BA408A3FB13
:109D38000434C4F3C704DCB9A21C01210020164B6B
:109D48000095D2B2FCF7B2FC10F0FD0F0ED040F631
:109D5800E613124A1249134810F0FCFA002383F361
:109D68001188BFF36F8F0323184602DF03B030BD9D
:109D780040F6E113094A0C490A4810F0EBFA0023AF
:109D880083F31188BFF36F8F0323184602DFD3E7ED
:109D9800BC3B0021F712DA4B4D9E000180D2010135
:109DA800CCD2010188CD0101C0D20101F8B5056806
:109DB80006466F6DD7B10023AC6D6B6554B30021B7
:109DC8004FF6FF734FF0170CA96504F11C00E380F0
:109DD80084F804C01E2212F013FD3C23A6602377EA
:109DE80021463846BDE8F840FDF782BC40F62E23F0
:109DF800104A1149114810F0ADFA87F31188BFF3E2
:109E08006F8F0323184602DF0023AC6D6F6D6B65FF
:109E1800002CD4D140F63223064A0949074810F0ED
:109E280099FA84F31188BFF36F8F0323184602DF72
:109E3800AC6DC4E780D20101E8D2010188CD0101EF
:109E4800FCD2010100B170470C4B10B50246044624
:109E5800996002200121FAF70FFF00B910BD40F602
:109E68000223074A0749084810F074FA84F3118856
:109E7800BFF36F8F0323184602DF10BD0C010021CA
:109E880080D2010170CF010188CD010138B50446A7
:109E980010F8103B002B2ED0194DA860A3687BB199
:109EA80040F61723174A1849184810F053FA0023A8
:109EB80083F31188BFF36F8F0323184602DFA86866
:109EC800002213490E4BC4E9021001201146FAF78B
:109ED800D3FE00B938BD40F61E230A4A0D490B4887
:109EE80010F038FA002383F31188BFF36F8F032330
:109EF800184602DF38BDBDE83840FFF757BF00BF3E
:109F0800FC00002180D2010114D3010188CD010198
:109F1800B59D000170CF010138B5134A134B127873
:109F28001A704B7F01EB83031B6A1D7800B938BD9B
:109F38000C46FDF77DFC8442F9D015F00E0F02D1D6
:109F48006369002BF3D040F6CE13094A09490A4841
:109F580010F000FA002383F31188BFF36F8F0323F7
:109F6800184602DF38BD00BF726000217160002111
:109F780080D2010128D3010188CD01014FF400628C
:109F880010B5022406214FF0000E4FF0040C104BC0
:109F9800A3F85C201A8B93F85E0022F4437222F037
:109FA800020242F00E021A835A7F64F3420003EB66
:109FB8008202126A83F85E0082F800E0517093F81A
:109FC800292003EB8203DB6A83F800C0597010BDB7
:109FD800BC3B0021F8B51C4C6569EB6D73B140F6CC
:109FE8005B231A4A1A491B4810F0B4F9002383F37B
:109FF8001188BFF36F8F0323184602DF05F1500164
:10A0080005F14C00FAF7B6FD064670B1002728683E
:10A01800EE6500F067FFA06D6761FDF757FB606DA7
:10A02800A765FDF747FB6765F8BD40F65D23074A5E
:10A038000949084810F08EF986F31188BFF36F8F2D
:10A048000323184602DFE1E7BC3B002180D201016F
:10A0580080D3010188CD0101F4D4010170B5524CBF
:10A0680084B094F85E30D9075BD563695BB193F827
:10A078002C2042F0020283F82C20636993F82C30DC
:10A08800DA0700F18E804848FDF7BAFB84420ED00B
:10A0980040F62633454A4649464810F05BF9002306
:10A0A80083F31188BFF36F8F0323184602DF237EE3
:10A0B800DB0739D403AD022203213F4B0095002072
:10A0C8000392FCF7F3FA2946FDF788FB05460028BA
:10A0D80053D13A48FDF7D0FB08B178303BD132482C
:10A0E800FDF79AFB84420ED040F648332F4A304998
:10A0F800304810F02FF9002383F31188BFF36F8FD6
:10A108000323184602DF63690BB1FFF763FF94F876
:10A118005E3000206FF3000384F85E3000F0B8FC76
:10A1280040B3002004B070BD022603AD0321012214
:10A138000020214B00950396FCF7B8FA2946FDF755
:10A148004DFB0028B7D01848FDF766FB844228D09D
:10A1580040F6313318E040F64533144A184915489B
:10A1680010F0F8F885F31188BFF36F8F03231846B2
:10A1780002DFB4E707F05EFCD3E70B48FDF74CFBC2
:10A1880084420ED040F63F33084A0949094810F086
:10A19800E1F8002383F31188BFF36F8F0323184678
:10A1A80002DF0C20BEE700BFBC3B002180D20101CA
:10A1B80094D3010188CD0101F9690001CC3B00214C
:10A1C800A0D30101037802F1FF3C03F00F03022B37
:10A1D8001FFA8CFC22D0012B0CD01031C9008BB196
:10A1E800062B0FD04FF4F37340F253200CFB0300FF
:10A1F80080B2704740F2162340F2E3300CFB0300B4
:10A2080080B27047407801F21B311030C00000F571
:10A21800B37308440CFB030080B2704741780CEB21
:10A228008C03C3EB0310400001F11003DB0000F2C4
:10A238003B1003FB020290B2704700BF4FF6FF715C
:10A248002DE9F0438B428BB09DF84890139C18D0B1
:10A2580025781E460135EDB28046174625706DB348
:10A2680000223B493B4B04F11000C860C1E900875C
:10A278000E8181F80A90996001201146FAF7FCFCDA
:10A2880060B9207E10F0010505D1334A334B1178AF
:10A298001B788B4221D00BB0BDE8F08340F66713E2
:10A2A8002F4A3049304810F055F8002383F31188BD
:10A2B800BFF36F8F0323184602DFE2E740F643132C
:10A2C800274A2A49284810F045F885F31188BFF332
:10A2D8006F8F0323184602DFC2E740F247160421B6
:10A2E800013309A8137008F055FB099B204A21483F
:10A2F800A2FB0312991A02EB5102110A1E4A06FB2D
:10A308001133A21A9208A0FB02021C48D20802329A
:10A318000133059001212846CDE90355CDE90055C3
:10A3280006940295D2B20993FCF7A4F910F0FD0F38
:10A33800B1D040F2B4730A4A11490B4810F00AF838
:10A3480085F31188BFF36F8F0323184602DFA2E756
:10A35800903B0021EC000021726000217160002117
:10A3680080D2010170CF010188CD0101B8D301016C
:10A3780021F1D490F712DA4BBC3B0021219F000158
:10A38800BCD301012DE9F04F714C8E4694F85E6004
:10A39800704983B016F00106054603C9DDF8308020
:10A3A8009DF834C09DF8389000908DF8041040F066
:10A3B8008E807146012928461F4608BF00200EF1ED
:10A3C80008030DEB030111F8083C154613F00E0FB6
:10A3D8000CBF01210021228B0CF0070C09F00309A6
:10A3E8004FEA4C0C22F443724CEA092C22F0020288
:10A3F8004CEA020C627FA4F85C0004EB8202D2F8FB
:10A408002090A4F818C099F800A003F00F032AF0D0
:10A418001F02134361F3451389F8003003F00F035B
:10A42800012B0AF00F0A49D094F85E3065F3420315
:10A4380084F85E30DAB25B070CD5134667F3C303C2
:10A4480084F85E30D8F80030434AC4F85F30B8F872
:10A458000430938099F8003005F0010B03F00F02E7
:10A46800012A39D099F80120F2B1BAF1010F51D07F
:10A4780099F800306BF386136FF3C71389F800302F
:10A4880094F82930246104EB8304E36AAD0105F0F4
:10A4980040055A7845F004051D700AB906225A701D
:10A4A800304603B0BDE8F08F6BF3861362F3C71331
:10A4B80089F80030062389F80130E1E7BAF1010F85
:10A4C800B2D099F80120CAB984F83460ACE70C26F8
:10A4D800304603B0BDE8F08F4A466BF3861367F346
:10A4E800C71302F8083B0C23D8F80010C9F8081065
:10A4F800B8F80410918089F80130C1E7052A16D907
:10A50800063AD2B209F10801144884F8342012F04E
:10A5180050F989E794F83420104909F1080012F03D
:10A5280048F994F83430063389F80130A0E740F24E
:10A53800BD130B4A0B490C480FF00CFF86F311882A
:10A54800BFF36F8F0323184602DF99F80120D7E77E
:10A55800BC3B002130CC01011B3C0021F13B002118
:10A5680080D20101F4D3010188CD010110B5064C58
:10A57800204608F0B7FE04F10C0008F0B3FEFFF720
:10A58800FDFC002010BD00BFD83B002108B5FFF737
:10A5980065FD002008BD00BF38B5094C04F10C0565
:10A5A800204608F0AFFE284608F0ACFE204608F02A
:10A5B80099FE284608F096FEFFF7E0FC002038BD1B
:10A5C800D83B0021044A054B801A8008A3FB0030C1
:10A5D800C0F3CF00704700BFBC3B0021F712DA4B35
:10A5E800044A0068044B801A8008A3FB0030C0F3BB
:10A5F800CF007047BC3B0021F712DA4B38B9054849
:10A6080090F85E3013F0010F08BF0020704700205B
:10A61800704700BFBC3B002128B9044B93F85E008B
:10A6280000F0010070470020704700BFBC3B0021CC
:10A6380048B9064B93F85E0010F0010004D0587E2C
:10A6480000F0030070470020704700BFBC3B0021AA
:10A6580070B50646807E0C4607F064FB05462078F8
:10A66800C0F38010FCF738F90368C6F865308388B2
:10A67800A6F869308DB1237843F0400323702A6827
:10A688002378C4F80220AA8803F00F03012BE28084
:10A6980004F1020503D0284670BD0546EFE7B07EF9
:10A6A80007F072FB0028F6D02346227842F0800299
:10A6B80003F8082B0268A260828828469A8070BD39
:10A6C8001F295AD82DE9F041437F0E4600EB83033A
:10A6D8001F6A05463B78904603F00F03012B82B0B2
:10A6E8004DD00DF107011C3008F07AFE39460446BA
:10A6F80097F800C003780CF00F0C23F01F0343EA0F
:10A708000C0303703B7890F800C0C3F3401363F365
:10A71800451C80F800C03B785FFA8CF7C3F38013C0
:10A7280063F38617077011F8023BFFB2DB0963F386
:10A73800C717062200F8027B12F048F83246414655
:10A7480004F10800063612F034F8667095F85E30A9
:10A75800DB0706D49DF807306B77002002B0BDE810
:10A76800F08195F82930214605EB83032846DA6AFB
:10A77800F6F72EF80028EDD0F0E7122070470A46C9
:10A7880080F834604146353012F013F8E5E700BF31
:10A7980003460A4601481946FFF792BFBC3B002111
:10A7A8001F295ED82DE9F04190F829300F4600EBBB
:10A7B8008303DE6A0446904682B000F12805002E25
:10A7C80040D028460DF1070108F00AFE314605463B
:10A7D8000378BE1D23F03F0343F00403037011F810
:10A7E800020BDBB2C0F3801003F03F0343EA80138F
:10A7F8002B7006226E70A81C11F0E8FF3A464146FD
:10A8080005F1080011F0D5FF94F85E30DA0707D497
:10A8180000209DF8073084F8293002B0BDE8F081A7
:10A828004123627F04EB8202116A0A7802F00F0268
:10A83800D340DB07ECD52A462046F5F7C9FF0028A8
:10A84800E6D0EAE7284608F04DFDC0B258B994F8BA
:10A85800293004EB8303DE6A042333700623737004
:10A86800AFE7122070470720D7E700BF03460A4624
:10A8780001481946FFF794BFBC3B00212DE9F84376
:10A88800099980460D4615F8104B17460134E4B275
:10A898001E469DF820900C7084B100221749184B71
:10A8A800C1E900870E81CD6081F80A909960012086
:10A8B8001146FAF7E1F980B9BDE8F88340F29F3311
:10A8C800104A114911480FF045FD84F31188BFF370
:10A8D8006F8F0323184602DFDFE74FF46B73094AD3
:10A8E8000B490A480FF036FD002383F31188BFF3A4
:10A8F8006F8F0323184602DFBDE8F883303C002140
:10A908001C01002134D40101B8D3010188CD010113
:10A9180070CF01010020704738B50546043001F1B9
:10A928001002C0B2FCF7E6FF044600B938BD10F1CA
:10A93800780F01D10C2038BD40F29123094A0A4909
:10A948000A480FF007FD2246294609480FF002FD84
:10A95800002383F31188BFF36F8F0323184602DFA8
:10A968000C20E8E734D4010174D4010188CD010139
:10A978008CD4010138B52C4C94F83C3003F001021A
:10A9880058B35ABB9A07C3F341050BD50120FBF70F
:10A99800A3FF0621FAF7DEF8002842D094F83C50CD
:10A9A800C5F3410594F82600C0F3C10007F082F80A
:10A9B800FF2194F8273094F826206FF3410384F898
:10A9C8002730930684F8281002D5023D012D1ED9A0
:10A9D800BDE838401448F5F7C3BF12B90C2528461E
:10A9E80038BD6369002BF9D12146FFF795FF05466D
:10A9F8000028F4D194F83C3060F3000384F83C302C
:10AA0800FFF7FCFD0028EAD107F014F8E7E700207B
:10AA180007F074F894F8273043F0020384F82730DD
:10AA2800D6E71225DBE700BFA808002138B50024C7
:10AA38000E4D3CB995F83C4014F0010402D0686909
:10AA48000A4908B1002038BDFFF766FF0028F0D199
:10AA580095F83C2060F3000285F83C20FFF7CEFD16
:10AA68000028E6D106F0E6FFE3E700BFA8080021CA
:10AA7800024BC01AC0F38710704700BFA808002116
:10AA8800024B0068C01AC0F387107047A80800215D
:10AA980038B9054890F83C3013F0010F08BF002082
:10AAA80070470020704700BFA8080021044A92F8A8
:10AAB8003C3003F0010318430CBF104600207047D8
:10AAC800A808002198B90B4A92F83C3013F001000D
:10AAD8000ED0506992F82620003818BF0120C2F322
:10AAE800401203F00103934043EA800070470020BE
:10AAF800704700BFA808002150B9064B93F83C00E6
:10AB080010F0010005D093F82600C0F3C10070478B
:10AB180000207047A80800212DE9F0410446066886
:10AB280082B04FF4C872314900F14C053046F9F74C
:10AB3800FDFF214609F000FB2946206D01AAFAF71E
:10AB480035F810B34FF6FF77DFF8A48098F8412264
:10AB580098F84012531CDBB2482B08BF00239942D7
:10AB680033D0019908EBC20C28F83270CCF80410E5
:10AB78000A680260019A106088F841322946206DFF
:10AB880001AAFAF713F80028E0D1D6F83C4106F5F7
:10AB98009E754CB1002329462046C6F83C31FCF787
:10ABA80045FF02B0BDE8F08140F62103114A124981
:10ABB80012480FF0CFFB84F31188BFF36F8F032384
:10ABC800184602DFD6F83C41E4E740F60D03094A8F
:10ABD8000B490A480FF0BEFB002383F31188BFF32B
:10ABE8006F8F0322104602DF1B80FFDEE80800217A
:10ABF800BC3F0021A4D40101ECD4010188CD01019E
:10AC0800E4D4010110B50C46C0B9144B002201214F
:10AC180002209C60FAF730F800B910BD40F2C77303
:10AC28000F4A104910480FF095FB002383F3118851
:10AC3800BFF36F8F0323184602DF10BD40F2C173C4
:10AC4800074A0A4908480FF085FB002383F3118857
:10AC5800BFF36F8F0323184602DFD6E74C010021AC
:10AC6800A4D4010170CF010188CD0101FCD40101F8
:10AC78000146002208B50C4B012099601146F9F7EE
:10AC8800FBFF00B908BD40F2F373084A08490948B8
:10AC98000FF060FB002383F31188BFF36F8F03234A
:10ACA800184602DF08BD00BF2C010021A4D4010111
:10ACB80070CF010188CD010138B5044610F8103B6A
:10ACC800002B2ED0194DA860A3687BB140F2DC732D
:10ACD800174A184918480FF03DFB002383F31188E1
:10ACE800BFF36F8F0323184602DFA86800221349B9
:10ACF8000E4BC4E9021001201146F9F7BDFF00B957
:10AD080038BD40F2E3730A4A0D490B480FF022FBA5
:10AD1800002383F31188BFF36F8F0323184602DFE4
:10AD280038BDBDE83840FFF7A3BF00BF3C01002194
:10AD3800A4D4010114D3010188CD010179AC00012B
:10AD480070CF01010146836808315A6892F82730AC
:10AD5800DB0901D0F6F704BBF6F7AEBF00B97047C0
:10AD680010B50C46FCF782FD844212D0FCF760FD5A
:10AD780084420ED040F2FB63064A074907480FF0A9
:10AD8800E9FA002383F31188BFF36F8F0323184672
:10AD980002DF10BDA4D4010108D5010188CD01014D
:10ADA80010B50C46A0B92046FCF754FD84420ED0DD
:10ADB80040F211730E4A0F490F480FF0CBFA0023E7
:10ADC80083F31188BFF36F8F0323184602DF10BD8A
:10ADD80040F20E73064A094907480FF0BBFA0023F0
:10ADE80083F31188BFF36F8F0323184602DFDAE776
:10ADF800A4D401015CD5010188CD0101FCD4010175
:10AE080010B50C46A0B92046FCF718FD84420ED0B8
:10AE180040F207730E4A0F490F480FF09BFA0023C0
:10AE280083F31188BFF36F8F0323184602DF10BD29
:10AE380040F20473064A094907480FF08BFA0023C9
:10AE480083F31188BFF36F8F0323184602DFDAE715
:10AE5800A4D401015CD5010188CD0101FCD4010114
:10AE680070B510224FF4C871144B1548F9F70EFE4F
:10AE780000244FF6FF76124DA2B24FF4C87128464F
:10AE8800F9F750FE0134102C8684F5D10D4B0722BA
:10AE9800181D2421F9F7FAFD0B4B4722181D08212C
:10AEA800F9F7F4FD02F018FC07230020074C0849C5
:10AEB800084A20600B70137070BD00BF7C3C0021F5
:10AEC800E8080021BC3E0021803C002144420021CA
:10AED80074600021736000210148F9F7FBBD00BFD1
:10AEE8007C3C00210149F9F709BE00BF7C3C0021E8
:10AEF8004FF4C8720149F9F719BE00BFE8080021EC
:10AF08000F28024604D84FF4C8710248F9F70ABE60
:10AF180000207047E80800210F280ED810B5024617
:10AF280004464FF4C8710648F9F7FCFD18B1838C44
:10AF3800A34200D110BD002010BD0020704700BF03
:10AF4800E80800210148F9F7C5BD00BFBC3E002153
:10AF58000149F9F7D3BD00BFBC3E00210F2800F21C
:10AF6800A8802DE9F041024607460C4663484FF495
:10AF7800C871F9F7D7FD804600285DD0838CBB42A5
:10AF88005AD15F4A92F8411092F840004B1CDBB24C
:10AF9800082B08BF0023984265D022F8317002EBD5
:10AFA800C1014C6082F8413098F8003003F0FF008E
:10AFB800002B4BD0534D2B68062B58D8524E534B71
:10AFC800002201210320C3F80880F9F755FE98F9FB
:10AFD8003730002B42DB10F04DF84FF0000CDFF853
:10AFE80030E14C4FDEF80010411AC1F30E02A2FB0B
:10AFF8000723D20BC90B42EA4342DB0BE1FB0723D1
:10B0080097427CEB03011BD343482F680168013743
:10B0180064790C4404604148A4FB0001214452EACD
:10B02800030404BF00230122F5F742F803462F600A
:10B0380033600020BDE8F0816FF01500BDE8F081B5
:10B04800CEF80000614601273348E1E709F032FDF8
:10B0580098F937302B4D002B2B4EBCDA3946404639
:10B0680005F062FDB7E76FF06800BDE8F08198F879
:10B07800582098F87230244E02F0070C284831689E
:10B08800C3F300139B00BCF1030FB0FBF1F0DBB27C
:10B09800C2F3C00210D9DB00520003F203130132DD
:10B0A800934003F27453834223D3002009F002FD36
:10B0B80085E76FF0150070470CF10902D1000CF11B
:10B0C800240213444FEA6C0C21FA0CF2DB0023FA39
:10B0D8000CF302F596710B449842E6D9C3EB400095
:10B0E80002F196035B0018440138B0FBF3F0C0B2DC
:10B0F800DCE7C3EB400040F2CC63F4E7E80800214A
:10B1080000420021783C0021743C00215C010021B0
:10B11800703C002100CA9A3B6C3C00210050D6DCF0
:10B1280000E6DF0C2DE9F04F0F2885B0BDF8389008
:10B13800BDF83CA0BDF840B0039215D802460446BD
:10B148000E461C484FF4C8711F46F9F7EBFC05463C
:10B1580050B1B0F82480A04506D176B1022E07D0B0
:10B16800012005B0BDE8F08F022005B0BDE8F08FE2
:10B17800039BABB902F076FD0EE0119C53464A469C
:10B188003946CDF800B0019402F0EAFC0028ECD171
:10B1980095F93730002B07DB002005B0BDE8F08FAC
:10B1A800039902F06FFDF7E74146284605F0BCFC1D
:10B1B800F2E700BFE80800210F281FD870B5024643
:10B1C80004460D460E484FF4C871F9F7ABFC064625
:10B1D80058B1838CA34208D102F072FC38B10368DD
:10B1E8002B6003792B71002070BD022070BDD6F84A
:10B1F80032302B6096F836302B71F4E70220704716
:10B20800E80800210F2870B502D90224204670BD35
:10B21800024605460C4616484FF4C871F9F782FCF9
:10B22800064610B3838CAB421FD11A2C04D8042CC9
:10B2380016D81224204670BD292C01D03B2CF8D1F9
:10B248002146304602F006FC04460028DED196F975
:10B258003730002BDADA2946304605F065FCD5E7A9
:10B26800044BE340DB07EBD4E3E70C24204670BD36
:10B27800E8080021200038040F2870B516D80246C7
:10B2880004464FF4C8710E48F9F74CFC054668B1FE
:10B29800868CA6420AD1012102F02AFB044618B97D
:10B2A80095F93730002B04DB204670BD0224204678
:10B2B80070BD2846314605F037FC204670BD00BFFA
:10B2C800E80800210F2870B515D8024604464FF447
:10B2D800C8710D48F9F726FC054660B1868CA64270
:10B2E80009D102F01DFB044618B995F93730002B37
:10B2F80004DB204670BD0224204670BD2846314636
:10B3080005F012FC204670BDE80800210F281CD863
:10B3180070B504460E4615464FF4C87102460C48EF
:10B32800F9F700FC034670B1828CA2420BD193F866
:10B3380058400020C4F30204347093F85930C3F322
:10B3480002032B7070BD022070BD0220704700BF41
:10B35800E80800218446034A034B002082F800C015
:10B368001970704774600021736000212DE9F04363
:10B378000F2883B025D80446884617464FF4C8716D
:10B38800024619481E46F9F7CDFB0546C8B1B0F884
:10B398002490A14515D1D0F8183113F4106F1DD0A1
:10B3A8000124334600943A46414602F02BFB0446FA
:10B3B80018B995F93730002B08DB204603B0BDE8F3
:10B3C800F0830224204603B0BDE8F08328464946AE
:10B3D80005F0AAFB204603B0BDE8F0831A242046F6
:10B3E80003B0BDE8F08300BFE80800210F2814D897
:10B3F80038B5024604460D4609484FF4C871F9F7B6
:10B4080091FB034638B1828CA24204D193F8B6303E
:10B4180000202B7038BD022038BD0220704700BFC5
:10B42800E80800210F282FD838B5024604460D46F3
:10B4380016484FF4C871F9F775FB18B3838CA3420B
:10B4480020D1C38CB0F86E21052B0FD84FF4FA71B8
:10B4580001339BB202FB03F301FB03F30C4AA2FB8B
:10B468000323C3F34F332B80002038BD40F2E24161
:10B4780003FB02F201FB02F2054BA3FB0232C2F30B
:10B488004F33F0E7022038BD02207047E80800215A
:10B498005917B7D10F282ED838B5024605460C469D
:10B4A80016484FF4C871F9F73DFB844608B3838CFE
:10B4B800AB421ED142F2107202FB04F1C38C013977
:10B4C800052B0DD84FF4FA7201339BB202FB03F33C
:10B4D8001944B1FBF3F189B2ACF86E11002038BD04
:10B4E80040F2E24202FB03F31944B1FBF3F189B2E3
:10B4F800F2E7022038BD0220704700BFE8080021AB
:10B50800FFF7AEBC2DE9F84305F060FC0025264F97
:10B51800DFF89880DFF8989024E0681D2146C0B2D3
:10B5280004F11002FCF7E6F90646B0B116F1780FFF
:10B538002048214911D040F2477342460EF00AFFD5
:10B54800324629461D480EF005FF002383F3118873
:10B55800BFF36F8F0323184602DF00230135102D38
:10B56800E36617D04FF4C8713846AAB2F9F7DAFA89
:10B5780004460028D1D140F24373424649460D485B
:10B588000EF0E8FE84F31188BFF36F8F032318468B
:10B5980002DFC2E70A490B4AA1F84030A2F840325C
:10B5A800BDE8F843FFF75CBCE8080021A4D401011A
:10B5B80044CF010188CD010174D401018CD401016B
:10B5C80000420021BC3F0021014B1878704700BFA2
:10B5D80074600021014B1878704700BF7360002128
:10B5E8002DE9F84F4FF0000B81468A4617469846DA
:10B5F800194E02E0BBF1100F2AD01FFA8BF52A462C
:10B608004FF4C8713046F9F78DFA0BF1010B044677
:10B618000028EFD0838CAB42ECD190F87C51B7EB8B
:10B62800D51FE7D10622414600F2831011F0F0F849
:10B63800C5F380150028DDD14D45DBD106225146E2
:10B6480004F27D1011F0E4F80028D3D1012000E0C5
:10B658000020BDE8F88F00BFE808002138B58B68E6
:10B6680008601D680C462B78A3B1AB6873B140F233
:10B678008A330B4A0B490C480EF06CFE002383F307
:10B688001188BFF36F8F0323184602DF074BC5E904
:10B69800023438BD0846BDE83840FFF753BB00BF49
:10B6A800A4D4010114D3010188CD01014DAD0001DD
:10B6B800F8B50B68DE880F2E35D80C46074632469B
:10B6C8004FF4C8711948F9F72DFA054650B3838C21
:10B6D800B34227D102F012FB2268137F03F0030361
:10B6E800032B08D101231371394628462268BDE887
:10B6F800F84002F017BB53B995F868319B0703D59A
:10B708003D2385F83831226801231371F8BD95F877
:10B7180068319A07FAD53D23012285F83831236824
:10B728001A71F8BD236801221A71F8BDE8080021D2
:10B738004FF6FF7CF8B51D46838C044663450F46DB
:10B7480016460CD02046C4E93D76A4F8FC5002F019
:10B7580061F894F8683113F0010010D1F8BD4FF486
:10B7680074730A4A0A490B480EF0F4FD002383F368
:10B778001188BFF36F8F0323184602DFE2E76FF3E8
:10B78800000384F868316FF08B00F8BDA4D4010180
:10B7980098D5010188CD01012DE9F041304D0646CB
:10B7A800304F95F8412027E042464FF4C87138469B
:10B7B800F9F7B8F9034650B3828C6168904527D1F0
:10B7C8000A79487902F00302022A2AD050BB03F111
:10B7D800B80001F083FD95F8412095F840309A4271
:10B7E80006D00133DBB2082B08BF002385F84030B0
:10B7F800013E16F0FF0627D095F84030934223D03B
:10B8080035F8338005EBC304B8F10F0FCCD9616864
:10B818000B794FF6FF706FF301030B71FBF7AEFF67
:10B82800D9E798B193F88921D007D0D56FF30002F2
:10B8380083F889210A7902F003000128C7D1022080
:10B8480060F301020A71C2E7BDE8F08193F889212B
:10B85800404642F0010283F88921FBF78FFFBAE7DF
:10B8680000420021E80800212DE9F04F414A0B462B
:10B8780014680646A04204BF002111601822808C7B
:10B88800012183B086F8583186F84021A6F8420194
:10B89800304601F0C9FF06F1B807304601F0D8FF7D
:10B8A800384601F003FD384601F038FD044600280B
:10B8B8003BD00379DFF8C09003F00303032B0CBFE0
:10B8C8000346002303604846F9F704F9DFF8ACB0F3
:10B8D8000546DFF8ACA006F16008B8B1214642463B
:10B8E8002846F9F751F9384601F018FD0446E0B149
:10B8F800037903F00303032B0CBF03460023036003
:10B908004846F9F7E7F805460028E7D140F2B27350
:10B918005A4651461B480EF01DFD85F31188BFF3AA
:10B928006F8F0323184602DFD8E7B28C0121053256
:10B938000020154B0096D2B2FAF7B8FE10F0FD0FB2
:10B948000ED04FF4EF630D4A10490E480EF002FD79
:10B95800002383F31188BFF36F8F0323184602DF98
:10B968004FF6FF73FF20B38403B0BDE8F04FFFF735
:10B9780013BF00BF44420021803C0021A4D4010130
:10B98800F4D4010188CD01010DAC000168D5010195
:10B9980000293BD02DE9F84F4D1E0746DFF870907F
:10B9A800DFF870B0DFF870A0EDB200F1B80816E06B
:10B9B8002379484603F00303032B0CBF23460023D7
:10B9C8002360F9F787F8064688B1013D21463046DD
:10B9D80007F16002EDB2F9F7D7F8FF2D05D0404620
:10B9E80001F09CFC04460028E2D1BDE8F88F40F243
:10B9F800C7535A46514609480EF0ACFC86F31188E5
:10BA0800BFF36F8F0323184602DFDEE7704700BFDE
:10BA1800803C0021A4D40101F4D4010188CD0101A6
:10BA280010B504460120FFF7B7FE2046BDE81040D8
:10BA38000121FFF7ADBF00BF0149F9F75FB800BFAB
:10BA4800803C0021014B93F841027047BC3F002124
:10BA580000B50A4B93F840C293F841E2F4450BD085
:10BA680080F800E033F83C0003EBCC0308805B6807
:10BA7800136018685DF804FB0020FBE7BC3F002159
:10BA8800074B93F840C2844508D003EBCC0033F849
:10BA98003C300B804368136018687047002070477B
:10BAA800BC3F0021094A92F8401292F841328B4279
:10BAB80009D04B1CDBB2482B08BF002352F83100D9
:10BAC80082F8403270470020704700BFBC3F002119
:10BAD80008B5134A92F841C292F840E20CF101030A
:10BAE800DBB2482B08BF00239E4508D022F83C0053
:10BAF80002EBCC0CCCF8041082F8413208BD40F2BD
:10BB08000663084A084909480EF024FC002383F319
:10BB18001188BFF36F8F0322104602DF1B80FFDE00
:10BB2800BC3F0021A4D4010110D6010188CD010138
:10BB3800F8B55679144605460F467EB3237903F0C7
:10BB48000302032A0CD04FF6FF72954204BF6FF32D
:10BB58000103237121462846BDE8F840FBF70EBED5
:10BB68004FF6FF739D4228D13B689C423ED0002B84
:10BB7800F0D040F231632D4A2D492E480EF0EAFBF1
:10BB8800002383F31188BFF36F8F0323184602DF66
:10BB980021462846BDE8F840FBF7F0BD40F21363A4
:10BBA800224A254923480EF0D5FB86F31188BFF3B6
:10BBB8006F8F0323184602DFC0E70F2D1CD82A46D3
:10BBC8004FF4C8711D48F8F7ADFFA8B1214602F03F
:10BBD80077F83B689C42CAD12A464FF4C871174887
:10BBE800F8F7A0FF10B1838CAB4200D000202146AB
:10BBF800BDE8F84001F0C2BD40F219630B4A104994
:10BC08000C480EF0A7FB002383F31188BFF36F8F56
:10BC18000322104602DF1846214602F051F83B681D
:10BC2800A342A4D10F2DD7D9E0E700BFA4D40101C6
:10BC380024D6010188CD010118D60101E8080021A8
:10BC480044CF01011B207047704700BF90F868314E
:10BC580043F0020380F86831704700BF90F86831FC
:10BC68006FF3410380F86831704700BF0278038E94
:10BC780012B1581E80B27047418DB0F8FC20581898
:10BC8800104480B2704700BF0B4610B504461A68CE
:10BC98003230C4F832201B7905210371F9F706F90F
:10BCA80094F8373060F3050384F8373010BD00BFCF
:10BCB80008B50022D0E91701F8F770FFB0FA80F054
:10BCC800400908BDF8B506460F46154601F048FC80
:10BCD800044688B3EA1E201D082A06D8DFE802F0C9
:10BCE80027050524050505211E00D123194A1A49EF
:10BCF8001A480EF02FFB002383F31188BFF36F8FD0
:10BD08000323184602DFE379214630467B7301F0AE
:10BD18003DFC304602F03CFE2046F8BD03F098F9A1
:10BD2800F1E703F08BF9EEE703F07EF9EBE7014664
:10BD3800384603F01DF9E6E7BE23064A08490748D6
:10BD48000EF008FB84F31188BFF36F8F03231846A6
:10BD580002DFBFE730D6010164CE010188CD0101C1
:10BD680014D60101F8B500238D690C4606468B618F
:10BD780015B303272F71B38C05F11C00EB8094F8E1
:10BD88002060A6B9237A052B24D0062B02D11A23CA
:10BD98002B71F8BDF723114A114912480EF0DAFA4F
:10BDA80086F31188BFF36F8F384602DFF8BD31463E
:10BDB800BDE8F84003F056B9E723084A0A4909489C
:10BDC8000EF0C8FA85F31188BFF36F8F0323184666
:10BDD80002DFCEE7BDE8F84003F026B930D601010E
:10BDE80064CE010188CD010174D60101F8B506467B
:10BDF8000F46154601F0B4FB044600283CD02A1F24
:10BE0800201D092A06D8DFE802F01F2225050505AE
:10BE18000528052B40F2DF23224A234923480EF048
:10BE280099FA002383F31188BFF36F8F0323184611
:10BE380002DFE379214630467B7301F0A7FB3046E9
:10BE480004F072FB2046F8BD03F0CCF8F1E703F0EC
:10BE5800E1F8EEE703F0E8F8EBE703F0F9F8E8E7D4
:10BE680096F8083197F84E101BB1D6F818315B07D1
:10BE780011D403F0F7F8DCE74FF43173094A0C49A1
:10BE88000A480EF067FA84F31188BFF36F8F032313
:10BE9800184602DFB3E70A4697F84D1003F0EEF8AC
:10BEA800C7E700BF30D6010164CE010188CD01018A
:10BEB80014D6010170B50D46044600F17306002240
:10BEC80033463B3105F12B000AF012F8D4F87730ED
:10BED800D4F87310C4F898300023D4F87B00C4F861
:10BEE8009410D4F88C10D4F87F20C4F89C00C4F8BF
:10BEF800AD1094F88B0094F8AC10C4F8A020D4F8D6
:10BF0800902063F3000041F00101C4E92933C4F82B
:10BF1800B12084F8833084F8843084F8853084F83C
:10BF2800863084F8873084F8883084F8893084F83B
:10BF38008A3084F8AC1084F88B0006222946204603
:10BF4800FFF7C0FE40F206636B8194F8723023F06D
:10BF5800180343F0180384F8723070BDF8B505462D
:10BF68000C4601F0F5FA28B9204601F033FB03230B
:10BF7800A372F8BD042221462846FFF737FF0023A5
:10BF8800C2688168C4F84720C4F843100269C5F83C
:10BF98009020A669A361A6B1032337793371AB8CCE
:10BFA800204606F11C01F38003F006F82D2F02D07D
:10BFB8000423A372F8BD31463068FBF799FB0423CC
:10BFC800F7E740F2F623064A064907480EF0C2F999
:10BFD80086F31188BFF36F8F0323184602DFDBE770
:10BFE80030D6010174D6010188CD010170B504462F
:10BFF8000D4601F0ADFA10B90623AB7270BD04F11D
:10C0080073063346002205F13B0105F12B0009F0C8
:10C018006FFFD4F87730D4F87310C4F89830002341
:10C02800C4F89410D4F88C10D4F87F20C4F8AD105C
:10C0380094F8AC10C4E9293363F3000184F8833021
:10C0480084F8843084F8853084F8863084F8873022
:10C0580084F8883084F8893084F88A3094F88B30F2
:10C06800D4F87B00C4F8A020D4F8902043F0010352
:10C07800C4F89C00C4F8B12084F8AC1084F88B3064
:10C08800052229462046FFF7B1FE4FF4C1636B81B4
:10C0980094F8723043F0080384F8723070BD00BF22
:10C0A800F0B515468A7A0C46064683B00D2A00F28A
:10C0B8002D81DFE802F05E6669919A07070C173652
:10C0C800393E4F52002D00F0A28003B0F0BD002D84
:10C0D800FBD1214601F03CFA002840F0C880072334
:10C0E800A372F2E7022DF0D10023A569A361002D08
:10C0F80000F0EF8003272F71B38CEB80237A052B98
:10C1080000F0E280062B40F0D0801A232B712146E4
:10C11800304601F01DFA002840F08E800923A372F2
:10C12800D3E7002DD1D1F2E7002DCED10B23A37296
:10C13800CBE7072DC9D1012101F02CFA3046FFF7D2
:10C1480085FD2146304601F003FA002865D10C230D
:10C15800A372BAE7002DB8D1F3E7082DB5D140F2A4
:10C168000233638190F872306FF3041380F87230F1
:10C17800ABE7002DA9D1237A062BD7D00223A372CF
:10C18800A3E7002DFAD0A0E7012D9ED129460193FF
:10C1980001F000FA3046FFF759FD304602F0F0FB97
:10C1A800019B304659689A68C4F82110C4F82520C4
:10C1B8001A7B84F829205A7B84F82A20D3F80E1099
:10C1C800D3F81220C4F83B10C4F83F20D3F8163037
:10C1D8002146C6F88C3003E0002D7FF476AF214667
:10C1E80003B0BDE8F040FFF7B9BE032D0CD0042D15
:10C1F8007FF46BAF062140F20362072384F8201016
:10C20800A4F84D20A37260E70523A3725DE72146D9
:10C2180003B0BDE8F040FFF7E9BE0B2221463046E7
:10C22800FFF7E4FD40F60D33638196F872306FF343
:10C23800C30386F8723048E7062221463046FFF7E6
:10C24800D5FD304604F044FB00230121A37230469B
:10C2580001F0B4F93046FFF701FD304602F094FBD7
:10C2680096F8723043F0100386F872302DE70D22ED
:10C2780021463046FFF7BAFD304604F029FB94F812
:10C288002030062B34D0242B3FF41FAF40F27733F5
:10C29800264A274927480EF05DF885F31188BFF331
:10C2A8006F8F0323184602DF0FE740F21E331F4A41
:10C2B8001F4920480EF04EF8002383F31188BFF37E
:10C2C8006F8F384602DF22E705F11C0002F0ACFE52
:10C2D8001DE740F20F33154A174916480EF03AF891
:10C2E80085F31188BFF36F8F0323184602DF01E738
:10C2F80001213046A17201F061F93046FFF7AEFC2A
:10C30800304603B0BDE8F04002F03EBB40F2D343F4
:10C31800064A074907480EF01DF8002383F31188E1
:10C32800BFF36F8F0323184602DFCEE630D6010134
:10C3380064CE010188CD010174D6010170B50C46A7
:10C34800897A054682B00A2900F22381DFE801F0E4
:10C358000A1D2D873E68308473760600002A72D045
:10C3680002B070BD002AFBD1237A062B0FD1012120
:10C37800284601F00FF92146284601F0E9F800287F
:10C3880040F092800823A372EAE7002AE8D101214D
:10C39800284601F0FFF82146284601F0D9F8002880
:10C3A80040F0A7800223A372DAE7002AD8D1F2E787
:10C3B800032AD5D100260121284601F0FFF8284696
:10C3C800FFF74CFC284684F820601DE0022A29D09B
:10C3D800042AC5D101212846009301F0EFF8284628
:10C3E800FFF73CFC009BDA780D2A00F0AE80112A9A
:10C3F80040F0AD805B79062B02D01A2B40F0B68056
:10C408000026284684F8203004F08AF82146284679
:10C418002673FFF7A7FC284602F092FBA6729FE757
:10C42800002A9DD12146284601F092F8002844D1DF
:10C438000523A37294E7002A92D19CE7062A8FD19C
:10C448002846FFF703FC2146284601F081F800281A
:10C458006AD10A23A37283E7002A81D187E7012AD8
:10C4680032D0042A7FF47CAF01212846009301F0E2
:10C47800A5F8009BDA780D2A65D0112A78D15B7966
:10C48800062B02D01A2B40F0828084F820302846F0
:10C4980004F046F821462846FFF764FC284602F0D7
:10C4A8004FFB0023A3725BE70A2221462846FFF7C9
:10C4B80009FC40F60933638152E72146284602B059
:10C4C800BDE87040FFF7F6BC2846CDE90023FFF72A
:10C4D800BDFB40F20451019B009A5E689868C4F85D
:10C4E8004360C4F84700DB68C5F890302273618167
:10C4F80036E7214603222846FFF7E4FB034640F2CD
:10C5080003422846D3F81260D3F81610C4F83B60EB
:10C51800C4F83F10D3F81A30C5F88C30628102B0E5
:10C52800BDE8704003F0F8BF0B2221462846FFF70C
:10C53800C9FB4FF60173638195F8723023F0180335
:10C5480085F872300CE71B799AE71B7953E74FF4AB
:10C55800BF73184A184919480DF0FCFE002383F3ED
:10C568001188BFF36F8F0323184602DF1F2347E7A5
:10C578004FF4BF730F4A104910480DF0EBFE00232B
:10C5880083F31188BFF36F8F0323184602DF1F233D
:10C598007BE740F28223074A074908480DF0DAFE94
:10C5A800002383F31188BFF36F8F0323184602DF3C
:10C5B800D6E600BF30D6010164CE010188CD010165
:10C5C80092F81FC002F11C03ACF104020D2A08D82E
:10C5D800DFE802F00E14170707070711070B070714
:10C5E800070B3D2380F8383170470422FFF7A6BEB9
:10C5F8000122FFF7A3BE0622FFF7A0BE0222FFF723
:10C608009DBE0322FFF79ABE13460022FFF796BE8F
:10C6180092F81FC002F11C03ACF10302082A06D8E5
:10C62800DFE802F01205050F0505050C09003D239A
:10C6380080F8383170470822FFF732BD0722FFF72C
:10C648002FBD0222FFF72CBD0122FFF729BD00BF35
:10C6580000230322FFF724BD00230422FFF720BD97
:10C66800887AA0F10400B0FA80F04009704700BF52
:10C6780013460022FFF714BD70B591F826300C461A
:10C68800042B91F8272003D8032B01D0042A0DD9B5
:10C698001121134313F007034FF0010584F822100A
:10C6A8000CD1012584F82230284670BD032A0DD00C
:10C6B800134313F007034FF00005F2D0A68CFFF7E1
:10C6C800D5FA801B0304EFD42823EAE711230125B8
:10C6D80081F82230F2E700BF002370B58D690C465F
:10C6E80006468B61002D35D094F82130DB071ED526
:10C6F8002B792D2B1ED11D232B71B38CEB8094F835
:10C7080022302B7796F85930C3F30203AB7796F8AB
:10C718005830C3F302036B7729462868FAF7E8FF15
:10C7280094F821306FF3000384F8213070BD0123A1
:10C738002B71F1E740F2B9130E4A0F490F480DF07B
:10C7480009FE002383F31188BFF36F8F0323184674
:10C7580002DFD0E74FF4DB73064A094907480DF0BA
:10C76800F9FD85F31188BFF36F8F0323184602DFA5
:10C77800BAE700BF78D60101BCD6010188CD010116
:10C7880074D6010170B58D7A0E46032D044682B029
:10C798001BD0052D06D00221204602B0BDE870400E
:10C7A80000F00CBF90F93730002B46DBF38C002BE0
:10C7B80037D096F826302BB194F8582063F3061238
:10C7C80084F858200823B372E5E790F93730002B36
:10C7D80018DA224B96F8205093E8030002AB03E9DD
:10C7E800030094F858301A462B4303F00703083324
:10C7F8006B4413F8081C062361F3061284F85820CA
:10C80800B372C8E740F25443154A164916480DF06A
:10C81800A1FD002383F31188BFF36F8F284602DF41
:10C82800D7E794F8583009211A46C3F3020363F393
:10C83800061284F85820B172ADE740F25D43084A09
:10C848000A4909480DF086FD002383F31188BFF3D8
:10C858006F8F0323184602DFA8E700BF38CC010119
:10C8680078D60101E4D6010188CD0101FCD6010189
:10C8780091F8202030B5940740D402F0070313F054
:10C88800010535D1032B94BF002301234FEA830E02
:10C89800754691F8203065F3020381F82030C3F320
:10C8A800C202DB062DD412F0010424D1032A94BF5E
:10C8B800002201224FEA820C644691F8203064F38A
:10C8C800C50381F8203090F8583003F00703AB42D5
:10C8D80008BF4FF0000E81F826E090F8593003F0B9
:10C8E8000703A34208BF4FF0000C81F827C030BDF2
:10C8F8004FF0010ECDE74FF0010CDEE70225AE4602
:10C90800C7E70224A446D8E72DE9F041CF690C46D1
:10C918000546002F56D00026637B6761162B07F16A
:10C928000408E66118D0182B3DD04FF4D273314A71
:10C93800314932480DF00EFD86F31188BFF36F8F31
:10C948000323184602DF2846394600F01FFE284612
:10C95800BDE8F04102F01CB894F8203095F87C212D
:10C96800C3F3C20363F3C50285F87C2194F8202041
:10C9780095F87C31414662F3020385F87C3194F8DE
:10C98800203095F85820C3F3801363F3C302204680
:10C9980085F8582002F08CFB0221284600F0FAFDA9
:10C9A8000223A372CFE721462846FFF761FFE38CF5
:10C9B800C3B9A3844146204602F0BEFB4FF6057377
:10C9C8006381C0E74FF4BF730A4A0D490B480DF065
:10C9D800C1FC87F31188BFF36F8F0323184602DF6A
:10C9E800E76998E7FFF742F92B8D063303449BB2BA
:10C9F800DFE700BF78D6010164CE010188CD0101CF
:10CA080014D7010138B505460C4601F0B1FF10B145
:10CA18000123A37238BD284603F06CFD0028F7D126
:10CA28002146284600F094FD0028F1D0284603F05E
:10CA38005FFD0728ECD02846012103F053FD284666
:10CA48000D2103F053FD162321466373284600F099
:10CA580087FD0346E36121462846BDE83840FFF7D5
:10CA680053BF00BF38B505460C4601F081FF10B131
:10CA78000423A37238BD2146284600F069FD00282A
:10CA8800F6D0182321466373284600F069FD034653
:10CA9800E36121462846BDE83840FFF735BF00BFAF
:10CAA8002DE9F04190F9376090F8585090F859C046
:10CAB80001F00708002E034605F0070740460CF072
:10CAC800070E02F007041BDB1CB162F3020C83F8AB
:10CAD80059C058B193F858205FFA88F464F30202F9
:10CAE80083F85820A74218BF012007D193F85900AE
:10CAF80000F00700B0EB0E0018BF0120BDE8F08180
:10CB080054B164F3020583F858500028EAD061F361
:10CB1800020C83F859C0E5E70028EFD061F3020C56
:10CB280083F859C0E2E700BFF0B515468A7A0C468B
:10CB380007461E4683B0092A00F2DE80DFE802F0CD
:10CB4800050518234F8A58DCA70A002D00F0CF806E
:10CB580003B0F0BD042DFBD1FFF7BEFD384601F050
:10CB6800EFFF0021384603F0C1FC0023A372EFE772
:10CB7800032DEDD190F83730DB0940F02D8141F2DB
:10CB880003734B81E4E7012D00F0C780062DDFD148
:10CB9800002103F0A7FCD7F81831204623F41063CE
:10CBA800C7F8183100F016FD1A2209250221384667
:10CBB80094F8213084F8222043F0010384F82130CE
:10CBC80097F858301A46C3F3020363F3061287F83E
:10CBD8005820A57203B0BDE8F04000F0EFBC002D6E
:10CBE800B6D12146384603B0BDE8F040FFF73ABF5A
:10CBF800052D00F0E480062D00F0C380022DA7D19A
:10CC080090F93730002B0EDB40F2CB23A24AA34920
:10CC1800A3480DF09FFB002383F31188BFF36F8FA8
:10CC28000323184602DF0221384603F05BFC314635
:10CC3800204602F077FA21463846FFF71DFD0546E3
:10CC4800204600F0C7FC002D40F00C8194F82730F6
:10CC5800ABB10EE0032D7FF47BAF90F93730002B9A
:10CC6800C0F2F180E58C002D00F0D28094F82630D7
:10CC78002BB197F8582063F3061287F858203846E6
:10CC880001F090FE082302213846A372A2E7002D86
:10CC98007FF45EAF8E8CFEF7E9FF801B03043FF53F
:10CCA80057AF94F8272094F826103846FFF7F8FE77
:10CCB80006462946384603F015FC84F82250002E13
:10CCC80040F0E78094F82020D20994F82130092117
:10CCD80062F3000384F8213097F858301A46C3F3FA
:10CCE800020363F3061287F85820A17230E703B0F5
:10CCF800BDE8F040FFF786BE40F26533664A6949F1
:10CD080067480DF027FB002383F31188BFF36F8F6B
:10CD18000323184602DF03B0F0BD022103F0E2FB53
:10CD280094F820303146204603F00706C3F3C205C5
:10CD380002F016FA0221384600F02CFC94F8203054
:10CD48001A46C3F3C2032B4063F3C50213461640C9
:10CD580066F3020384F8203097F93730002B0CDB98
:10CD680094F8203013F0380F01D05A0705D194F801
:10CD7800203023F03F0384F82030204600F02AFCBE
:10CD88002FE7002103F0AEFB1A22D7F8183123F45D
:10CD98001063C7F8183184F82220204600F01AFCE6
:10CDA80094F82130092543F0010384F8213097F8DD
:10CDB800583002211A463846C3F3020305E73146C4
:10CDC800204602F06DF994F84E300021384684F878
:10CDD800223003F087FBE0E7334B91F8205093E8CB
:10CDE800030002AB03E9030097F8583002211A4602
:10CDF8002B4303F0070308336B4413F8085C41F630
:10CE0800060365F3061287F8582038466381E1E681
:10CE18002946384603F066FB94F8203094F8212020
:10CE2800DB0963F3000284F8225084F8212097F884
:10CE3800582002F0070297F85810092362F30611E8
:10CE480087F858101FE740F2A723134A17491448D8
:10CE58000DF080FA002383F31188BFF36F8F284603
:10CE680002DFFFE60021384603F03CFB94F822304D
:10CE78000BB187F8383194F8203094F82120DB0979
:10CE880063F3000284F8212097F8582002F0070283
:10CE9800D1E7012219E700BF78D60101E4D60101E4
:10CEA80088CD010164CE010138CC0101FCD6010115
:10CEB8002DE9F041CF690C460546002F37D00026F2
:10CEC800637B6761172B07F10408E66118D0182BFC
:10CED8001ED040F2C933214A214922480DF03AFABE
:10CEE80086F31188BFF36F8F0323184602DF2846A5
:10CEF800394600F04BFB2846BDE8F04103F014BB6F
:10CF08004146284602F0F8F841F603036381EEE74C
:10CF180021462846FFF7ACFCE38CC3B9A3844146FD
:10CF2800204602F009F94FF605736381DFE74FF4F5
:10CF380069730A4A0C490B480DF00CFA87F31188FB
:10CF4800BFF36F8F0323184602DFE769B7E7FEF7E1
:10CF58008DFE2B8D063303449BB2DFE778D60101A3
:10CF680064CE010188CD010114D7010138B5054609
:10CF78000C4603F0C9FA10B10223A37238BD21464A
:10CF8800284600F0E5FA0028F6D0284603F0B0FA63
:10CF98000728F1D028460D2103F0A8FA17232146C7
:10CFA8006373284600F0DCFA0346E361214628460D
:10CFB800BDE83840FFF77CBF38B505460C4603F09E
:10CFC800A3FA10B10423A37238BD2146284600F005
:10CFD800BFFA0028F6D0284603F08AFA0728F1D0CD
:10CFE8002846FEF765FE0028ECD028460D2103F000
:10CFF8007DFA182321466373284600F0B1FA0346E8
:10D00800E36121462846BDE83840FFF751BF00BF1D
:10D01800F8B50C46897A06461546092900F2AE800D
:10D02800DFE801F0696E09050D0514AC375A022DC9
:10D0380000F09F80F8BD002D00F09580F8BD002D10
:10D04800F8D12146BDE8F840FFF7B6BF032DF1D16E
:10D058001946204602F066F821463046FFF70CFBD9
:10D068000546204600F0B6FA002D00F0A38094F89B
:10D0780022300921282B08BF86F8383196F8583015
:10D088001A46C3F3020363F3061286F85820A17206
:10D09800F8BD002DCED1A78CFEF7E8FDC01B030418
:10D0A800C8D494F8272094F82610304684F82250E3
:10D0B800FFF7F6FC94F82130092160F3000384F8A7
:10D0C800213096F858301A46C3F3020363F3061268
:10D0D80086F85820A172F8BD042DABD12146FFF780
:10D0E800FBFA304603F0F4FB0021304603F0FEF96A
:10D0F8000023A372F8BD002D9CD10123A372F8BDB3
:10D108001946204601F0EAFF94F8202096F87C3171
:10D11800C2F3C200C3F3C2010140C3F30203C2F366
:10D128000200034043EAC10322F03F02134384F89C
:10D13800203096F93730002B0ADB94F8203013F0B2
:10D14800380F2BD194F8203023F03F0384F8203097
:10D158000221304600F01EFA012D7FF46BAF96F8DD
:10D168003730DB091DD021463046BDE8F840FFF7CF
:10D17800FDBE2146BDE8F840FFF704BB40F20A5364
:10D188000F4A104910480DF0E5F8002383F3118881
:10D19800BFF36F8F0323184602DFF8BD5A07D7D1B4
:10D1A800D0E7204600F016FA21463046BDE8F840A0
:10D1B800FFF702BF304603F0BDF90823A372F8BD9C
:10D1C80078D6010164CE010188CD010192F81FC013
:10D1D80002F11C03ACF10702112A0AD8DFE802F0B9
:10D1E800200909090909090909091D09090909097C
:10D1F8001A17242300B580F8383183B0019101F063
:10D208009FFC002301998B7203B05DF804FB022296
:10D21800FFF78ABC0122FFF787BC0522FFF784BC11
:10D228000622FFF781BC00BF13460022FFF77CBC33
:10D2380013460322FFF778BC00230422FFF774BCCF
:10D2480010B592F81FE002F11C03BEF1160F0BD0C7
:10D25800BEF1180F0DD0242380F838310C4603F0A6
:10D2680037FB0023A37210BD0122BDE81040FFF771
:10D27800CFBE0322BDE81040FFF7CABE1346002206
:10D28800FFF7C6BE13460222FFF7C2BE00230422E0
:10D29800FFF7BEBE0023037043608360C360036171
:10D2A800704700BF037801330370704703785BB998
:10D2B800C3687BB102691AB1816861B10B60826091
:10D2C8000023C36003617047013BDBB20370002B8E
:10D2D800EED0704770474360F1E700BF03783BB179
:10D2E80000230C300B60436843B1196041607047FC
:10D2F800002304300B604368002BF6D101604160C5
:10D30800704700BF00230B60836813B11960816008
:10D3180070474160816070474068704703464068C5
:10D3280028B19968026888425A6008BF9A607047B5
:10D338004078A0F10C00B0FA80F04009704700BFB7
:10D348004078A0F10800B0FA80F04009704700BFAB
:10D358004078A0F10200B0FA80F04009704700BFA1
:10D368004078A0F11700B0FA80F04009704700BF7C
:10D378004078A0F10D00B0FA80F04009704700BF76
:10D388004078A0F10100B0FA80F04009704700BF72
:10D398004078A0F10900B0FA80F04009704700BF5A
:10D3A8004078A0F10600B0FA80F04009704700BF4D
:10D3B8004078A0F11800B0FA80F04009704700BF2B
:10D3C8004078A0F10300B0FA80F04009704700BF30
:10D3D8004078A0F10500B0FA80F04009704700BF1E
:10D3E800F8B5064608460D46F7F774FB044680B1C3
:10D3F8000027456006722C22394620306761A761F4
:10D408000FF0FEF94FF47F43FF22A7736381627226
:10D41800A3812046F8BD00BF4078A0F10200B0FA11
:10D4280080F04009704700BF4078A0F10100B0FAD1
:10D4380080F04009704700BF4078A0F10200B0FAC0
:10D4480080F04009704700BF4078A0F10900B0FAA9
:10D4580080F04009704700BF4078A0F10100B0FAA1
:10D4680080F04009704700BF4078A0F10100B0FA91
:10D4780080F04009704700BF4078A0F10200B0FA80
:10D4880080F04009704700BF4078A0F10900B0FA69
:10D4980080F04009704700BF4078A0F11800B0FA4A
:10D4A80080F04009704700BF4078A0F10100B0FA51
:10D4B80080F04009704700BF4078A0F10100B0FA41
:10D4C80080F04009704700BF4078A0F10900B0FA29
:10D4D80080F04009704700BF4078A0F10300B0FA1F
:10D4E80080F04009704700BF4078A0F10300B0FA0F
:10D4F80080F04009704700BF4078A0F10300B0FAFF
:10D5080080F04009704700BF38B5456804462DB122
:10D5180029462046BDE83840F7F7F0BA7023094A93
:10D5280009490A480CF016FF85F31188BFF36F8F7D
:10D538000323184602DF656820462946BDE83840BF
:10D54800F7F7DCBA28D7010168D7010188CD0101B6
:10D55800024B1868003818BF012070477C01002171
:10D5680010B50448F7F7B6FA04460430FEF76CFB2A
:10D57800204610BD7C01002108B50120FAF7CCF83F
:10D58800003818BF012008BDFAF7E2B8B830FFF735
:10D59800B9BE00BF38B590F82E3105460C461BB110
:10D5A8001C4385F82E4138BDB830FFF77BFE95F84F
:10D5B8002E311C4385F82E4138BD00BF90F82E311E
:10D5C80023EA010180F82E1101B17047B830FFF746
:10D5D8006DBE00BF38B58569044645B12B792D2B42
:10D5E80004D02D232B71A36922691A6038BD4FF42A
:10D5F8009673074A074908480CF0ACFE85F3118872
:10D60800BFF36F8F0323184602DFA569E6E700BF63
:10D6180028D7010174D7010188CD010138B5856982
:10D6280004465DB12B792D2B00D038BD01232B7119
:10D63800A169BDE838400868FAF75AB84FF49D73F5
:10D64800064A074907480CF085FE85F31188BFF3A1
:10D658006F8F0323184602DFA569E3E728D7010186
:10D6680074D7010188CD01018B6913B11A792D2A6C
:10D6780008D0CB692BB1D0F834211A60CB69C0F837
:10D688003431704701221B68D0F830C1C3F804C098
:10D698008B691A718B69C0F83031EAE7F8B50D4F1C
:10D6A80005463846F7F716FA044680B10026476063
:10D6B80005722C22314620306661A6610FF0A0F871
:10D6C8004FF47F43FF22A67363816272A3812046D1
:10D6D800F8BD00BF6C01002110B50A4B1022586834
:10D6E8005021F7F7D3F9084B102258685021F7F763
:10D6F800CDF9BDE81040054B40222C215868F7F7BA
:10D70800C5B900BF740100216C0100217C01002112
:10D7180038B50446002501F0D3F92046C4E934554C
:10D7280084F8DC5003F0C8F8C4F80051C4E938554F
:10D7380084F8EE50A4F8EC50A4F8F050C4F8035163
:10D74800A4F82051C4F80851C4F80C51C4F8105179
:10D75800C4F81451C4F81851C4F81C51F9F77EF8EC
:10D7680094F87230C4E94C55C4E9460123F0180313
:10D7780084F82E5184F87230258638BD0846014950
:10D78800F7F7BCB97C01002138B51446B0F8DA20A7
:10D79800034622B191420ED2521AA0F8DA20B3F809
:10D7A800EA2022B191420DD2521AA3F8EA200023AE
:10D7B8001846237038BD01F02DF8054658B12B7A6C
:10D7C8000A2B03D022236FF07300F2E76FF0730087
:10D7D80095F82030EDE740F20223064A064907484B
:10D7E8000CF0B8FD85F31188BFF36F8F032318463B
:10D7F80002DFE4E728D7010188D7010188CD0101BC
:10D80800034B0B44B3FBF1F3A0F8F030704700BFB3
:10D81800FF59620210B5044603F056F82046BDE8E9
:10D82800104001F055B900BF10B5044611B10129E7
:10D8380007D010BD03F050F82046BDE8104001F0B5
:10D84800A9B903F04DF82046BDE8104001F0C6B96B
:10D8580070B5D0F83041064634B120682146446896
:10D86800F9F73AFF002CF8D10023D6F83441C6F86E
:10D8780030313CB1054D204624682946F7F73EF97A
:10D88800002CF8D10023C6F8343170BD7C0100218A
:10D8980090F93730002B14DA70B504460E46032091
:10D8A80009491546FFF79CFD014640B1204681F81D
:10D8B800206081F8215000F079FF002070BD0C2015
:10D8C80070BD0C20704700BF7401002110B50749D6
:10D8D80004460120FFF784FD28B10146204600F0E8
:10D8E80065FF002010BD0C2010BD00BF7401002191
:10D8F80038B504460D4602200849FFF771FD58B1B6
:10D90800014690F82030204665F3000381F8203066
:10D9180000F04CFF002038BD0C2038BD74010021F8
:10D9280010B5074904460420FFF75AFD28B10146FF
:10D93800204600F03BFF002010BD0C2010BD00BFAA
:10D9480074010021F8B51C4690F93730002B25DB0F
:10D9580005460F46052012491646FFF741FD0146C8
:10D96800E0B13A687B68C1F82120C1F825303378E6
:10D97800284681F82930737881F82A302668656846
:10D98800A268E368C1F82B60C1F82F50C1F83320B2
:10D99800C1F8373000F00AFF0020F8BD0C20F8BDB0
:10D9A80074010021F8B51C4690F93730002B25DBAF
:10D9B80005460F46062012491646FFF711FD014697
:10D9C800E0B13A687B68C1F82120C1F82530337886
:10D9D800284681F82930737881F82A3026686568E6
:10D9E800A268E368C1F82B60C1F82F50C1F8332052
:10D9F800C1F8373000F0DAFE0020F8BD0C20F8BD81
:10DA0800740100212DE9F041054688460720104998
:10DA180017461C469DF81860FFF7E2FCA8B10146BE
:10DA2800E30008F0070803F03803BF0143EA0803DE
:10DA380007F040073B4343EAC613284681F82030E5
:10DA480000F0B4FE0020BDE8F0810C20BDE8F081B4
:10DA58007401002138B504460D4601F017F9204637
:10DA680002F098FF0A200749FFF7BAFC38B10146CF
:10DA7800204681F8205000F099FE002038BD0C2087
:10DA880038BD00BF7401002138B590F93730002B3C
:10DA980012DB04460D460B200849FFF7A1FC01469E
:10DAA80050B12B68C0F822302B79204681F82630F7
:10DAB80000F07CFE002038BD0C2038BD7401002128
:10DAC80008B590F93730002B08DB00F0A3FE20B131
:10DAD800037A0B2B14BF0020223008BD02F010FD82
:10DAE800F5E700BF70B506460D4602F009FD20B106
:10DAF800037A0446053B012B01D90C2070BD014671
:10DB08003046FEF7ADFD0028F7D06968D5F800C0AB
:10DB1800AA68EB683046C4F82F10C4F82BC0214619
:10DB2800C4F83320C4F83730FEF792FD002070BDEA
:10DB380038B5054602F0E4FC20B1037A0446053BFB
:10DB4800012B01D90C2038BD01462846FEF788FD77
:10DB58000028F7D028462146FEF77EFD002038BD74
:10DB68002DE9F0470546D0F818019A4683070F4675
:10DB78001646BDF82090DDF8248038D495F9373062
:10DB8800002B56DB08203249FFF72AFC0446002CFC
:10DB98005CD0237A082B30D0092B3AD1E78426852C
:10DBA800A4F82AA0A4F82C90B8F1000F44D0B8F833
:10DBB80000302387B8F802306387B8F80430A387A9
:10DBC800B8F80630E387B8F80830A4F84030B8F859
:10DBD8000A30A4F8423095F93730002B12DA28467B
:10DBE800FDF786F90146284602F09EFF0AE0092063
:10DBF8001749FFF7F5FB0446C9E72685A4F82AA0CC
:10DC0800A4F82C902846214600F0D0FD0020BDE85D
:10DC1800F08740F205430F4A0F4910480CF09AFB71
:10DC2800002383F31188BFF36F8F0323184602DFA5
:10DC3800E8E71A20BDE8F0874FF0FF3208494FF6B1
:10DC4800FF73C4E90E12A4F84020C2E70C20DEE7F7
:10DC58007401002128D7010164CE010188CD01019A
:10DC68000000FFFF10B5044602F04AFC10B1037A29
:10DC7800092B00D010BD01462046BDE8104002F037
:10DC8800E3B900BF38B505460C4602F039FC18B1B7
:10DC9800027A0146092A00D038BD81F8204028467A
:10DCA800BDE8384002F0D4B908B502F029FC28B123
:10DCB800007AA0F10900B0FA80F0400908BD00BF61
:10DCC80038B505460C4600F0A5FD10B14369A342DE
:10DCD8000ED0284602F014FC10B14369A34200D0CC
:10DCE80038BD224601462846BDE8384002F0BEBD90
:10DCF80001462246284600F0ADFEEAE710B5044684
:10DD080000F088FD18B10146204600F0C7FE204605
:10DD180002F0F6FB014620B12046BDE8104002F0B3
:10DD2800B9BD10BD2DE9F041537F144606460D4696
:10DD3800002B3FD0D37F1E2B29D9304600F06AFD37
:10DD48000746304602F0DCFB0146002F5ED0FA7A27
:10DD5800E37F002848D09342C07A51D03A7B002A0A
:10DD68005DD098424ED00A7B002A4BD1072B6DD04C
:10DD7800112B04D14A7B94F820309A4242D0234692
:10DD88002A4639463046BDE8F04100F00FBE444A05
:10DD980052F8232022B104F11C00904760B1E37FC0
:10DDA800022BCAD10123224629463046BDE8F0415C
:10DDB80002F09ABDFF23D377304600F02BFD28B13F
:10DDC800E27FC37A9A420DD0037B5BB9304602F0FA
:10DDD80097FB002850D0E27FC37A9A4202D0037B97
:10DDE800002BE0D0BDE8F0819342C8D03A7B002AEE
:10DDF800C5D1072B4DD0112B4BD00D2BBFD0D1E760
:10DE080098421CD11F2386F83831EBE70028C9D087
:10DE180023462A463046BDE8F04102F0A3BC072B52
:10DE28002CD0112B18D0B3F10D0218BF0122984243
:10DE38001FD00B7BEBB9002AA1D02423E3E70A7B90
:10DE4800002ADFD1072B95D0112B98D14B7B94F862
:10DE580020209A42D6D092E77A7B94F82030D21AC2
:10DE680018BF0122112804D0087B10B9487B9842BA
:10DE7800E1D1002ACCD1C5E7034694E77A7B94F830
:10DE88002030D21A18BF01220728EDD1002ABFD1AD
:10DE9800B8E77A7B94F820309A4283D16FE700BFC5
:10DEA8008CD7010170B505460E46FFF759FB0446AD
:10DEB80000285BD0337A211D013B092B06D8DFE807
:10DEC80003F021272D3405050505053ADD232E4AE3
:10DED8002E492F480CF03EFA002383F31188BFF334
:10DEE8006F8F0323184602DFE379214673732846B0
:10DEF800FFF74CFB337A0A2B24D02846BDE8704044
:10DF080000F046BD084600F0DFFE1323F372EBE78E
:10DF1800284600F00DFF0923F372E5E7304600F0CC
:10DF2800C5FFFF237461F372DEE7084600F0E8FFDF
:10DF38000C23F372D8E7304600F0D2FFFF23746158
:10DF4800F372D1E740F2E24442F21072EB8CB5F87A
:10DF5800741104FB03F302FB01310139B1FBF3F146
:10DF68002846BDE8704089B200F018BDA223064AD1
:10DF7800084907480CF0EEF984F31188BFF36F8F56
:10DF88000323184602DF95E708D8010164CE010192
:10DF980088CD010114D60101F8B506460C4602F0F9
:10DFA800B3FA20B103230025A3722846F8BD214601
:10DFB8003046FFF7CDFA05460028F3D02146304613
:10DFC800FFF7CEFA0746002839D0237A381D022BEE
:10DFD8002ED0042B22D0012B25D040F25E431F4ABD
:10DFE8001F4920480CF0B6F9002383F31188BFF3CA
:10DFF8006F8F0323184602DFFB7939466373304677
:10E00800FFF7C4FA304602F08FFA04233046A372B1
:10E0180002F05EFC0023A3722846F8BD00F070FFF2
:10E02800FF23E372E8E700F059FEFF23E372E3E71A
:10E038000146304600F0A2FEFF23E372DCE74FF40E
:10E048008363064A084907480CF084F987F3118866
:10E05800BFF36F8F0323184602DFB6E708D8010124
:10E0680064CE010188CD010114D6010138B50B7ABF
:10E078000C46013B0546092B10D8DFE803F00505DF
:10E08800091F0F0F0F0F0F2BBDE83840FFF784BF94
:10E09800284602F01DFC0023A37238BD40F20E533F
:10E0A800144A154915480CF055F9002383F31188D3
:10E0B800BFF36F8F0323184602DF38BD90F8003195
:10E0C800002BE5D1FFF768FF0028E6D0012385F88B
:10E0D800003138BD90F93730002B02DB02238B72F8
:10E0E80038BD02F0F5FB002294F82030A27285F8C2
:10E0F800383138BD08D8010164CE010188CD01014D
:10E1080070B515468A7A0C460646042A00F29180B4
:10E11800DFE802F00E0313060500022D2BD070BDB8
:10E12800002DFCD121463046BDE87040FFF79EBF68
:10E13800002DF4D10123A37270BD002DEFD1237AF5
:10E148000A2B09D1304602F0C3FB002294F8203094
:10E15800A27286F8383170BD40F224533D4A3E49D8
:10E168003E480CF0F7F885F31188BFF36F8F03234F
:10E17800184602DFE6E7D9788A1E6172172A33D873
:10E1880001A151F822F000BF19E20001F1E10001FC
:10E19800F1E10001F1E10001F1E10001F1E100012B
:10E1A80011E20001F1E10001F1E10001F1E10001FA
:10E1B80033E20001F1E1000111E20001F1E10001A7
:10E1C800F1E10001F1E100012DE10001F1E10001BF
:10E1D800F1E10001F1E10001F1E10001F1E10001EB
:10E1E800F1E100012BE2000140F20D43194A1C49FC
:10E1F8001A480CF0AFF8002383F31188BFF36F8F30
:10E208000323184602DF8DE7194600F0F7FD89E77A
:10E218001946204600F070FE08213046FFF7BAF98B
:10E2280080E7194600F054FE7CE7194600F090FE9E
:10E2380078E740F28A53074A094908480CF08AF8F7
:10E24800002383F31188BFF36F8F0323184602DF7F
:10E2580070BD00BF08D8010150D8010188CD010167
:10E2680064CE01012DE9F0410026D1F818800C4652
:10E2780005468E61B8F1000F37D00126032788F8CC
:10E288000470AB8C08F11C01A8F80630237A022B25
:10E2980018D0042B13D1637A0C2B3CD040F20F1307
:10E2A800214A224922480CF055F8002383F31188AB
:10E2B800BFF36F8F384602DF66B1BDE8F08140F2E8
:10E2C800AB13EDE7637A072B29D0092B09D04FF45C
:10E2D8008173E5E74146D8F80000BDE8F041F9F759
:10E2E80007BA284600F06CFDE6E7FFF74DF98046CF
:10E2F8000028C3D14FF4C6730B4A0E490C480CF0E2
:10E3080029F888F31188BFF36F8F0323184602DFBB
:10E3180088F80480FFDE284600F004FECCE720469B
:10E3280000F0F8FCC8E700BF08D8010164CE01017D
:10E3380088CD010174D6010138B50B7A0C46013B32
:10E348000546092B16D8DFE803F025330F05151508
:10E358001515153D4B7A0C2B21D18B69002B39D023
:10E3680021462846FFF77EFF284600F0E9FB0023F8
:10E37800A37238BD4FF413731B4A1C491C480BF099
:10E38800E9FF002383F31188BFF36F8F0323184637
:10E3980002DF38BD4B7A072BE6D0132BE4D02423B9
:10E3A800284685F8383100F0CBFB0023A37238BD2E
:10E3B8004B7A072B01D0092BF1D194F82030DB07D9
:10E3C800D2D5CDE700F0BCFB00221623A27285F857
:10E3D800383138BDFFF7D0F80028C1D1284600F001
:10E3E800D7FA0423A37238BD08D8010164CE01010D
:10E3F80088CD010170B50E7A0C46731E0546092BAF
:10E4080006D8DFE803F0151C5A3005050505054C4C
:10E4180040F2CF233F4A404940480BF09BFF00237E
:10E4280083F31188BFF36F8F0323184602DF70BD93
:10E4380000F09EFA00285CD00123A37270BD00F0A2
:10E4480097FA0028F8D121462846FFF781F80028D6
:10E45800F2D021462846FFF725FD6369002B08BF47
:10E468000326A67270BD90F80031002B39D100F058
:10E478007FFA0028E0D121462846FFF769F80028EE
:10E48800DAD021462846FFF70DFD62690123002AEC
:10E498000CBF03220222A27285F8003170BDFFF77B
:10E4A80057F80028C8D021462846FFF7FBFC16225B
:10E4B800022384F82020A37270BD00F059FA0028C6
:10E4C800BAD121462846FFF743F80028B4D02146A0
:10E4D8002846FFF7E7FC6369002B18BF0226A672DF
:10E4E80070BD0C2200234A728B61BDE87040FFF7B3
:10E4F80023BF21462846FFF72BF800289CD0214649
:10E508002846FFF7CFFC6369002B0CBF03230223C7
:10E51800A37270BD08D8010164CE010188CD010144
:10E5280070B50C46897A06461546042900F29C8087
:10E53800DFE801F003031B280600002D5CD070BD46
:10E54800002DFCD1237A042B00F080804FF45F73F8
:10E558004D4A4E494E480BF0FDFE85F31188BFF336
:10E568006F8F0323184602DF70BD052DE7D1237A8C
:10E57800032B01D00A2BE2D121463046BDE870407A
:10E58800FFF7DABE012DDAD1D9788A1E6172172A0F
:10E5980037D801A151F822F04FE600010BE600013F
:10E5A8000BE600010BE600010BE6000145E6000161
:10E5B8000BE600013DE600010BE600010BE6000159
:10E5C80035E6000181E500010BE600010BE60001DC
:10E5D8000BE600012BE600010BE6000181E50001D6
:10E5E8000BE600010BE600010BE600010BE600015B
:10E5F8000BE6000181E500012146BDE87040FFF708
:10E60800F9BE40F24F33204A204921480BF0A2FEC0
:10E61800002383F31188BFF36F8F0323184602DFAB
:10E62800AAE71946204600F03BFDA5E7194600F089
:10E638008FFCA1E7194600F00FFC9DE7194620461C
:10E6480000F064FB98E740F23633DCE7FEF794FF0E
:10E6580000283FF474AF21463046FFF703FE3046EA
:10E6680000F06EFAA57270BD40F29A33064A074967
:10E6780007480BF06FFE002383F31188BFF36F8FF9
:10E688000323184602DF70BD08D8010164CE0101DA
:10E6980088CD0101134605220433FFF741BF00BFAF
:10E6A800134601221C33FFF73BBF00BF134600226D
:10E6B800FFF736BF134602221C33FFF721BD00BF08
:10E6C80013460022FFF71CBD70B5044607F004FB93
:10E6D80068B1D4F8D05045B1D4F8D4202B6895420D
:10E6E800C4F8D03008BFC4F8D430284670BD0546F9
:10E6F8000121032007F08EFA2A460646012103204D
:10E70800F6F786FAD4F8D05045B1D4F8D4202B685F
:10E718009542C4F8D03008BFC4F8D430002EE4D0F5
:10E72800012203201146F6F773FA284670BD00BF90
:10E7380070B5044607F0D0FA40B1D4F8D050DDB136
:10E7480000220123A4F8DA20AB7370BD054601212D
:10E75800032007F05FFA06462A4601210320F6F750
:10E7680057FAD4F8D050002EE9D0012203201146E0
:10E77800F6F74EFA002DE3D14FF4F573084A09492C
:10E7880009480BF0E7FD85F31188BFF36F8F03236A
:10E79800184602DF00220123A4F8DA20AB7370BD0B
:10E7A8006CD80101B4D8010188CD0101F8B505463E
:10E7B8000C4607F091FA40B100232360D5F8D43015
:10E7C800F3B11C60C5F8D440F8BD0646012103200A
:10E7D80007F020FA3246074601210320F6F718FA17
:10E7E8002660D5F8D43083B11C60C5F8D440002F1A
:10E7F800EAD0BDE8F840012203201146F6F708BA2E
:10E80800C5F8D040C5F8D440F8BDC5F8D040C5F823
:10E81800D440ECE770B5054607F05EFA18B1D5F8B4
:10E82800D040204670BD04460121032007F0F2F9CC
:10E838000646224601210320F6F7EAF9D5F8D0402A
:10E84800002EEED0012203201146F6F7E1F920460A
:10E8580070BD00BF38B50C460546FFF7DBFF8442A4
:10E868000DD05223174A184918480BF073FD00239E
:10E8780083F31188BFF36F8F0323184602DFA36960
:10E8880013B11B792D2B07D02846FFF71DFF204613
:10E89800BDE83840FEF738BE57230A4A0C490B48F2
:10E8A8000BF058FD002383F31188BFF36F8F032308
:10E8B800184602DF2846FFF707FF2046BDE8384024
:10E8C800FEF722BE6CD80101C8D8010188CD01012C
:10E8D800DCD8010138B50546FFF79CFF037A0446EA
:10E8E800013B0A2B2DD8DFE803F0060606061A1AA4
:10E8F800201414062600014600222846FFF7D6FEFB
:10E90800A37B03B938BD21462846BDE83840FFF748
:10E91800A1BF01460022284601F068FBF0E7014646
:10E9280000222846FDF770FEEAE701460022284645
:10E93800FEF77AFCE4E701460022284601F096FB40
:10E94800DEE74FF4EF73074A074908480BF002FD6A
:10E95800002383F31188BFF36F8F0323184602DF68
:10E96800CEE700BF6CD8010164CE010188CD01015A
:10E9780090F8DC00A0F10100B0FA80F0400970477F
:10E98800012380F8DC307047002380F8DC307047C2
:10E99800B0F8F030A0F8DA30704700BFA0F8DA100D
:10E9A800704700BF0023A0F8DA30704738B50C462E
:10E9B80011461A46A3690546FBB1217A01390A298D
:10E9C80032D8DFE801F0060606062222271D1D06BA
:10E9D8002C0021462846FFF763FEA36923B11B7963
:10E9E8002D2B1CBF0023A361A37B03B938BD21468F
:10E9F8002846BDE83840FFF72DBFA2612161DCE75A
:10EA08002146284601F0A8FAE7E721462846FDF7FF
:10EA1800D7FDE2E721462846FEF7D8FBDDE7214689
:10EA2800284601F019FBD8E740F24913064A07497E
:10EA380007480BF08FFC002383F31188BFF36F8F17
:10EA48000323184602DFC8E76CD8010164CE010130
:10EA580088CD010138B50B7A0C46072B054619D02D
:10EA68000A2B944606D0032B04D00022A37B6261B4
:10EA780053B938BD624621462846FFF70BFE0022EF
:10EA8800A37B6261002BF4D021462846BDE83840BC
:10EA9800FFF7E0BEFEF7CCFBE7E700BF38B50B7A1F
:10EAA8000C46072B054608D0A37B03B938BD214681
:10EAB8002846BDE83840FFF7CDBEFEF7BDFBF3E7BB
:10EAC8000222002380F8D820A0F8DA30704700BF6F
:10EAD80038B590F8D8300446032B1AD8DFE803F08D
:10EAE80002100F10FFF796FE48B1057A2046FFF78F
:10EAF800F1FE0A2D14BF0123032384F8D83038BD52
:10EB0800FFF788FE0028FAD02046BDE83840FFF716
:10EB1800E1BE4FF41B73074A074908480BF01AFC7B
:10EB2800002383F31188BFF36F8F0323184602DF96
:10EB380038BD00BF6CD8010164CE010188CD010148
:10EB480010B590F8D8300446032B0DD8DFE803F051
:10EB580008020702FFF7ECFD002384F8D83010BD47
:10EB6800BDE81040FFF7E4BD4FF41B73064A0749A0
:10EB780007480BF0EFFB002383F31188BFF36F8F77
:10EB88000323184602DF10BD6CD8010164CE0101D1
:10EB980088CD010108B590F8D830022B13D000D8E1
:10EBA80008BD032BFCD04FF41B73094A09490A48D6
:10EBB8000BF0D0FB002383F31188BFF36F8F03237F
:10EBC800184602DF08BD002380F8D83008BD00BF12
:10EBD8006CD8010164CE010188CD010138B590F8E7
:10EBE800D8300446032B3AD8DFE803F0092612137D
:10EBF80020462946FEF738FD2846FEF785FC2046C4
:10EC0800FFF762FD05460028F2D1022384F8D830C8
:10EC180038BDFFF759FD05460028F6D0294620469D
:10EC2800FEF722FD2846FEF76FFC2046FFF74CFD55
:10EC380005460028F2D1E8E7FFF746FD054600281B
:10EC4800E3D029462046FEF70FFD2846FEF75CFC78
:10EC58002046FFF739FD05460028F2D1D5E74FF4E5
:10EC68001B73074A074908480BF074FB002383F31A
:10EC78001188BFF36F8F0323184602DF38BD00BF2A
:10EC88006CD8010164CE010188CD010138B5054673
:10EC9800FFF71AFD68B1044621462846FEF7E4FC52
:10ECA8002046FEF731FC2846FFF70EFD04460028F3
:10ECB800F2D1002428462146A5F8DA4001F012FCDA
:10ECC80085F8D84038BD00BF012112220378417071
:10ECD80043F003030370C270704700BF0121132281
:10ECE8000378417043F003030370C270704700BF9C
:10ECF8004FF0020C07220B7881F801C043F00303A0
:10ED08000B70CA7090F84C300B7170470B7980F813
:10ED18004C3070474FF0020C07220B7881F801C085
:10ED280043F003030B70CA7090F84C300B717047B6
:10ED380009224FF0080C10B50B7881F803C043F096
:10ED480003034A700B7090F937300C46002BACBFA8
:10ED580063460E23CB70F7F781FD0022606061F3F4
:10ED68000702C1F307200B0C60F30F2263F317426D
:10ED78001B0A63F31F62A26010BD00BF38B50C46C2
:10ED88000546F7F76BFD09222378627043F0030309
:10ED9800E2702370D5F81831217263F0FF03184030
:10EDA800030C1A0AA3710B0CC0F307252071E2713A
:10EDB800C1F307201A0A65716072A372E27238BD46
:10EDC80009220B784A7043F003030B70CA70D0E92C
:10EDD8004423100CC2F3072C0A711A0C81F805C0E1
:10EDE80088714FEA102C0B72C3F30720130A81F8BD
:10EDF80007C048728A72CB72704700BF00222DE9A3
:10EE0800F04105464868134E430F83EA107303F038
:10EE180001038F68D91852410640C91842F100040D
:10EE280086EA0178F7F71AFD012207F0EF0747EAAB
:10EE3800047408EA00000C4060F0FF03C5E94604CA
:10EE48003340C5F81471C5F8103185F80821BDE8BC
:10EE5800F08100BF2FCF87F700222DE9F04105464A
:10EE68004868114F430F83EA107303F001038E685B
:10EE7800D91807EA00075241C91842F1000487EA85
:10EE88000178F7F7EBFC012306F0EF0646EA047475
:10EE980008EA00000C40C5E94476C5E9460485F84F
:10EEA8000831BDE8F08100BF2FCF87F74FF0030C82
:10EEB80019220B7881F801C043EA0C030B70CA7061
:10EEC80090F820300B7190F821304B71704700BFDB
:10EED8000B7980F820314B7980F82131704700BFD9
:10EEE80002220B784A7043F003030B70CA7090F843
:10EEF80020300B71704700BF0B7980F820307047C5
:10EF08004FF0060C40F60C510378054A43F0030312
:10EF180080F801C00370A0F80310C0F805207047FE
:10EF2800F105FFFF4FF0060C0C220B7881F801C0A9
:10EF380043F003030B70CA7090F802310B71B0F8FC
:10EF48000331A1F80530B0F80531A1F80730704752
:10EF5800012380F801310B7980F80231B1F80530CE
:10EF6800A0F80331B1F80730A0F80531704700BFA9
:10EF7800032210B517240B784C7013430B70CA701A
:10EF8800D0F82530D0F821208B604A6090F82930DD
:10EF980001F10E040B7390F82A304B7306F09CFEB7
:10EFA8000C2120B12046BDE8104003F0E1BC20460A
:10EFB800BDE8104003F0D2BC03224FF0170C0B78C9
:10EFC80081F801C013430B70CA70D0F82530D0F80F
:10EFD80021208B604A6090F829300B7390F82A3012
:10EFE8004B7370470D21042210B50378417043F02C
:10EFF80003030370C270841806F06EFE0C2120B162
:10F008002046BDE8104003F0B3BC2046BDE81040E0
:10F0180003F0A4BC012105220378417043F00303E7
:10F028000370C270704700BF012106220378417047
:10F0380043F003030370C270704700BF01210A2226
:10F048000378417043F003030370C270704700BF38
:10F0580001210B220378417043F003030370C2704F
:10F06800704700BF4FF0020C0D22037880F801C0F2
:10F0780043F003030370C2700171704700B54FF08D
:10F08800030E4FF0110C037880F801E043EA0E03F9
:10F09800037080F803C0017142715DF804FB00BF82
:10F0A8000B7980F84D304B7980F84E30704700BFAF
:10F0B8004FF0030C16220B7881F801C043EA0C03C9
:10F0C8000B70CA7090F82030C3F3C2034B7190F8EC
:10F0D8002030C3F302030B71704700BF0A7990F820
:10F0E800203062F3C5031A4680F820304B7963F369
:10F0F800020280F8202070474FF0030C17220B788B
:10F1080081F801C043EA0C030B70CA7090F87C3197
:10F11800C3F3C2034B7190F87C31C3F302030B7144
:10F12800704700BFCB8883840B7980F826304B79F1
:10F1380080F82730704700BF4FF0050C18220B7875
:10F1480081F801C043F003030B70CA70838CCB8035
:10F1580090F826300B7190F827304B71704700BF3C
:10F168000A7990F8203062F3C5031A4680F82030F7
:10F178004B7963F3020280F8202070474FF0180C97
:10F188000F220B7881F801C043F003030B70CA709B
:10F19800C38C8B80038DCB80438D0B81838D4B81FA
:10F1A80090F834300B73C38EA1F80D30038FA1F89B
:10F1B8000F30438FA1F81130838FA1F81330C38F1C
:10F1C800A1F81530B0F84030A1F81730B0F8423047
:10F1D800A1F81930704700BF4FF0180C10220B78B7
:10F1E80081F801C043F003030B70CA70C38C8B8095
:10F1F800038DCB80438D0B81838D4B8190F8343008
:10F208000B73C38EA1F80D30038FA1F80F30438F15
:10F21800A1F81130838FA1F81330C38FA1F81530EE
:10F22800B0F84030A1F81730B0F84230A1F81930E2
:10F23800704700BF8B88C384CB8803850B894385BF
:10F248004B8983850B7B80F83430B1F80D30C38649
:10F25800B1F80F300387B1F811304387B1F8133094
:10F268008387B1F81530C387B1F81730A0F840305C
:10F27800B1F81930A0F84230704700BF8B88C384BA
:10F28800CB8803850B8943854B8983850B7B80F865
:10F298003430B1F80D30C386B1F80F300387B1F8B8
:10F2A80011304387B1F813308387B1F81530C3871D
:10F2B800B1F81730A0F84030B1F81930A0F8423052
:10F2C800704700BF4FF0000C00B54FF00C0E0B78E4
:10F2D80081F801E043F003030B7081F803C090F854
:10F2E80023300B4A0B71036BA2FB03239B0AA1F883
:10F2F8000530438DA1F80930038DA1F80730838DBF
:10F30800A1F80B30838CA1F80D305DF804FB00BF29
:10F318005917B7D140F2E2420B7980F82330B1F89F
:10F32800053002FB03F30363B1F809304385B1F8F4
:10F3380007300385B1F80B308385B1F80D3083842D
:10F34800704700BF4FF0080C01220B7881F801C00C
:10F3580043F003030B70CA70038CA1F80930D0F88E
:10F3680022304B6090F826300B727047B1F80930A4
:10F3780003844B68C0F822300B7A80F82630704737
:10F38800F8B50023CE690C4607461546CB61A6B3EF
:10F398000F2D06F104011BD0112D21D0E5B14FF43A
:10F3A800A373204A204921480AF0D4FF002383F39D
:10F3B8001188BFF36F8F0323184602DFF3793146B4
:10F3C80063733846FEF7E2F8237A092B10D0F8BDAC
:10F3D8002046FFF7D3FEF1E72046FFF773FFEDE77E
:10F3E800084694F8202094F82110FFF747FEE5E737
:10F3F8003846BDE8F840FFF7CBBAFEF7B1F8064645
:10F408000028C5D140F22F13064A094907480AF0D7
:10F41800A1FF86F31188BFF36F8F0323184602DF1D
:10F42800B6E700BF34D9010164CE010188CD0101DE
:10F4380014D60101002370B58C690D4606468B6110
:10F4480004B3192322792371B38CE38095F8203013
:10F45800237743B92B8D2D2AE3836B8D2384AB8DC2
:10F46800638409D070BDF38C2D2AE383338D238404
:10F47800B6F874316384F5D121462068BDE8704040
:10F48800F8F736B940F20713064A074907480AF061
:10F4980061FF84F31188BFF36F8F0323184602DFDF
:10F4A800CFE700BF34D9010174D6010188CD01012D
:10F4B800F8B500238C690D4606468B6194B1032389
:10F4C80027792371B38C284604F11C01E380FFF7E8
:10F4D80055FE2D2F00D0F8BD21462068BDE8F84024
:10F4E800F8F706B94FF45973064A074907480AF06E
:10F4F80031FF84F31188BFF36F8F0323184602DFAF
:10F50800DDE700BF34D9010174D6010188CD0101BE
:10F5180030B5C38C0A8D4C8D93428D8D85B002D148
:10F52800038DA34214D0012381F8223002950B6B7E
:10F53800CDE900240C7A91F82320898C0391A4F159
:10F548000801B1FA81F14909F1F79AFD05B030BD1A
:10F55800B0F874315B1B18BF0123E5E7F8B5002349
:10F56800CD690C4607461646CB61002D3FD0291DB4
:10F57800112E0AD8DFE806F02E0909090909092A17
:10F58800090909090909090932224FF45273224A63
:10F59800224923480AF0DEFE002383F31188BFF3D3
:10F5A8006F8F0323184602DFEB79294663733846C9
:10F5B800FDF7ECFF237A092B14D0F8BD084694F820
:10F5C800202094F82110FFF759FDEDE72046FFF7BA
:10F5D8008FFBE9E72046FFF775FEE5E72046FFF7D2
:10F5E800FBFDE1E73846BDE8F84000F09DBFFDF7B8
:10F5F800B7FF05460028BAD140F22E33064A09491A
:10F6080007480AF0A7FE85F31188BFF36F8F03231D
:10F61800184602DFABE700BF34D9010164CE01010F
:10F6280088CD010114D601012DE9F0411B4E044695
:10F6380033680D462BB1834203D00123AB72BDE87A
:10F64800F0812046FFF794F90028F6D1204600F013
:10F6580051FF07460028F0D129462046FDF778FFDC
:10F668000028EAD02046FCF701FB8046012120460D
:10F6780000F038FF0F222946204685F83470A5F897
:10F6880036803460FFF77CFE94F83730DB090CBF16
:10F6980041F2020304236B81D1E700BF44420021F9
:10F6A800C38C052B03D9028DB2F5486F01D9002010
:10F6B80070479342FBD8438DB3F5FA7FF7D200B574
:10F6C80040F6764EB0F82CC0ACF10A0189B271450B
:10F6D80002D900205DF804FB01339BB202FB03F35F
:10F6E800B3EB8C0FF5D290F8340090428CBF002019
:10F6F8000120EFE738B58B690C46054673B140F237
:10F7080086331B4A1B491C480AF024FE002383F356
:10F718001188BFF36F8F0323184602DFFDF734FF0C
:10F728002D2100230122A0610171236394F8343054
:10F7380084F823204BB1228DE18CB2FBF3F202FB5B
:10F7480003F39BB2994298BF23852846FCF78EFAAB
:10F758000346B5F828C000220CF1060C6344A384C4
:10F7680028462146FFF7FAFE4FF60B73638138BD32
:10F7780034D9010180D9010188CD010138B5054688
:10F788000C4600F0C1FE10B10923A37238BD214612
:10F798002846FDF7DDFE0028F6D021462846FDF76D
:10F7A800DFFEE061FDF7E8FE10B90C23A37238BD57
:10F7B80021462846BDE83840FFF79CBF38B50546C6
:10F7C8000C46FFF7D5F810B10323A37238BD2146C4
:10F7D8002846FDF7BDFE0028F6D021462846FDF74D
:10F7E800BFFEA369E06133B32D2001220021187107
:10F7F80094F83430216384F823204BB1228DE18CB6
:10F80800B2FBF3F202FB03F39BB2994298BF238544
:10F818002846FCF72BFA0346B5F828C000220CF15D
:10F82800060C6344A38428462146FFF7A9FDFF225E
:10F838000623E272C9E7FDF79FFE38B1A369002BE2
:10F84800D2D1FDF7A1FE0346A061CDE70723BCE7AF
:10F8580070B50C460546FCF709FAA38CC31A1B04BD
:10F8680000D570BD21462846FFF752FE237A092BA2
:10F8780015D094F82260E6B92046FDF7CFFEA661C0
:10F88800284601F025F8237A092B05D10D4B1A6873
:10F89800954204BF00221A600023A37270BD284657
:10F8A80000F048FE237A092BE3D194F82030002B8E
:10F8B800DFD000232146284684F82030FFF7BAFD20
:10F8C800DEE700BF4442002170B506460C4600F052
:10F8D8001BFE10B10623A37270BD054621463046B3
:10F8E800FDF736FE0028F5D0112221463046FFF7F5
:10F8F80035FE304600F0ECFF237A092B04D1044B87
:10F908001A68964208BF1D600023A37270BD00BF2D
:10F918004442002170B5204A064613680C468BB154
:10F9280083420FD002238B7200F0EEFD054620B90A
:10F9380021463046FDF70CFE08BB2046BDE8704066
:10F94800FDF748BE218DF38C16609942628DA08D1B
:10F9580006D021463046FFF7ABFD0423A37270BDE5
:10F96800338D9342F5D1B6F874318342F1D12046F4
:10F97800FDF754FE00220523A261A37270BD4FF467
:10F988007263214630462384FFF79EFF2046FDF729
:10F9980045FEA56170BD00BF4442002170B5154603
:10F9A8008A7A0C4606460C2A00F28B80DFE802F0C1
:10F9B8000B172A323C4657895E686F820700002D74
:10F9C80000F08F8070BD002DFCD1237A082B00F049
:10F9D800AB80092B40F099800123A37270BD012DE3
:10F9E800F0D120461946FFF725FC2046FFF758FEC0
:10F9F80050B940F61E73238421463046BDE8704056
:10FA0800FFF762BF012DDDD821463046BDE87040C2
:10FA1800FFF780BF002DD5D1FDF7AEFD002840F0DF
:10FA2800C5800323A37270BD032D65D0042DC9D1F1
:10FA38000F22062384F82120A37270BD002DC1D1A6
:10FA480090F93730002B5ADA94F8203083B10F231D
:10FA580084F821302146BDE87040FFF735BF002DFE
:10FA6800B0D12146BDE87040FFF72EBF002DA9D1C7
:10FA7800304600F049FD002859D00823A37270BD14
:10FA8800002D9FD12146BDE87040FFF777BE022DBB
:10FA980098D190F83720C2F3C011D20955D184F813
:10FAA8004C1000F031FD0546002800F088800D2339
:10FAB800A37270BD002D85D12146BDE87040FFF7C7
:10FAC800C7BE40F251534F4A4F4950480AF042FCD2
:10FAD800002383F31188BFF36F8F0323184602DFD7
:10FAE80070BDFDF749FD00283FF46CAF2146304654
:10FAF800BDE87040FFF7FEBD0523A37270BDA56188
:10FB08002146BDE87040FFF739BE40F2F2333D4A66
:10FB18003D493E480AF01EFC85F31188BFF36F8FFC
:10FB28000323184602DF70BD0A23A37270BD214665
:10FB38003046FDF70DFD00289FD0102221463046A3
:10FB4800FFF70CFD0A23638170BD19462046FFF7B5
:10FB5800E1FB40F67A40218D628D8B1F9BB2834278
:10FB6800A58D2AD8B2F5FA7F27D240F67640A5F1BE
:10FB78000A039BB2834220D8531C9BB201FB03F3B8
:10FB8800B3EB850F19D23046A58CFCF76FF847F612
:10FB9800FE722B1A9BB2934229D92823304686F845
:10FBA800383100F095FE0023A37270BD214630461F
:10FBB800FFF77EFC0423A37270BD1E23EEE72146E7
:10FBC8003046FDF7C5FC00283FF471AF07222146F7
:10FBD8003046FFF7C3FC304600F07AFE237A092B43
:10FBE800E1D10B4B1A689642DDD11D60DBE7204658
:10FBF800FDF7F0FC0B23A37221463046BDE87040A8
:10FC0800FFF726BE34D9010164CE010188CD010178
:10FC18004442002170B506460C46FEF7A9FE10B115
:10FC28000523A37270BD054621463046FDF790FCBA
:10FC38000028F5D02946304600F054FC1122214610
:10FC48003046FFF79DFB3046FEF77AFF237A092BF3
:10FC580002D00023A37270BD96F93730002B06DB63
:10FC6800064B1A689642F4D100221A60F1E7304632
:10FC7800FEF71AF80028F3D0EBE700BF4442002152
:10FC880070B515468A7A0C46064682B0072A00F2F5
:10FC98004A81DFE802F00920294952878C04002DA7
:10FCA80000F0BF8002B070BD002DFBD1237A082B75
:10FCB80000F0A680092B10D04FF4F573A24AA3498F
:10FCC800A3480AF047FB85F31188BFF36F8F03231E
:10FCD800184602DFE6E7002DE4D12146304602B09F
:10FCE800BDE87040FFF7A0BC032D00F0C780042DCD
:10FCF80000F08980012DD5D119462046FFF7BEFABC
:10FD08003046022100F0EEFB2046FFF7C9FC002830
:10FD180040F0EF8041F21E0321463046238402B0B2
:10FD2800BDE87040FFF776BF002DBBD121463046B5
:10FD380002B0BDE87040FFF741BD032D00F0C98057
:10FD4800042D00F0BB80022DACD119462046FFF7E8
:10FD5800E1FA40F67A41228D608D931F9BB28B4267
:10FD6800B4F82CC000F2B780B0F5FA7F80F0B38009
:10FD780040F67641ACF10A039BB28B4200F2AB80AD
:10FD8800431C9BB202FB03F3B3EB8C0F80F0A38000
:10FD98002946304600F0A6FB2046FDF71BFC06234B
:10FDA800A3727FE7002D7FF47DAF2146B7E7002DD2
:10FDB8007FF478AFFBF75AFFA38CC01A03043FF512
:10FDC80071AF2946304600F08DFB21463046FFF7DB
:10FDD8009FFB237A092B00F08E8094F82250002D87
:10FDE80040F095802046FDF719FC3046A561FEF7E6
:10FDF800A7FE237A092B56D00023A37202B070BD48
:10FE08002146A56194E73046022100F06BFB2046AD
:10FE1800D6F8183123F00203C6F81831FDF7DAFBDB
:10FE280084E7FDF7A9FB00283FF43CAFA069002850
:10FE380075D02D21002301220171236394F83430F9
:10FE480084F823204BB1228DE18CB2FBF3F202FB44
:10FE580003F39BB2994298BF23853046FBF706FF10
:10FE68000346358D002206352B44A38430462146AF
:10FE7800FFF786FA4FF60673638113E75A791A2A51
:10FE8800C1D00021019300F02DFB019B5B79214635
:10FE9800304684F82030FFF7CDFA3046FEF750FEA2
:10FEA800237A092BA8D196F93730002B31DB294B5F
:10FEB8001A689642A0D100221A609DE71A22D0F84B
:10FEC8001831214623F00203C0F8183184F82020A5
:10FED800E1E75B79DBE70021304600F003FB1E23F6
:10FEE800304686F83831FEF72BFE237A092B83D16A
:10FEF800D9E7204692E73046FEF754FD237A092BCE
:10FF08007FF46BAF94F82030002B3FF466AF0023EA
:10FF1800BDE73046FDF7C8FE0028C8D06CE7FDF7FE
:10FF280033FBA06185E74FF43E73074A0749084849
:10FF38000AF010FA002383F31188BFF36F8F0323AD
:10FF4800184602DFAEE600BF34D9010164CE0101D4
:10FF580088CD01014442002170B50D46D17F044689
:10FF680002F11C0311290AD8DFE801F02609090962
:10FF78000909092009090909090909091A14242381
:10FF880080F83831FEF7DCFD2B7A092B1AD00023D4
:10FF9800AB7270BD2946BDE870400322FFF770BE02
:10FFA8002946BDE870400122FFF76ABE2946BDE830
:10FFB80070400422FFF764BE2946BDE87040022263
:10FFC800FFF75EBE94F93730002B06DB064B1A6844
:10FFD8009442DCD100221A60D9E72046FDF764FE7E
:10FFE8000028F3D0D3E700BF444200211346002283
:08FFF800FFF746BE70B5D57F8E
:020000040101F8
:1000000002F11C0335B10F2D09D1BDE8704001226A
:10001000FFF7C8BC0222BDE87040FFF7C3BC242331
:100020000E4680F83831044600F056FC337A092B2E
:1000300005D1044B1A68944204BF00221A600023C1
:10004000B37270BD4442002113460022FFF7AABCE0
:1000500000230322FFF7A6BC00230422FFF7A2BC63
:10006000242310B580F838310C46FEF76DFD0023CF
:10007000A37210BD70B58B7A0C46012B054617D9BB
:10008000022B06D1FBF7F6FD238CC01A030415D50D
:1000900070BDB6232C4A2D492D480AF05FF9002384
:1000A00083F31188BFF36F8F0323184602DF70BDFF
:1000B000FEF762FC88B10123A37270BD00212846BF
:1000C00000F014FA284604F12201FBF7E1FD28466E
:1000D000FEF73AFD0023A37270BD284600F00EFA29
:1000E0000028E8D121462846FDF736FA0028E2D05C
:1000F0000121284600F0FAF92846FBF7BBFD03462C
:100100000633214628462384FDF72EFA064660B1C1
:100110002046311DFFF71AF9F379314663732846FB
:10012000FDF738FA0223A37270BD5C23064A094921
:1001300007480AF013F986F31188BFF36F8F032382
:10014000184602DFE4E700BFA0D9010164CE010137
:1001500088CD010114D6010170B5D37F0546012B6E
:100160000C4607D0242380F8383100F0B5FB00237B
:10017000A37270BD8B7A012B12D013F0FD0FF8D053
:1001800040F22713144A154915480AF0E7F80023EE
:1001900083F31188BFF36F8F0323184602DF70BD0E
:1001A000084602F11C01FFF7E5F82846268CFBF70C
:1001B00061FD47F6FE73361AB6B29E4202D802239C
:1001C000A37270BD2823284685F8383100F084FBDF
:1001D0000023A37270BD00BFA0D9010164CE01014C
:1001E00088CD010138B58B7A012B12D0022B0C4639
:1001F00010D00BB340F22713114A124912480AF0EB
:10020000ADF8002383F31188BFF36F8F03231846E3
:1002100002DF38BD0546FBF72DFD238CC01A030411
:10022000F7D4284604F12201FBF732FD284600F0FE
:1002300053FB0023A37238BD01238B7238BD00BF6E
:10024000A0D9010164CE010188CD010138B5D0F8F3
:10025000E03004468B420D4623D078231B4A1C49CC
:100260001C480AF07BF8002383F31188BFF36F8FDB
:100270000323184602DFAB6913B11B792D2B15D070
:10028000D4F8E03043B1D4F8E4101A689942C4F8C5
:10029000E02008BFC4F8E4202846BDE83840FDF758
:1002A00037B98B69002BE8D10B46ECE77D23074A71
:1002B000094908480AF052F8002383F31188BFF374
:1002C0006F8F0323184602DFDAE700BFE8D9010188
:1002D000C8D8010188CD0101DCD8010138B5D0F8BA
:1002E000E05004462B7A013B0A2B28D8DFE803F0C4
:1002F0000606060618181D131306220000222946BA
:10030000FEF7E2F9AB7B2BB129462046BDE8384029
:10031000FFF79CBF38BD00222946FFF795FEF1E7A5
:1003200000222946FCF7A8F9ECE700222946FCF751
:10033000A9FFE7E700222946FFF754FFE2E74FF461
:10034000E773074A074908480AF008F8002383F3CF
:100350001188BFF36F8F0323184602DFD2E700BF77
:10036000E8D9010164CE010188CD010170B5D0F852
:10037000E05004461DB394F8EC30012B03D1022366
:1003800084F8E83070BD29462046FDF7E5F80028DE
:10039000F5D029462046FDF7E7F80646F0B1284695
:1003A000311DFEF7A9FCF37931466B732046FDF74A
:1003B000F1F801220023AA7384F8E83070BD40F2FE
:1003C00016230E4A0E490F4809F0C8FF85F311881D
:1003D000BFF36F8F0323184602DFCCE74FF4EF73B0
:1003E000064A0949074809F0B9FF86F31188BFF3A7
:1003F0006F8F0323184602DFD1E700BFE8D9010160
:10040000B4D8010188CD010114D6010170B5D0F82E
:10041000E0500446B5B394F8EC30012B03D101232E
:1004200084F8E83070BD29462046FDF795F800288D
:10043000F5D029462046FDF797F8064600283ED01D
:100440002046FEF7EBF92A7A037A06F1040C934270
:1004500027D0082B27D02A2194F808311BB1D4F8D3
:1004600018315B0724D46046FEF700FEF37931466D
:100470006B732046FDF78EF801220023AA7384F8DF
:10048000E83070BD40F20623144A1549154809F0BA
:1004900065FF85F31188BFF36F8F0323184602DFD2
:1004A000B9E72321D8E7092A14BF2A212321D3E75A
:1004B0000A46604694F8EF10FEF7E4FDD6E74FF4E5
:1004C000EF73064A0849074809F048FF86F3118888
:1004D000BFF36F8F0323184602DFB1E7E8D90101AC
:1004E000B4D8010188CD010114D6010180F8EE10C5
:1004F000704700BF704700BF0020704790F8ED00C4
:10050000003818BF01207047D0F8E000704700BFE6
:1005100090F8EC00A0F10100B0FA80F040097047BB
:10052000012380F8EC307047002380F8EC307047EE
:10053000B0F8F030A0F8EA30704700BF0023A0F810
:10054000EA30704738B5D0F8E040A4B10546D5F898
:10055000E4202368944221462846C5F8E03008BFCD
:10056000C5F8E430FDF784F82046FCF7D1FFD5F854
:10057000E040002CEBD138BD022938B5054612D039
:1005800004290C460AD0012900D038BDD0F8E0304B
:10059000002BFAD0BDE83840FFF7A0BEFFF7D2FF2E
:1005A00085F8E84038BD0023D0F8E04080F8ED3011
:1005B0003CB100230122A5F8EA30A27385F8E830A7
:1005C00038BD40F22923064A0649074809F0C6FE0D
:1005D00084F31188BFF36F8F0323184602DFE8E727
:1005E000E8D90101B4D8010188CD0101F8B590F82E
:1005F000E83004460E461546052B00F29F80DFE8E2
:1006000003F00E1607030B03BDE8F840FFF7B4BF75
:10061000BDE8F840FFF7AABE03290CD0F8BD71B1C0
:100620000429FBD1FFF78EFF84F8E860F8BDBDE830
:10063000F840FFF7EBBE002380F8E830F8BDD0F8B3
:10064000E070002FEAD03B7A90F8EEC0112B90F8C2
:1006500037E011D80121414A01FA03F0024052B3B8
:100660000A2B21D0C3B1204684F8ED60FFF736FE97
:10067000032384F8E830F8BD6B23394A39493A48F6
:1006800009F06CFE002383F31188BFF36F8F0323FF
:10069000184602DF3B7AE3E7EB7F204687F84C30D1
:1006A000BDE8F840FFF762BE2046FFF717FE0523BE
:1006B00084F8E830F8BD10F4386FDDD00A2BF3D0A1
:1006C000002BE9D0BCF1000F01D10E46CBE71EF0A4
:1006D000800F12D1BCF1010F22D0BCF1020F9DD1CD
:1006E0002046FEF79BF83B7A027A9A4222D0082AEB
:1006F0001ED02A2384F83831F8BDBCF1010FECD1AB
:100700002046FEF78BF808B1FF22C2720123204673
:1007100084F8ED30FFF7E2FD032384F8E830F8BDFC
:10072000EB7F204684F8EF30BDE8F840FFF76EBE5F
:10073000092BDED1232384F83831F8BD4FF44373FD
:10074000074A0849084809F009FE002383F3118885
:10075000BFF36F8F0323184602DFF8BD7FF4030059
:10076000E8D9010164CE010188CD010138B50C46FC
:100770008969054610461A46237AE9B10B2B5FD8E2
:10078000DFE803F00C060606063A3A4A42420652F1
:1007900021462846FDF792FFA16921B10B792D2B47
:1007A0001CBF0023A361A37B2BB121462846BDE8D3
:1007B0003840FFF74BBD38BDA26120610B2B3FD8FD
:1007C00001A151F823F000BF39080101910701018F
:1007D000910701019107010191070101F907010149
:1007E000F9070101190801010908010109080101BE
:1007F000910701012908010121462846FBF70CFF5A
:10080000A1690029CAD1CEE721462846FFF7F6FBA9
:10081000A1690029C2D1C6E721462846FCF714FD8C
:10082000A1690029BAD1BEE721462846FFF794FC0A
:10083000A1690029B2D1B6E711460029AED1B2E7CD
:100840004FF4A173084A0949094809F087FD0023BC
:1008500083F31188BFF36F8F0323184602DFA1696A
:1008600000299BD19FE700BFE8D9010164CE0101B7
:1008700088CD010138B50B7A0C46072B05460AD006
:100880000022A37B62612BB121462846BDE8384097
:10089000FFF7DCBC38BDFCF7F9FCF1E738B50B7AA3
:1008A0000C46072B054608D0A37B2BB121462846D2
:1008B000BDE83840FFF7CABC38BDFCF7EBFCF3E7F6
:1008C0000422002380F8E820A0F8EA30704700BF37
:1008D00000220121FFF78ABE00220221FFF786BE17
:1008E00000220321FFF782BE00220421FFF77EBE13
:1008F000F0B504460E46154683B06BB1D27F1B2A75
:100900002FD8012390F83710234FC9098B4007EBEC
:10091000420149780B402BD11846FCF7C3FE07462D
:10092000E8B100230360D4F8E430E3B11860C4F800
:10093000E4002A4600212046FFF758FEBB7B1BB18E
:1009400039462046FFF782FCD4F8E01039B12B4637
:100950003246204603B0BDE8F040FFF707BF03B0C2
:10096000F0BD0023D8E7C4F8E000C4F8E400E0E7F5
:1009700017F812300A2BCFD10193FFF7E3FD0022C5
:100980002046A4F8EA2084F8ED2084F8E820FEF759
:1009900081F9019BC0E700BF30DA010110B50446C0
:1009A000FFF7D0FD0023A4F8EA3084F8ED3084F896
:1009B000E83010BD10B50C4630B994F85C316FF3D7
:1009C000000384F85C3110BD4FF42A73094A0A49C8
:1009D0000A4809F0C3FC002383F31188BFF36F8F2B
:1009E0000323184602DF94F85C316FF3000384F8A8
:1009F0005C3110BD68DA0101B0DA010188CD010176
:100A000000B9704708B5084A4FF4287307490848E9
:100A100009F0A4FC002383F31188BFF36F8F032335
:100A2000184602DF08BD00BF68DA0101FCD40101ED
:100A300088CD0101012800D0704710B50C46F6F7AB
:100A4000FBFE84420ED04FF42673074A074908483C
:100A500009F084FC002383F31188BFF36F8F032315
:100A6000184602DF10BD00BF68DA0101C4DA0101D7
:100A700088CD01014FF6FF712DE9F843099C9DF8DF
:100A80002090A68C8E4226D00546014620469046F0
:100A90001F46FAF751FEF0B926780136F6B22670F5
:100AA0005EB300221C491D4B04F11000C860C1E96F
:100AB00000580F8181F80A90996001201146F4F7DF
:100AC000DFF850B9FF20FAF76BFE2046BDE8F84387
:100AD000FF21FAF761BFBDE8F88340F25223104AC4
:100AE0001049114809F03AFC002383F31188BFF341
:100AF0006F8F0323184602DFE4E740F24523084ADC
:100B00000A49094809F02AFC86F31188BFF36F8F60
:100B10000323184602DFC4E7505700218401002157
:100B200068DA010140CE010188CD0101B8D301018D
:100B3000C38D43B130B590F85C3189B013F0010436
:100B400002D009B030BD70470125124A2B430592EF
:100B50004A1D80F85C310321069023462046CDE9EA
:100B6000014404940094D2B20395F5F787FD10F088
:100B7000FD0FE6D040F20B23074A0849084809F068
:100B8000EDFB84F31188BFF36F8F0323184602DF58
:100B9000D7E700BFB509010168DA010168D5010195
:100BA00088CD010138B50C461546FAF7B9F948B1B8
:100BB0001CB1BDE83840FCF7BFBF2946BDE838404E
:100BC000FCF794BF022038BD38B50C461546FAF73D
:100BD000A7F958B190F93730002B05DA2A4621469B
:100BE000BDE83840FCF758BE0C2038BD022038BDA7
:100BF000704700BF00B9704708B5084A40F2164375
:100C00000749084809F0AAFB002383F31188BFF3C2
:100C10006F8F0323184602DF08BD00BFF4DA01011D
:100C2000FCD4010188CD01014FF6FF712DE9F84395
:100C3000099C9DF82090A68C8E422DD00546014639
:100C4000204690461F46FAF777FD28BB26780136E6
:100C5000F6B2267096B30220FAF7A2FD02212046D2
:100C6000FAF79AFE00221D491D4B04F11000C860DE
:100C7000C1E900580F8181F80A909960012011465E
:100C8000F3F7FEFF50B9FF20FAF78AFD2046BDE8D2
:100C9000F843FF21FAF780BEBDE8F88340F2C53380
:100CA000104A1149114809F059FB002383F31188B8
:100CB000BFF36F8F0323184602DFE4E740F2B2333D
:100CC000084A0B49094809F049FB86F31188BFF32C
:100CD0006F8F0323184602DFBDE700BF685700216E
:100CE00094010021F4DA010140CE010188CD010117
:100CF000B8D301012DE9F84306460020F9F7CCFEF0
:100D000068B34369044653B393F82C2042F00202BF
:100D100083F82C20476917B301460020F9F700FE3D
:100D20000546C8B93F68D7F83C8107F59E79B8F108
:100D3000000F18D04046F6F7C1FC17234FF6FF729C
:100D400087F8403102231034C7F84441A7F8422104
:100D500087F85831C6F800902846BDE8F8830C257E
:100D60002846BDE8F88340F20923064A06490748A9
:100D700009F0F4FA88F31188BFF36F8F0323184644
:100D800002DFD7E7F4DA0101F4D4010188CD0101D3
:100D900070B50C4615461E46FAF7C2F8B8B190F881
:100DA00072C01CF0180C04D0BCF1180F08D00C2035
:100DB00070BD33462A462146BDE87040FCF7C6BDEB
:100DC00033462A462146BDE87040FCF7EFBD0220BD
:100DD00070BD00BF30B583B001A8FFF78BFF04469C
:100DE00010B1204603B030BDF9F756FE054650B1AC
:100DF0000022204695F83C306A616FF3000385F8C5
:100E00003C3003B030BD40F25D23064A0649074836
:100E100009F0A4FA85F31188BFF36F8F03231846F6
:100E200002DFE5E7F4DA010138DB010188CD0101D9
:100E300070B583681E68746924B300257561E36D1D
:100E40006BB140F279231E4A1E491F4809F086FA09
:100E500085F31188BFF36F8F0323184602DF04F177
:100E6000500104F14C00F3F789FE0546C8B1206833
:100E7000E565FAF73BF896F83C306FF3000386F827
:100E80003C3070BD40F276230D4A10490E4809F0FF
:100E900065FA84F31188BFF36F8F0323184602DFCE
:100EA000CBE74FF41F73064A0949074809F056FA81
:100EB00085F31188BFF36F8F0323184602DFD6E74F
:100EC000F4DA0101C8CE010188CD0101BCCE0101D7
:100ED000F4D4010170B50F244FF6FF7682B020469E
:100EE000FAF71EF8054658B190F93730002B07DBAA
:100EF000684600F03BF869462846FCF7C9FD20B972
:100F0000013CA4B2B442EAD1002002B070BD00BFDF
:100F10000860704705380F288CBF002001207047FB
:100F200008B50346074A0068052110601B79104682
:100F30001371F3F7BFFF044B1870FFF7CBFF0020CE
:100F400008BD00BF785700217560002110B41F2034
:100F50004FF0FF342521034B034A1C6018711170B8
:100F600010BC704778570021756000210346044A81
:100F7000044910681860127908781A71704700BF28
:100F8000785700217560002130B5054602FB01113C
:100F90000278204C114484FB01020A44521102EBF6
:100FA000C20002EB80028A1AD0B22870C108595CD4
:100FB00002F0070241FA02F212F001019DF80CC0A2
:100FC0001FD1B0FBFCF25C1E1D1D0CFB120308467A
:100FD000DBB2024600F1080E14F8011F5FFA8EFE24
:100FE00011F0010F02F1010C4FEA510102D04BB197
:100FF000013BDBB25FFA8CF27245F1D11046AC4294
:10100000E7D130BDC11D891AC9B207291046F6D8EB
:1010100030BD00BFA7C867DD4288008850407047D8
:101020004FF0030CF0B5334D334C4840060A5FFADD
:1010300080FE0EEB8E2E06EB862004EA401705EAB2
:10104000400605EA4E0004EA4E1E3E4340EA0E000A
:1010500000EB002706EB062E06EB0E2600EB072022
:10106000360CC0F3074040EA062000EB00100CF1FC
:10107000FF3C08441CF0FF0C80B2D7D141401F4810
:10108000A0FB01400C1A00EB5400400900EBC00427
:1010900000EB8400081AC0F3C404145D00F00705D7
:1010A0002C41E407C0B21CD4604601FB03F3561E7A
:1010B000C3F307430432014600F1080516F801CFD7
:1010C000EDB21CF0010F01F101044FEA5C0C02D0FB
:1010D00043B1013BDBB2E1B2A942F2D108469642EC
:1010E000E9D1F0BD0730401AC0B207280846F6D84B
:1010F000F0BD00BF10210200408408004D91CFBA1E
:101100001B491C482DE9F04300230126451EA1F18F
:10111000020C06E00133082B01F1060100F1280062
:1011200024D003EB830215F83220D407F2D59CF8C3
:1011300000409CF801E0C2F380120768B0F8048018
:1011400006FA03F99A40013344EA09044EEA02021E
:10115000082BA1F804808CF800408CF8012001F1E4
:10116000060141F8067C00F12800DAD1BDE8F083E1
:1011700086570021715800212DE9F04700230127EF
:101180001E481F4ADFF87C80DFF87C90951EA0F196
:10119000020C15F8331007FA03F6C90724D598F89E
:1011A000004012F8011C4CB1072901EB810405D85D
:1011B00019F834104C0701D5C90615D515F83310A8
:1011C0009CF801E0C1F340019CF8004099404EEAD0
:1011D000010ED2F800A0918834438CF800408CF8BE
:1011E00001E08180C0F800A00133082B00F1060067
:1011F00002F10802CDD1BDE8F08700BFF25900210D
:10120000B2590021776000217058002108207047F2
:1012100038B50020F9F710FAF0B9F9F771FC10F0C1
:10122000010019D10D4C0E4D621E14F83030072B01
:1012300007D803EB830315F833106FF3451105F856
:10124000331012F830306FF3000302F83030013001
:101250000828EAD1002038BD0C2038BDB159002142
:10126000705800212DE9F04F074683B00020F9F7B0
:10127000E3F900286FD1F9F743FC10F001046AD1BB
:101280003B78FF2B75D0404E4FF0FF09254607F104
:10129000010BA6F1020803F0010A06E051455ED0F9
:1012A0000135082D06F108060FD018F83520D007B3
:1012B000C2F34001F2D4B9F1FF0F08BF5FFA85F91C
:1012C0000135082D06F10806EFD1B9F1070F54D802
:1012D00018F839204FEAC90A63F3410208F83920A7
:1012E000D7F801200AF1020348F80320BBF80420D4
:1012F00043449A803B78254D03F001036E1E04E0C1
:101300000134082C05F128053BD004EB8402D700FA
:1013100016F83220C2F38011D207F1D59942EFD1ED
:1013200028460622594601930BF076FA019B0028C5
:10133000E6D1F35DE4B243F02003F35518F83930F9
:10134000C24443F001038AF8014008F83930002014
:1013500003B0BDE8F08F0C2003B0BDE8F08F30463D
:101360000622594601930BF057FA019B002897D1AA
:10137000EDE7204603B0BDE8F08F072003B0BDE8DD
:10138000F08FFF24DAE700BFB25900217158002125
:101390002DE9F04106460020F9F74EF900283AD130
:1013A000F9F7AEFB10F0010435D196F80080B8F1E2
:1013B000FF0F36D01C4D0136AF1E08F0010804E0C7
:1013C0000134082C05F1080528D017F83430C3F390
:1013D0004002DB07F4D54245F2D1062228463146C9
:1013E0000BF01AFA0028EBD107EBC4035B78072B4C
:1013F00008D80E4A03EB830312F8331060F345114B
:1014000002F8331017F8343000206FF3000307F8A8
:101410003430BDE8F0810C20BDE8F0810220BDE849
:10142000F0812046BDE8F081B259002170580021BA
:1014300007282DE9F84304468846164618D81C4D5F
:1014400004EB840315F83330A70013F001091FD013
:101450003A19D30015F832200133C2F3801288F80C
:101460000020EA581D443260AB88B380BDE8F883A1
:101470004FF48C730F4A1049104808F06FFF002397
:1014800083F31188BFF36F8F0323184602DFD6E77B
:1014900040F21913074A0A49084808F05FFF89F328
:1014A0001188BFF36F8F0323184602DFD0E700BF18
:1014B0007058002194DB0101D8DB010188CD0101C6
:1014C000E4DB01010820704710B50020F9F7A8F807
:1014D00008B10C2010BD0446F9F7F8FA0128F8D835
:1014E000194B1A491A780C7064F300021A7093F8B9
:1014F000502093F8281064F3000283F8502093F8EA
:10150000A02064F3000164F3000283F8281083F83C
:10151000A02093F8781093F8F02064F3000164F3AE
:10152000000283F8781083F8F02093F8C81093F83D
:10153000182164F3000164F3000283F8C81083F8F3
:101540001821204610BD00BF705800217660002190
:101550002DE9F04F834683B00020CDF800B0F9F7B5
:101560005FF818B10C2003B0BDE8F08F0446F9F71E
:10157000ADFA0128F6D8DDF800B0DFF81C811BF8C1
:10158000012B08F1FF3902F001031F46019204E02C
:101590000134082C08F1280840D004EB840219F823
:1015A00032604FEA840AF307C6F3801109EBC205E3
:1015B000EED5B942ECD14046062259460BF02CF943
:1015C0000028E5D176070746019A2BD4334D02F067
:1015D0000108AE1E04E00137082F05F1080512D0FE
:1015E00016F83730C3F34002DB07F4D54245F2D199
:1015F0000622284659460BF00FF90028EBD1FF23AD
:1016000006EBC70673700020A24419F83A306FF356
:10161000000309F83A3003B0BDE8F08F022003B0B0
:10162000BDE8F08FDFF878E09EF800305E1E023BE8
:10163000062BF6B203D895F817C0B44502D18EF840
:101640000060C3E7174B054603EB0C12904603EB13
:1016500006130FCB88E80F00DFF84C8005EB8503FD
:1016600009EBC30219F83330D80705D5590703D55C
:1016700098F81730B34207D00135082D08F1280833
:10168000ECD1009B1A78DAE7009B82F817C01A7831
:10169000064B03F80C50D2E771580021B2590021D3
:1016A00076600021F057002170580021E857002192
:1016B0002DE9F8431D465B7903F0C003402B01D0B0
:1016C000BDE8F8830E46F1B1DFF89C90002400F0ED
:1016D000010809F1FF3704E00134082C09F1280959
:1016E000EED004EB840317F83330D907C3F380122C
:1016F000F2D54245F0D10622484631460BF08CF82F
:101700000028E9D1E2B2072ADAD8184F02EB8202A8
:1017100017F83230D400DB07D2D5286804F118035B
:10172000F85007EB0309AB880026A9F8043001E064
:10173000102EC5D0B0B2F9F7F3FB013605460028EC
:10174000F6D000F283180622494640460BF064F8B2
:101750000028EDD1621CBB18BA58C5F883219B88BC
:10176000A5F88731ACE700BF7158002170580021FF
:101770002DE9F84F82461C4E1AF8019B00240F46B3
:1017800006F1FF3809F0010903E0082C06F12806EC
:101790001CD004EB840218F832300134C3F3801CEF
:1017A000DB074FEAC205F0D5CC45EED10622514603
:1017B00030460BF031F883460028E6D1183508EBA7
:1017C000050406212046F3F7C9F920B94FF0020BB2
:1017D0005846BDE8F88F58F805003860A388584689
:1017E000BB80BDE8F88F00BF715800212DE9F0479C
:1017F0008246164E1AF8019B00248846771E09F08F
:10180000010903E0082C06F128061CD004EB840231
:1018100017F832300134C3F3801CDB0707EBC20535
:10182000F0D5CC45EED10622514630460AF0F4FF01
:101830000028E7D16B6A1A68C8F800209B88A8F8CE
:101840000430BDE8F0870220BDE8F0877158002120
:1018500010B504460020F8F7E3FE08B10C2010BDD7
:10186000F9F734F90128F9D80CB1012C03D1034B55
:1018700000201C7010BD122010BD00BF7760002139
:101880004FF47A7202FB00F0014B1860704700BF02
:10189000805700212DE9F047824600208846F8F75E
:1018A000BFFE10B10C20BDE8F0870446F9F70EF931
:1018B0000128F7D81B4E1AF8019B771E09F0010981
:1018C00003E0082C06F1280620D004EB840217F868
:1018D00032300134C3F3801CDB074FEAC205F0D578
:1018E000CC45EED13046062251460AF095FF00283D
:1018F000E7D1B8F1000F0FD0B8F1010F09D10020E6
:101900007B5D43F010037B55BDE8F0870220BDE806
:10191000F0871220BDE8F0877B5D002068F3041398
:101920007B55F1E77158002100232DE9F04F344C2D
:10193000344904F1FF3C14F83320072A07D802EB9E
:10194000820211F832E06FF3451E01F832E01CF814
:1019500033206FF300020CF833200133082BEAD157
:10196000002391F8785091F8F04063F3000563F399
:10197000000481F8785081F8F0404FF0FF354FF0C7
:10198000FF3491F8182191F8008063F3000291F878
:10199000287091F8506091F8A0E091F8C8C0DFF885
:1019A000689081F81821194A63F3000863F300076F
:1019B00063F3000663F3000E63F3000CDFF850A03E
:1019C000DFF850B089F800301370134BCAF800B03C
:1019D000C3E9004581F8008081F8287081F85060E3
:1019E00081F8A0E081F8C8C028B1BDE8F04F0B49EC
:1019F0000B480AF01DBC0A48BDE8F04F0AF024BCB1
:101A0000B1590021705800217760002176600021D3
:101A100080570021A0BB0D0018220021F11C0101FC
:101A2000E8210021034A044B002814BF1046184641
:101A3000704700BFF059002184570021A8B14FF42E
:101A4000004340F2E730002110B5094A1268E2FB7A
:101A500003014FF47A720023EEF72EFBBDE810402D
:101A600002460B46034807F013BA02480AF0ECBBE3
:101A700080570021E821002108B500230C4A13807B
:101A800070B900200B4B0C4A1B78108003B908BDBD
:101A9000F9F71CF80028FAD1BDE80840FFF730BB81
:101AA0001846F9F72DF8C307EBD4FFF765FBE8E715
:101AB000F0590021776000218457002108B50023E8
:101AC0000D4A1380C2070ED400200C4B0C4A1B7821
:101AD000108003B908BDF8F7A3FD0028FAD1BDE8CE
:101AE0000840FFF70DBB1846F8F7A6FD0028EBD11C
:101AF000FFF742FBE8E700BFF059002177600021C3
:101B0000845700212DE9F04F834687B00AF0DAFCB4
:101B100044014A01241A42EAD06262EB0102A300A6
:101B200092001B1842EA947241EB02094FEAC9097C
:101B300049EA5379C3F3103343EA49434FEAD939A9
:101B4000BBF1000F16D1624AD2E90012B2F1FF3F99
:101B500008BFB1F1FF3F0DD05E48591A006869EB2C
:101B60000202814272F10002ACBF4FF0010A4FF055
:101B7000000A01E04FF0010A574ECDF804B00024EE
:101B80009B46DFF85881F71F0DE0254417F83530E4
:101B900043F0020307F835300134082C08F1060839
:101BA00006F1280625D004EB840317F83330A5008E
:101BB000DA07F1D5BAF1000F01D19807ECD42B194F
:101BC00017F8333059074DD42B1917F833301A074B
:101BD000DBD5304602A909F06DF8002867D1BDF8C1
:101BE0000C300298A8F80430C6F81D80C8F8000030
:101BF000CBE75B46DDF804B0BAF1000F02D0344AFF
:101C0000C2E90039BBF1000F08D00020F8F7FAFC58
:101C1000044618B194F85E305B0702D407B0BDE803
:101C2000F08FA37E072BF9D8FF238DF80830637F50
:101C300002A904EB830304F11C001D6A01F0D4FB2C
:101C400029466A78054602320AF0B7FD2946204641
:101C5000F8F702FD9DF80830FF2BDFD0637707B05F
:101C6000BDE8F08F337C1E4A0DF1170002EB031222
:101C70000DF1070312F8011903F8011F8342F9D18E
:101C800006F1170102A809F015F800289CD040F2CF
:101C9000F323144A1449154808F060FB002383F32A
:101CA0001188BFF36F8F0323184602DF8CE740F2E1
:101CB00001330C4A0C490D4808F050FB002383F314
:101CC0001188BFF36F8F0323184602DF87E700BF39
:101CD000182200218057002177580021B857002191
:101CE000FF57002194DB010140CE010188CD0101A5
:101CF00010B50120FFF706FF4FF4004340F2E73034
:101D00000021084A1268E2FB03014FF47A720023B3
:101D1000EEF7D2F9BDE8104002460B46024807F044
:101D2000B7B800BF80570021E8210021072815D847
:101D3000F8B5134D00EB800315F8333004461A074D
:101D40004FEA8006C3F3C00007D5C3F340079B07E3
:101D500006D5264405EBC605686AF8BD0020704725
:101D60004FF44A73074A0849084808F0F7FA87F31E
:101D70001188BFF36F8F0323184602DFE9E700BF26
:101D80007058002194DB0101F8DB010188CD0101CD
:101D900007280AD8064900EB800011F83020C0005F
:101DA000530702D51E30084470470020704700BF1B
:101DB000705800212DE9F047884616460AB1FF23E6
:101DC0001370164D002400F0010705F1FF390AE0F9
:101DD00026B13378FF2B08BF86F800A00134082C09
:101DE00005F1280515D004EB840319F833305FFAA8
:101DF00084FAC3F38012DB07EAD5BA42EED1062299
:101E0000284641460AF008FD0028E7D15046BDE8C3
:101E1000F0874FF0FF0A5046BDE8F0877158002167
:101E20002DE9F04F804685B000200D469246F8F728
:101E3000F7FB18B10C2005B0BDE8F08F0446F8F7A9
:101E400045FE0128F6D8474617F8010B0DF10F02A1
:101E50003946FFF7AFFF072840F2B3809DF80F9097
:101E6000B9F1070F00F2A98009EB89034FEAC30B10
:101E7000564ED8F801100BF10102B150B988324426
:101E8000918098F8001016F80B20284661F386120E
:101E9000102106F80B20F2F761FE16F80B20102136
:101EA00060F38202504606F80B20F2F757FE16F850
:101EB0000B2000F001004FEA890360F3C302009396
:101EC000530706EB0B0106F80B2046D400285BD124
:101ED00000220BF11803F250F118009B8A8003EBEB
:101EE000090216F832303A4D23F0120306F8323068
:101EF00098F800A0A5F102080AF0010A04E00134F4
:101F0000082C05F1080516D018F83430C3F3400248
:101F100013F00103F3D05245F1D128460622394689
:101F200001930AF079FC019B0028E8D108EBC40872
:101F300088F8019000E000230020DDF800B05B018C
:101F4000CB4416F83B2043F0010322F02102134357
:101F500006F83B3005B0BDE8F08F1E4BDFF878E0A7
:101F60001A78CA751D490EF8029001EB0211013270
:101F70001A7005F10F02013D12F801C9AA4201F8D9
:101F800001CFF9D10028A3D00021DAF800E0DAF877
:101F900004C0DAF80850DAF80C000BF10702009BD5
:101FA00046F802E03244C2F804C09560D06003EB0A
:101FB000090206EBC20251628AE7072005B0BDE8BC
:101FC000F08F122005B0BDE8F08F00BF70580021DF
:101FD000B259002176600021E8570021EF57002117
:101FE000072807D8044B00EB800013F83000C0F33B
:101FF000C0007047002070477058002107280CD897
:10200000074900EB800011F83030C0001A0704D5F2
:102010009B0702D50144486A70470020704700BF03
:10202000705800210346024A024812781A7070471D
:1020300076600021F057002170B50C4658B1072991
:1020400015D82E4D15F8343013F0010624D005EBC9
:10205000C405687870BD072930D8294B04EB840289
:1020600013F8323013F0010538D0204670BD40F22D
:102070007733244A2449254808F070F9002383F374
:102080001188BFF36F8F0323184602DF1B4D15F82D
:10209000343013F00106DAD14FF45E73194A1C494B
:1020A0001A4808F05BF986F31188BFF36F8F03239A
:1020B000184602DF05EBC4056878CBE7054640F219
:1020C0007B33104A1349114808F048F985F3118809
:1020D000BFF36F8F0323184602DFBEE740F27D3364
:1020E000084A0D49094808F039F985F31188BFF30A
:1020F0006F8F0323184602DF2046B7E7B05900214F
:102100007058002194DB010110DC010188CD010130
:10211000BCDC0101D4DC01017CDD010138B5234BBD
:1021200004461B7883420DD9214B1C5D072C1CD81B
:10213000204B04EB840213F8323013F0010524D055
:10214000204638BD40F287331B4A1C491C4808F022
:1021500005F9002383F31188BFF36F8F032318461B
:1021600002DF134B1C5D072CE2D940F28933124A7F
:102170001449134808F0F2F8002383F31188BFF3E1
:102180006F8F0323184602DFD2E740F28A330A4AF0
:102190000D490B4808F0E2F885F31188BFF36F8F03
:1021A0000323184602DF204638BD00BF76600021B9
:1021B000E85700217058002194DB010188DD0101FE
:1021C00088CD0101A8DD01017CDD0101072825D8AA
:1021D000F8B5134F00EB800317F83330044613F0C3
:1021E00001054FEA800605D0264417F83600C0F3F3
:1021F0004010F8BD40F295330A4A0B490B4808F0ED
:10220000ADF885F31188BFF36F8F0323184602DF03
:10221000264417F83600C0F34010F8BD0020704780
:102220007058002194DB0101E4DB010188CD01013C
:10223000F8B5144B1B788BB107290C460ED868B93A
:10224000114F01EB810317F833308E0013F00105B5
:1022500009D0264417F83600430701D40120F8BD01
:10226000C0F30010F8BD40F2AE33084A08490948EF
:1022700008F074F885F31188BFF36F8F03231846B5
:1022800002DFE6E7776000217058002194DB01014E
:10229000E4DB010188CD01011378FF2B19D12DE971
:1022A000F047194D0446AE46002303EB830C15F8A6
:1022B0003CC09E001CF0010003D0CCF3801CA44560
:1022C00009D00133082B0EF1280EEED10120BDE814
:1022D000F08701207047F0464FF0000C4F1E18F8B1
:1022E00001AF17F8019F0CF1010CCA45E9D1BCF10F
:1022F000060FF4D113701E4415F836305A07E6D590
:10230000C3F30010E3E700BF7058002110B40E4B78
:102310001C7884B1072A0ED80C4C02EB820214F808
:1023200032C0D2001CF0080F05D020B14B7903F069
:10233000C003402B02D0002010BC70470732A01809
:1023400010BC08F0A4BC00BF7760002170580021C9
:10235000024B1878003818BF0120704777600021C1
:1023600000F000BB08B5002303F0C6FD002008BD47
:10237000684620F007018D4601B502F08BFDF1F7AC
:102380000DFCBDE801408546704700BF08B50A4B0B
:10239000D3F840213AB90120F2F7D0FCBDE808405B
:1023A0000220F2F7CBBC0020C3F84001D3F8403143
:1023B000F4F7C2F8EFE700BF001001410020F2F788
:1023C000BDBC00BF70B508BB214B224C1A782178E8
:1023D000D3B291420FD040F237431F4A1F492048E1
:1023E00007F0BCFF002383F31188BFF36F8F032333
:1023F000184602DF23781B4E1B4D013332782370C1
:102400002B78934212D033782B7070BD40F2324358
:10241000114A1649124807F0A1FF002383F31188DF
:10242000BFF36F8F0323184602DFCDE740F23D4331
:10243000094A0F490A4807F091FF002383F31188E6
:10244000BFF36F8F0323184602DF33782B7070BD04
:102450007860002179600021B0DD0101F8DD010123
:1024600088CD01017D6000217C600021FCD4010148
:1024700014DE010170B51A4E1A4D33782A780446DD
:102480009A420BD03378184E2B70184D1CB9337804
:102490002A789A4212D033782B7070BD40F21E43D6
:1024A000134A1449144807F059FF002383F3118895
:1024B000BFF36F8F0323184602DFE3E740F229439F
:1024C0000B4A0E490C4807F049FF84F31188BFF30B
:1024D0006F8F0323184602DF33782B7070BD00BF67
:1024E0007B6000217A600021786000217960002102
:1024F000B0DD01013CDE010188CD010164DE010196
:1025000002F05EBE38B5194C194D237829788B42FC
:102510001AD00022174B21700599012099601146AD
:10252000F2F7AEFB00B938BD40F2B443124A13498A
:10253000134807F013FF002383F31188BFF36F8F55
:102540000323184602DF38BD40F2AE430A4A0D4964
:102550000B4807F003FF002383F31188BFF36F8F4D
:102560000323184602DF2978D3E700BF78600021F3
:1025700079600021A4010021B0DD010170CF0101CB
:1025800088CD010180DE01012DE9F0473F4A404D31
:1025900012782B780E469A428AB005D13D4B3E4ABE
:1025A0001B7812789A4268D03768DFF8F08007F11C
:1025B000310424F07F442046D8F80010F4F74EF997
:1025C00010F4000002D10AB0BDE8F087344A354B60
:1025D00011781A7891421CD03046C1683248C8F848
:1025E0000040002207903120304C3B46CDE90541A8
:1025F00029780131C9B22970009011461046CDE901
:102600000322CDE901220892F3F7A8FF0AB0BDE842
:10261000F087204A2049127809789142DCD04FF0A7
:1026200000091A7849460132D2B21A7048464A4621
:102630001F4BCDF80090F4F73DF810F0FD0FCBD014
:102640004FF494631B4A1C491C4807F087FE89F32A
:102650001188BFF36F8F4FF0030A504602DF40F23C
:102660006943144A1449154807F078FE89F3118824
:10267000BFF36F8F504602DFAEE70768DFF81C80BC
:1026800007F1310424F07F44A7E700BF7C600021FC
:102690007D60002178600021796000212C5A0021A2
:1026A0007A6000217B600021C5230101052501011D
:1026B00075240101B0DD0101CCD2010188CD0101F9
:1026C000814A9368002B76D02DE9F04F136882463B
:1026D00089B07BB14FF0FF338DF80A3003E0067FFD
:1026E00016F0030609D00DF10A00F5F703FA0546C6
:1026F0000028F4D109B0BDE8F08FC36853456ED00F
:10270000B146B046076802E0037F990722D00DF179
:102710000A00F5F7EFF904460028F5D1B8F1000FEB
:1027200008BFA84641464046FFF72EFF30F002039F
:10273000E0D040F2FB43654A6549664807F00EFE6B
:1027400084F31188BFF36F8F0323184602DF09B0AB
:10275000BDE8F08FC368B9F1000F0ED0534510D01B
:10276000D4F800B039465846F4F778F800F4000081
:1027700000281CBFA0465F46C9E79A4556D081464F
:10278000EEE72B7F284643F002032B77E968AB691D
:102790009847A1459ED1FF238DF80A3003E0037FBF
:1027A00013F0030408D00DF10A00F5F7A3F905466C
:1027B0000028F4D19EE77047C36853450FD040F21C
:1027C0001E53424A4449434807F0C8FD84F3118828
:1027D000BFF36F8F0323184602DFD5F80CA03A4AE7
:1027E0005046D2E9001303AA9847044638B310F1C3
:1027F000100F3FF47FAF344A002093681168984768
:1028000014F10B0F24D08C343FF474AF40F25B53BF
:102810002E4A32492F4807F0A1FD002383F3118887
:10282000BFF36F8F0323184602DF63E72B7F284631
:1028300043F002032B77E968AB699847ABE72B7F3E
:10284000284643F00203AA69E9682B77904751E7CD
:102850000225FF248DF80B400DF10B00F5F74AF926
:1028600098B1037F9A07F7D40EB9DB07F4D4164A60
:10287000C36811689942EFD1037F43F002030377E5
:10288000836998478DF80B40E6E70126B54201D0F1
:102890003546DFE70C49002408460A6800950546DE
:1028A00007922C60039B8968406804AACDE905441F
:1028B0000494F5F7D7F8044600287FF41BAF40F2E4
:1028C0005953024A064938E7305A0021B0DD010168
:1028D000CCD2010188CD01019CDE0101C8DE0101DD
:1028E000C0DE010110B5154809F086FA10B30024C6
:1028F000134B9C6000F042FB00281ADB21460820A5
:102900002246F1F737FB224611200121F1F732FB75
:10291000224621461C20F1F72DFB0820F1F7FAFA98
:102920001120F1F7F7FA1C20F1F7F4FA02F0E2FABD
:10293000204610BD6FF0120010BD00BF1CCA01017F
:10294000305A002108B500F029FB002809DB0820D7
:10295000F1F7EEFA1120F1F7EBFA1C20F1F7E8FAA3
:10296000002008BD0A460146024892B283681B68EF
:10297000184700BF1CCA010130B4074DAB685C6842
:1029800034B1A4468AB200230146284630BC6047D1
:102990006FF0850030BC70471CCA010130B4074D90
:1029A000AB685C6834B1A4468AB20023014628466D
:1029B00030BC60476FF0850030BC70471CCA010115
:1029C0000020704730B5254B044683B070B31A68B9
:1029D000824225D0FF250DF107008DF80750F5F74D
:1029E00089F838B91AE0A1420AD00DF10700F5F7CD
:1029F00081F898B1037F9B07F7D4C168002CF2D10E
:102A0000037F826943F00203037790470DF10700CB
:102A10008DF80750F5F76EF80028EBD103B030BD04
:102A20009D6865B101460020A847D3E79D68002D49
:102A3000D0D019680029CDD00020A847CAE740F2BD
:102A4000CB13074A0749084807F088FC85F311882B
:102A5000BFF36F8F0323184602DFBBE7305A002114
:102A6000B0DD0101D4DE010188CD010100207047F5
:102A700038B50446F5F730F864B1054620B324684C
:102A80000020F5F753F82046F5F7F6F8044658B15C
:102A9000002038BD1B4DAC682CB300232C68AB6004
:102AA0002B60002CEBD1EBE74FF40F73164A17495C
:102AB000174807F053FC84F31188BFF36F8F03238B
:102AC000184602DF002038BD40F205230E4A1149A6
:102AD0000F4807F043FC85F31188BFF36F8F032382
:102AE000184602DFCBE740F20A23074A0A490848A2
:102AF00007F034FC84F31188BFF36F8F032318466B
:102B000002DFCAE7305A0021B0DD010100DF010118
:102B100088CD0101DCDE0101ECDE01018446064ABC
:102B200013689068B3EB0C0318BF0123B0FA80F070
:102B30000B704009704700BF305A002131207047A8
:102B400010B51446F3F788FE2146F3F787FE0346D7
:102B500010F4000004D10333092B88BF184610BDC0
:102B6000002010BD262810B504461CD0272812D0FE
:102B7000252808D00A281ED9272821D8033040004C
:102B800002F04CFA02E0022002F048FA2046BDE8CA
:102B9000104002F049BA502002F040FA2046BDE849
:102BA000104002F041BA1A2002F038FA2046BDE87F
:102BB000104002F039BA0230400002F02FFAE5E787
:102BC00040F2A523064A0749074807F0C7FB002340
:102BD00083F31188BFF36F8F0323184602DFD5E715
:102BE000B0DD010164CE010188CD010102F080BA9F
:102BF00002F08ABA08B502F0E3FABDE8084002F034
:102C00005BBD00BF08B502F0DBFA02F055FDBDE880
:102C1000084002F0F9BC00BF08B502F0D1FA02F09A
:102C20004BFD02F02FFD02F08FFFBDE8084002F0DF
:102C3000EBBC00BF014608B5184802F03BF902F0B2
:102C400005FB60B102F028FE02F084F900F0E6F91D
:102C500000280EDBBDE808400020FFF709BF02F0A6
:102C600093FA02F019FE02F075F900F0D7F9002886
:102C7000F0DA40F221330A4A0A490B4807F06EFBAA
:102C8000002383F31188BFF36F8F0323184602DFFD
:102C9000BDE808400020FFF7EBBE00BF01250101A1
:102CA000B0DD010108DF010188CD010110B5044646
:102CB00002F086FA02F000FD02F0E4FC02F044FFAC
:102CC00002F0A2FC2046BDE81040FFF7B3BF00BFF2
:102CD000014608B5144802F0EDF802F0B7FA40B129
:102CE00000F09CF900280ADBBDE808400020FFF74F
:102CF000BFBE02F049FA00F091F90028F4DA4FF46F
:102D00004C730A4A0A490B4807F028FB002383F357
:102D10001188BFF36F8F0323184602DFBDE8084018
:102D20000020FFF7A5BE00BF01250101B0DD0101B4
:102D300008DF010188CD01012DE9F04FFF2489B0A2
:102D40008046894692461F469DF848B08DF81F4040
:102D500002E0037F9C0722D00DF11F00F4F7CAFEAA
:102D60000028F6D1684D0446AB68002B40F0818006
:102D7000FB68C5E901892B603846D047054603E06A
:102D8000037F13F0030356D00DF11F00F4F7B2FEDA
:102D900001460028F4D1284609B0BDE8F08F056847
:102DA0003E689DF81F300446294630460593F3F7E8
:102DB00055FDBBF1000F01D1010254D4BC4214BF38
:102DC0002646002602E0027F920724D00DF11F0064
:102DD000F4F790FE0028F6D1059B4B4D8DF81F307F
:102DE000AB68002B46D1002E44D1002CC0D0BBF1E3
:102DF000000F66D1BC42BBD040F2B533434A4449D0
:102E0000444807F0ABFA8BF31188BFF36F8F0323AD
:102E1000184602DFACE70268294604901046039288
:102E2000F3F71CFD039A049B00F4000000281CBF6C
:102E300015461E46CAE71C46FFF7A6FB30F0020304
:102E4000A9D040F2D533314A3349324807F086FAE7
:102E500084F31188BFF36F8F0323184602DF2846DF
:102E600009B0BDE8F08FFF2335465C465E4605930A
:102E7000ACE72646494653463A464046CDF800B0B0
:102E8000F4F7F0FD014638B3BBF1000F16D1002E68
:102E900035D03046FFF778FB30F002030ED04FF408
:102EA00064731A4A1C491B4807F058FA002383F33D
:102EB0001188BFF36F8F0323184602DF6FF076058A
:102EC00069E753463A4649464046CDF800B0F4F724
:102ED000C9FD06460028F1D140F27E330B4A0F4966
:102EE0000C4807F03BFA002181F31188BFF36F8F84
:102EF0000323184602DFBBF1000FC8D0DEE7002C29
:102F000014BF26460E46C4E7305A0021B0DD010149
:102F10001CDF010188CD0101CCD2010114DF0101C8
:102F200001F1100005F030BD70B505460C468AB0C1
:102F30000122002104A809F0ABF803230026029324
:102F40000D4B694628460396019307F091FA002835
:102F500010DB4FF40043314640F2E7304FF47A7211
:102F6000E4FB03010023EDF7A7F802460B4604A893
:102F700005F044FD0AB070BD212F010110B50120FC
:102F800003F0ECF80124002303494B608C60CB6014
:102F9000BDE8104007F06CBA405A002110B501207E
:102FA00003F0DCF80446044907F0DDFA2046BDE8EA
:102FB000104007F0B4BA00BF405A00210C4B1A78F9
:102FC0000AB100207047012010B5187003F0C6F850
:102FD0004FF4FA710446FFF7A7FF38B9204607F00F
:102FE0009EFA02280CBF00206FF0040010BD00BF45
:102FF0007E60002108B5084BD3E8EF2F511CC3E8D1
:10300000E01F0028F8D1002A01DD002008BD03F0F0
:10301000ADF8002008BD00BF3C5A002108B50A4B9E
:103020001A68002A0DDDD3E8EF2F511EC3E8E01F18
:103030000028F8D1012A01DD002008BD03F0A8F81E
:10304000FAE76FF0770008BD3C5A00210520704771
:1030500032207047014B33F81000704750DF0101F8
:1030600010B50446FFF7D8FD02F002FB2046BDE88C
:103070001040FFF7DFBD00BF30B583B0054602F05A
:10308000E3F8FFF7B7FD962002F02EFB0023184669
:103090001A46194602F078FA0120F4F781FC04463A
:1030A000002847D004F11C0002F016F802F0AEF838
:1030B000F0B92946274801F0FDFEFFF749F970BB3A
:1030C00002F06AFC00210446084602F01FF80021C5
:1030D0000546084602F016F82C44CB34201A02F0BC
:1030E000E7FB02F03BFC03B0BDE8304002F07CBAE5
:1030F00040F2A143184A1949194807F02FF9002353
:1031000083F31188BFF36F8F0323184602DF114842
:10311000294601F0CFFEFFF71BF90028D0D00DF1B2
:103120000700FEF77FFF002201469DF8070002F02E
:10313000BFFCC5E740F29D43074A0A49084807F02B
:103140000DF984F31188BFF36F8F0323184602DF54
:10315000A8E700BF1938010160DF0101B4DF0101F8
:1031600088CD0101ACDF0101814208B50ED00B7A98
:10317000DB0702D46FF08B0008BD134B1360FFF721
:1031800039FF00280FDB6FF00A0008BD0B7B01EB55
:1031900083010B691B7803F00F03012B14BF6FF041
:1031A0008B00002008BD40F25143084A08490948F5
:1031B00007F0D4F8002383F31188BFF36F8F032344
:1031C000184602DFDFE700BF1D36010160DF0101A5
:1031D00008DF010188CD010110B50446FFF71CFD91
:1031E00002F046FA2046FFF725FD00210B4B012295
:1031F00008469C60F1F744FD00B910BD40F2B6539B
:10320000074A0849084807F0A9F8002383F3118802
:10321000BFF36F8F0323184602DF10BDB4010021F6
:1032200060DF010170CF010188CD010110B5E8B167
:103230000C46FFF7F3FE002804DB2046BDE81040F3
:10324000FFF716BC40F277430C4A0D490D4807F0D2
:1032500085F8002383F31188BFF36F8F032318468B
:1032600002DF2046BDE81040FFF702BC064801F02F
:1032700021FEBDE8104001F087BF00BF60DF010103
:1032800008DF010188CD010161300101042210B580
:103290000024074B28219818F1F7FCFB054B9C8173
:1032A00002222146044808F0F3FE204610BD00BF6C
:1032B000805A0021705A0021585A0021042210B56A
:1032C0000024074B28219818F1F7E4FB054B9C815B
:1032D00002222146044808F0DBFE204610BD00BF54
:1032E000805A0021705A0021585A002110B5044616
:1032F0000548F1F7F3FB20B10346002058706360E6
:1033000010BD6FF00B0010BD805A00210022034653
:1033100010461A705A709A60704700BF38B52B4D2E
:103320002B7B6A7B9A4202D055F8234034B9284857
:10333000F1F7D4FB044680B1204638BD254805F09E
:1033400083FB2B7B6A7B9A42F6D00133DBB2032BE3
:1033500008BF00232B73204638BD4FF420320023D2
:103360001C4805F04BFB90B91A4805F06DFB2A7B11
:103370006B7B93421AD0531CDBB2032B08BF002394
:1033800055F822202B738AB11446204638BD4FF4DD
:10339000DB73114A1149124806F0E0FF84F31188EB
:1033A000BFF36F8F0323184602DFDDE740F2BB1344
:1033B000094A0C490A4806F0D1FF002383F311881B
:1033C000BFF36F8F0323184602DFB5E7705A002161
:1033D000805A0021585A002160DF010140CE0101CE
:1033E00088CD0101C8DF010110B5027843789A4207
:1033F00014D0D4B244700278944204D05A1C437062
:10340000D3B2022B0ED01A460B7000EB8204606818
:1034100000B110BDFFF782FF606010BD0133DBB269
:10342000022BF0D100221346EEE700BFF8B5027878
:1034300043780446934226D0D5B2154A00EB85075F
:10344000507B92F80CC0431CDBB2032B08BF002357
:103450009C450E46796806D042F8201053730D48FB
:1034600005F092FA00216B1CDBB2022B08BF002290
:10347000796014BF1A46134601212370317004EBA2
:1034800082046068F8BD1A4604EB82046068F8BDE7
:10349000705A0021585A002170B5057A0446C5F3C8
:1034A000021595FAA5F0002DB0FA80F008BF4FF094
:1034B000FF3082B000F1010646D0227A6B1E2B400D
:1034C00063F3061206F124002272FFF74BFB002380
:1034D0000DF1070104F10C008DF80730FFF7A6FF8E
:1034E0000546002842D0284601F0FCFD2B7803F069
:1034F0000F03022B1FD00DF1070104F11800FFF795
:1035000095FF0646002840D09DF8073063B9214654
:10351000254801F0CFFC962002F0E6F8002002B02A
:10352000BDE8704002F01CB8D5F80230C6F8023091
:10353000EB88F380EBE721461C4801F0BBFC02B0AE
:10354000BDE8704002F036B840F2C153184A19493C
:10355000194806F003FF85F31188BFF36F8F03232B
:10356000184602DF257AC5F30215A6E740F2CA53D2
:103570000F4A1249104806F0F1FE85F31188BFF397
:103580006F8F0323184602DFADE740F2D453084A99
:103590000B49094806F0E2FE86F31188BFF36F8FEE
:1035A0000323184602DFAFE779300101C535010179
:1035B00060DF0101CCDF010188CD0101D4DF010111
:1035C000D8DF010110B5044601F03EFEFFF724FBF1
:1035D000237A03F07102012A06D11A46C3F342038B
:1035E00063F306122272D3B213F0700F05D0636832
:1035F00053B193F82C309B0706D502F039F82046DA
:10360000BDE81040FFF716BB2046FFF745FF01F06D
:10361000A3FDBDE8104002F0A1B900BF70B5C368BA
:1036200004461E68F3F718F905463046FFF786FA98
:1036300002460023AD1AC4E9005323812046BDE8A9
:103640007040EEF73DBE00BF10B582B00446FFF7F4
:10365000D1FC00281CDB0023154A164916480094AB
:10366000F4F738FB08B1773001D102B010BD40F259
:10367000AF23124A1249134806F070FE002383F369
:103680001188BFF36F8F0323184602DF02B010BD0D
:103690004FF42B73094A0C490A4806F05FFE0023D9
:1036A00083F31188BFF36F8F0323184602DFD2E73D
:1036B000C12200012D3201016931010160DF0101E8
:1036C000C4CF010188CD010108DF01012DE9F041DE
:1036D0000D46417A1746CA071E469DF8188009D53F
:1036E000B8F1000F17D02B78B7EBD31F1AD00020FA
:1036F000BDE8F0812946044611F8020B079AC0F391
:103700008010FEF7C9FD0028EDD1637ADB07EED506
:10371000B8F1000FE7D1079B1878FEF757FD002896
:10372000E1D1E4E70622304605F1080109F074F81A
:10373000B0FA80F04009BDE8F08100BF2DE9F84FF4
:103740001F460B9B06460C4692469DF828909DF816
:1037500030506BB9437A03F00303012B2CD9002DB1
:103760003AD02378BAEBD31F4AD00020BDE8F88FB7
:10377000884618F8020B0D9A4146C0F38010FEF7F8
:103780008BFD0028F2D094F800B0BAEBDB1FECD12F
:103790003846062204F1080109F03EF80028E4D179
:1037A0000D9B1B78FF2B1ED0B27AFF2A1BD0981AD4
:1037B000B0FA80F04009D9E711F8020B0D9AC0F376
:1037C0008010FEF769FD0028CBD1737A03F0030364
:1037D000012BCAD9002DC4D10D9B1878FEF7F6FC39
:1037E0000028BED1C1E7CBF3801BCB45BDD106225B
:1037F00041460B9809F010F8B0FA80F04009B5E79F
:103800000622384604F1080109F006F8B0FA80F003
:103810004009BDE8F88F00BF2DE9F04F8BB004469A
:1038200001F008FDC0B250B9FFF7F6F92146834810
:1038300001F040FB0BB0BDE8F04F01F0A5BC01F07A
:103840001BFD054601F028FF074601F02FFF02F09F
:1038500091F9824602F072F9814601F0DFFEEDB285
:103860008046FFF7D9F9002DE0D01AF0FF0A40F0AA
:103870008180FF208DF827000120F4F791F805469C
:10388000002800F0AE80237B95F81C9004EB8303A6
:10389000186909F00F09034613F8026B05F11C01C2
:1038A00006F00F0CBCF1010F14BF4FF0000B00F13C
:1038B000080BB9F1030FC6F38012FFB24FEAD61618
:1038C0005FD0B9F1050FB1D1687F2228AED1606811
:1038D0000028ABD090F82C5015F00205A6D10DF1C0
:1038E00027000390CDE901B720460096FFF726FF99
:1038F00000289BD00420F4F753F8002896D02146E6
:103900004F4801F0D7FA01F03FFC01F07FFC00289E
:1039100058D15FFA88F000284ED1626892F82C30B6
:1039200043F0010382F82C30F4F756F817224FF6D3
:10393000FF730271C3808460054601F0A5FF286112
:1039400002F024F800210446084601F0DFFB241AA7
:103950006C61BAF1000F12D09DF827306B76F4F746
:103960003BF8034629462868EB60F4F763F80BB090
:10397000BDE8F08F5FFA89F0FEF7D0FB7AE7FF230E
:10398000ECE7687F0C287FF451AFBBF1000F7FF4A8
:103990004DAF0DF12700019000972046CDE9062399
:1039A0000591FFF793FE58BBDDE9051295F81C90D1
:1039B000079B09F00F0984E701F020FE636883F894
:1039C000A600AAE740F26D631E4A1F491F4806F091
:1039D000C5FC85F31188BFF36F8F0323184602DF00
:1039E00097E740F20D63174A1949184806F0B6FCEC
:1039F00085F31188BFF36F8F0323184602DF42E778
:103A000021460E4801F056FA01F0D4FD237E04EB66
:103A10008303D86901F066FB01F0F8FB0028A6D00B
:103A200040F22663074A0849084806F097FC8BF3E2
:103A30001188BFF36F8F484602DF98E7C535010153
:103A4000D931010160DF0101B4DF010188CD01013D
:103A5000ACDF01010021EEF7F3BC00BF30B5044636
:103A600083B0FFF7D9F8A37D6FF30003A3759B061E
:103A700002D46368002B37D0962001F035FE002376
:103A80001A461946184601F07FFD0120F3F788FF1A
:103A90000546D0B105F11C0001F01EFBFEF758FCF5
:103AA00040B901F0A1FD2146114803B0BDE8304006
:103AB00001F000BA0DF10700FEF7B4FA002201464A
:103AC0009DF8070001F0F4FFEBE740F25F33094A8D
:103AD00009490A4806F042FC85F31188BFF36F8F4D
:103AE0000323184602DFD5E701F064FDCDE700BFF0
:103AF000B12700011CE00101ACDF010188CD01010B
:103B000010B50446FFF788F801F0B2FD2046BDE885
:103B10001040FFF78FB800BF08B5FFF79FFF01F017
:103B200003FBBDE8084001F019BF00BF70B582B0CB
:103B30000546FFF75FF801F03DFD0120F3F730FF88
:103B40000446002841D004F11C0001F0C5FA01F040
:103B50005DFBE0B9FEF7FCFB60BB01F01DFF00213F
:103B60000446084601F0D2FA00210646084601F054
:103B7000C9FA3444CB34201A01F09AFE01F034FD26
:103B80002946194802B0BDE8704001F093B940F2EF
:103B90001A33164A1649174806F0E0FB002383F350
:103BA0001188BFF36F8F0323184602DFFEF7D0FBA7
:103BB0000028D2D00DF10700FEF734FA00220146AA
:103BC0009DF8070001F074FFC7E740F21633074A7B
:103BD0000949084806F0C2FB84F31188BFF36F8FD0
:103BE0000323184602DFAEE7B12700011CE0010104
:103BF000B4DF010188CD0101ACDF010170B5C368FC
:103C000004461E68F2F728FE05463046FEF796FF8A
:103C100002460023AD1AC4E9005323812046BDE8C3
:103C200070400121EEF70CBC00B9704708B5084A96
:103C300040F28F230749084806F090FB002383F3E6
:103C40001188BFF36F8F0323184602DF08BD00BF42
:103C50001CE00101FCD4010188CD01014B6823B1B6
:103C60004B6893F82C30DB0710D4814210B51ED07E
:103C70004C6A14B16FF08B0010BD104B1360FFF74E
:103C8000B9F9002804DB6FF00A0010BD002070476E
:103C90004FF40D730A4A0B490B4806F05FFB84F39F
:103CA0001188BFF36F8F0323184602DFEBE7074845
:103CB00001F000F901F068FA002010BDFD3B0101A0
:103CC0001CE0010108DF010188CD0101112700017D
:103CD000002208B503990C4B012099601146F0F7BA
:103CE000CFFF00B908BD4FF42273084A08490948BC
:103CF00006F034FB002383F31188BFF36F8F032397
:103D0000184602DF08BD00BFC40100211CE001010C
:103D100070CF010188CD010130B5044685B0FEF7B2
:103D20007BFF20460DF10F01FEF7F8FEE8B90546CE
:103D300001F09EFC94F816E02B46CEF3410C0CF1FA
:103D4000010C0CF0030CBCF1030F08BF4FF0000C8A
:103D50006CF3420E009503222946284684F816E0AB
:103D6000F2F7A8FC2046FEF765FF05B030BD00BFA6
:103D70002DE9F84316469DF8209080464A460D46A8
:103D8000304619461F46FEF7C1FA0446A0B91DB1D8
:103D900098F817309B071CD498F81650C5F3801379
:103DA000B3420CD0C5F3C105012D05D926B17B79ED
:103DB00003F0C003402B12D02046BDE8F883062252
:103DC000394608F1190008F027FD0028EAD101243E
:103DD000F2E74846FEF712F90028EDD1DCE7099B2F
:103DE000002BF4D00123099A1370F0E710B5E8B165
:103DF0000C46FFF713F9002804DB2046BDE810400D
:103E0000FEF736BE4FF41E730C4A0D490D4806F0FE
:103E1000A5FA002383F31188BFF36F8F032318469D
:103E200002DF2046BDE81040FEF722BE064801F042
:103E300041F8BDE8104001F0A7B900BF1CE0010146
:103E400008DF010188CD0101193D01010020704703
:103E50000020704710B582B00446FFF7CBF8002869
:103E60001BDB0023144A154915480094F3F732FF71
:103E700008B1773001D102B010BD8323114A124935
:103E8000124806F06BFA002383F31188BFF36F8F9B
:103E90000323184602DF02B010BD8023094A0C49F3
:103EA0000A4806F05BFA002383F31188BFF36F8F93
:103EB0000323184602DFD4E7553A0101ED3D010125
:103EC0005D3C01011CE00101C4CF010188CD01016D
:103ED00008DF010110B504460846A17D090702D498
:103EE00042B9012010BD002AFBD1BDE810401846A0
:103EF000FEF76CB91946FEF79BF90028F1D1A07DB9
:103F0000C0F3C00010BD00BF2DE9F04F83B09DF895
:103F100038609DF83040B60106F0400646F02506B0
:103F200046EAC4160C464FF0220C01279846237827
:103F30000F9903F0100333434668237084F801C0DF
:103F40000B681546C4F802308B880D9AE38013681D
:103F50008146A3609388A3817368C4F80E303289C8
:103F6000B37A677562822375B6F816A001F00EFD6C
:103F7000074665B16B0740D405F0030B0BF12B0B23
:103F80004FEACB0BC5F340032BFA03FB01E04FF4E0
:103F9000B07B4146284601F0B9F807F5AF67D9F87C
:103FA00010305F448046A7EB000B4BBB109AC2F861
:103FB00000B0A375E375F28A94F823302283328B24
:103FC0006283B9F81420A283D6F82220C4F81E20F8
:103FD00096F8262084F8222096F8282062F304031D
:103FE00084F82330FFF732F894F8233060F3471356
:103FF00084F8233003B0BDE8F08F4FF4356BC8E789
:1040000040F2E24303FB0AFA01F044FC0346D9F80C
:104010001020284601211D46019201F075F8019AF1
:104020002B181344002B01DB5B4501D25344F9E705
:10403000109AA8EB070813609844044BA3FB0823CD
:10404000627D9B0A0132E3826275B4E75917B7D1EA
:10405000F8B50546FEF7E0FDF3F700FE044600283C
:104060003ED00120264B274A1B781278834002401D
:1040700003F002031343A279234922F003021343FE
:10408000224A0988A3711378A1802070237219B184
:1040900095F92730002B04DB2846BDE8F840FEF7F1
:1040A000C9BD95F82C30C3F30213022B16D0042B94
:1040B0000CBF4FF4BC77282701F044FC064601F002
:1040C00047FC0023361AE660EA6B2846C4E9042759
:1040D000EB636B64BDE8F840FEF7ACBD1827EBE777
:1040E00040F2E7330A4A0B490B4806F037F984F3EC
:1040F0001188BFF36F8F0323184602DFB1E700BFBB
:1041000082600021836000216660002181600021BF
:104110007CE00101F8D2010188CD010108B501F070
:10412000B5F8034601211A78002061F301021A70E4
:1041300008BD00BF0020014B187070477F60002150
:10414000704700BF002330B4064A074C1380074D68
:1041500007480849084A2B70238003700B701370BE
:1041600030BC7047666000216860002182600021D9
:1041700083600021846000218160002191F82C304F
:104180005B070AD481420AD1064B1B88002B14BF5F
:104190006FF08B006FF00F007047002070476FF0DA
:1041A0008B0070476660002191F82C305B070AD4C1
:1041B00081420AD1064B1B88002B14BF6FF08B0085
:1041C0006FF00F007047002070476FF08B00704752
:1041D0006860002138B50D46002842D00446FEF73D
:1041E0001DFF002854DBE36821894A1C9983598B01
:1041F0000A4493F927105A83002913DBF3F72EFDA5
:104200000446F8B100220121A379A28023F0030320
:1042100043F00203A371217022722846BDE83840A2
:10422000FEF726BC20891A6B996B00FB02220A4418
:10423000596B8A4228BF0A469A63F3F70FFD04467A
:104240000028DFD14FF487731B4A1C491C4806F035
:1042500085F884F31188BFF36F8F0323184602DFBC
:10426000D0E791F92730002B0ADB2946154800F0EA
:1042700021FE00F089FF95F862301B0717D438BD86
:10428000114B1B88002BF0D10122104B1A70ECE768
:10429000F523094A0E490A4806F060F8002383F323
:1042A0001188BFF36F8F0323184602DF9BE7BDE839
:1042B000384001F0F3BB00BF7CE00101F8D20101FE
:1042C00088CD010151400101686000218260002118
:1042D00008DF010170B505460120F3F761FB0446D4
:1042E00050B30021617704F11C0695F8494004F0B1
:1042F0000704204600F036FE95F86230A2001B0746
:104300000FD51F21082042F0010200F0B5FE324611
:10431000214605F1630001F045FBBDE8704000F067
:10432000DBBE08201B2142F0010200F0A5FE304652
:10433000BDE8704000F0D0BE40F21A33064A07498B
:10434000074806F00BF884F31188BFF36F8F03233F
:10435000184602DFC5E700BF7CE00101ACDF0101C8
:1043600088CD010138B50446FEF744FC334AA089E4
:1043700013880133138001F0B7F994F8482094F8BA
:104380004900C2F3C003002102F0070200F0070059
:1043900001F0FAF82046FFF79DFF00F041FF0028EA
:1043A0003BD101F0F9FA0346258A94F8490001212E
:1043B0000D3500F007001D4400F0A8FE94F84930C8
:1043C000054403F00703022B25D0042B0CBF4FF448
:1043D000BC73282394F848001D44C0F3C00100F0CA
:1043E000070000F08FFE281A01F062FA144B1B88B8
:1043F0001BB994F92730002B05DA2146BDE8384077
:10440000104800F057BD01F0EFF82146BDE83840F4
:104410000C4800F04FBD1823DCE740F2B6230A4AEF
:104420000A490B4805F09AFF002383F31188BFF374
:104430006F8F0323184602DFB3E700BF68600021D7
:1044400066600021794501017CE00101C8E00101BD
:1044500088CD010170B505460E4690F8481001F070
:1044600007042046C1F3C00100F07CFD95F86230DE
:10447000A200DB0642F001020CD508201F2100F04B
:10448000FBFD314605F1840001F090FABDE8704073
:1044900000F028BE08201B2100F0EEFD3046BDE8EC
:1044A000704000F01FBE00BFF0B5054683B001AA02
:1044B0000F46D0E91301F0F775FB95F86230064618
:1044C0005A073BD448B3019C95F8613095F86020B9
:1044D00004341C4412B9627885F8602033B101229B
:1044E000237862F30103237095F8613095F860201A
:1044F0002846D31A6370F7F7A9FB637883422BD958
:104500006070012100222378A27003F00F0343EAB8
:10451000011323703C6003B0F0BD43F0040385F841
:10452000623000F0B3FE0446124B1B78EBB12378E7
:1045300043F0100323703C6003B0F0BD43F004036C
:1045400085F8623000F0A2FE0446002EECD02378FD
:1045500043F010032370EEE732682B6D9A42D0D1FE
:10456000044B19780029CCD1CCE7227863F30412EC
:104570002270CFE77F6000212DE9F04F85B004461F
:1045800000F058FEC0B250B9FEF73CFB2146BA48D5
:1045900000F090FC05B0BDE8F04F00F0F5BD00F074
:1045A0006BFEC5B201F03AF8B44F5FFA80F8FEF73F
:1045B00029FB3B88012001333B80F3F7F1F90646E4
:1045C000002800F01181002D51D1AD4B1F78002F34
:1045D00040F0DA800122204603A91A70FFF764FF39
:1045E0000027BA46039DE08901F07EF894F849005F
:1045F00000F0070000F0B4FF2146A24800F05AFC8A
:1046000001F0ACF994F862202B78294662F3C303D9
:104610002B7094F862302A78C3F3400363F382026C
:1046200020462A70FFF716FF00F0FAFD002840F040
:10463000128101F087F9002800F09080BAF1000F94
:1046400000F094804FF6FF73A08A984200F02B810F
:104650005146F7F741FA002F40F08B80F3F7E2F96B
:10466000B8F1000F40F0AB8005B0BDE8F08F94F8D2
:104670006220337F02F00101C3F38000884200F022
:10468000C580914694F9273081F0010161F300095A
:10469000002B84F8629005DA94F82C3043F008037C
:1046A00084F82C30DFF8E0B19BF8002012B1013A19
:1046B0008BF8002094F8622012F0040540F0048189
:1046C000D4E9130103AAF0F76DFA8246002800F03E
:1046D0001281039A94F86190131D03EB090251783B
:1046E000019371B194F86220D3060AD5D4F89420CE
:1046F0000132C4F89420D4F8982042F10002C4F8A2
:10470000982094F860204944C9B29142C0F0F980E1
:1047100000F0258140F274435C4A5D495D4805F034
:104720001DFE002383F31188BFF36F8F0323184608
:1047300002DF4FF0000A94F92730002BC0F2088105
:10474000337FD8065CBF019A12F8095094F86220B2
:104750005CBF85F01005C5F3001559E001F0E6F8DF
:1047600001F0EAF8BAF1000F7FF46CAF002F3FF4CC
:1047700077AFF3F731F903233371A38A31463068F9
:10478000F380F3F73FF969E794F86290013F204620
:10479000FFB203A91F70AA46FFF786FEC9F380097E
:1047A000002F7FF41DAF2146334800F083FB94F9BE
:1047B0002730002B0ADA00F0FDFE039D22E700F00F
:1047C0001DFF84F8A60005B0BDE8F08F00F0DCFC0A
:1047D00000F01CFD002840F0AB8094F8623069F3D3
:1047E000820384F8623024E740F25B13274A2A49A7
:1047F000284805F0B3FD86F31188BFF36F8F0323BC
:10480000184602DF002D3FF4E0AE30E70025AA464F
:10481000C3F3C003C2F340018B4275D000270021CF
:10482000C2F380090122164B204619701B4B03A9C5
:104830001A70FFF739FE002DB5D1337F039DDA06DC
:104840003FF5D1AE2B78DB063FF5CDAE6B78002B74
:104850007FF4C9AEA7E74FF4F8730C4A10490D482E
:1048600005F07CFD002383F31188BFF36F8F0323D2
:10487000184602DFDDE600BF5140010166600021FD
:1048800084600021654301017F6000217CE001011B
:1048900064CE010188CD0101ACDF010183600021FC
:1048A000C8E0010100274FF404737C4A7C497D482D
:1048B00005F054FD002383F31188BFF36F8F0323AA
:1048C000184602DFA08AC3E66FF3820284F86220F2
:1048D00000F0DCFC94F92730002B0CDB337F13F065
:1048E000100509D10278AA4682F01005C5F300151B
:1048F00094F862208CE7337F002594F86220AA4662
:1049000086E784F8611014E70320F3F749F818B339
:1049100094F8623083F0020384F86230737F94F875
:104920006220002B3FF47AAF110735D4012776E7D8
:1049300040F2B313594A5C495A4805F00FFD002371
:1049400083F31188BFF36F8F0323184602DF44E718
:1049500094F86220337F5BE794F862205EE70022E0
:10496000206DA4F8602004F14C01F0F723F9039ABC
:104970001268CAF80020039AC2F800A09BF8002031
:10498000DDF80CA01AB93A88052A7FF6D4AE474A5A
:1049900012788BF80020CEE601F04EF8074600288A
:1049A0006CD001F071F8002856D1D4F87330D4F8E7
:1049B0007720134304D1337F03F00303032B34D058
:1049C00002223B4B21463B481A7000F073FA00F07C
:1049D000DBFB00F01BFC80B900F0B4FFE8B1BAF1DA
:1049E000000F3FF43DAE4FF6FF73A08A98423FF4AC
:1049F00059AF5146F7F770F830E64FF4B673274ACF
:104A00002949284805F0AAFC002383F31188BFF345
:104A10006F8F0323184602DFDEE700F087FF00F008
:104A20008BFFBAF1000FDED11AE600F033FC4378B9
:104A30000146272BC4D80333DAB206F11C0007F075
:104A4000BCFED4F87330013BC4F87330D4F877302F
:104A500043F1FF33C4F877300122D4F8733004F106
:104A600073019B18C4F87330D4F8773043F1000316
:104A70004B600F4B1A7094F8622057E740F28F4357
:104A8000064A0D49074805F069FC87F31188BFF312
:104A90006F8F0323184602DF83E700BF7CE001012C
:104AA000E4E0010188CD0101B4DF01018060002153
:104AB0008160002151400101DCE001010246024B0E
:104AC00018781A70704700BF8060002110B582B05E
:104AD0000446FEF78FFA00281BDB0023144A154911
:104AE00015480094F3F7F6F808B1773001D102B019
:104AF00010BD5523114A1249124805F02FFC00231E
:104B000083F31188BFF36F8F0323184602DF02B0CF
:104B100010BD4C23094A0C490A4805F01FFC00232C
:104B200083F31188BFF36F8F0323184602DFD4E7A6
:104B3000392D0001D5410101A9410101FCE001012C
:104B4000C4CF010188CD010108DF010110B582B099
:104B50000446FEF74FFA00281BDB0023144A1549D0
:104B600015480094F3F7B6F808B1773001D102B0D8
:104B700010BD5023114A1249124805F0EFFB0023E3
:104B800083F31188BFF36F8F0323184602DF02B04F
:104B900010BD4B23094A0C490A4805F0DFFB0023EE
:104BA00083F31188BFF36F8F0323184602DFD4E726
:104BB000A12F0001D54101017D4101015CE101010D
:104BC000C4CF010188CD010108DF0101264B024657
:104BD000D3F8A412013106D02349D1F8A00210F075
:104BE000010009D170474FF6FF71D3F8A8329BB28C
:104BF0008B42F1D100207047D1F8A4321360D1F874
:104C0000A802C0F3072363F03F0310715371D1F87A
:104C1000903201331CD0D1F89432013318D0D1F83E
:104C20009832013314D0D1F89C32013310D0D1F82E
:104C30009032C2F80630D1F89432C2F80A30D1F876
:104C40009832C2F80E30D1F89C32C2F8123008E027
:104C50000023C2F80630C2F80A30C2F80E30C2F89B
:104C600012300120704700BF0000FF010023144AEA
:104C7000036043608360C360D2F88032013318D090
:104C8000D2F88432013314D0D2F88832013310D0F4
:104C9000D2F88C3201330CD0D2F880320B60D2F8CB
:104CA00084324B60D2F888328B60D2F88C32CB6081
:104CB000704700230B604B608B60CB60704700BF78
:104CC0000000FF014FF480320021044BC3F80815A7
:104CD000C3F84423C3F80423704700BF0010014108
:104CE000054B1878421C1A7018B90122034B1A6040
:104CF00070470120704700BF85600021001001410E
:104D000038B50E4D2C784CB1601EC0B2287018B961
:104D100001220B4B5A6038BD012038BD7123094A6E
:104D200009490A4805F01AFB84F31188BFF36F8F15
:104D30000323184602DF2C78E6E700BF85600021D8
:104D400000100141B8E1010104E2010188CD010137
:104D5000014BD3F80405704700100141024B00F5E8
:104D6000A87043F820107047001001412DE9F0436E
:104D700000243E4DC5F800450224A142C5F8004577
:104D80004AD0042955D03A493A4CC5F884104FF41A
:104D90000065C4F884113849384CC1F804553349CA
:104DA000022AC1F804452FD0032A31D0E322C1F8EA
:104DB0002025304AD2F81825D2B21F2A03D9FF2A5B
:104DC00052D0111F00E01B2100240125274AC2F800
:104DD0001815C2F808052A48C2F80C05C2F81035A3
:104DE000284BC2F81435C2F80042C2F80041D2F88C
:104DF0000031C2F80441D2F80431C2F80841D2F8B7
:104E000008311560BDE8F083C322C1F82025D0E742
:104E1000A322C1F82025CCE71549164CC5F884100B
:104E20004FF40065C4F884111349174CC1F80455B8
:104E3000B5E74FF003094FF008084FF4006E0D4E30
:104E4000DFF848C00C490A4FC5F81C95104CC6F84D
:104E5000D0C1C5F88CC0C1F80485C5F88470C6F807
:104E60008471C1F804E59AE7FB21ADE700E0004159
:104E70000B0000800080004100F0004101000001B3
:104E8000485C0021385B0021010001010300008023
:104E900001000201044BD3F8103123B1034A044B43
:104EA00010681B6818477047008000414C5E002165
:104EB000505E002138B5054608200C46EFF738F85B
:104EC00010214FF48072074B07481D60074B0460A8
:104ED000C3F80413064B0820C3F88021BDE838400E
:104EE000EFF718B8505E00214C5E002100800041B1
:104EF00000E100E0704700BF082008B5EFF718F8A0
:104F000000220120114B1249C1F81825C3F8A02036
:104F1000C3F8A420C3F8A820C3F8AC205862D86214
:104F2000C3F81028D3F8100840F48040C3F81008E4
:104F3000C3F81428D3F8140840F40040C3F8140848
:104F4000C1F88020C1F8842008BD00BF00F00041F6
:104F5000008000410022024BC3F80025704700BFCB
:104F60000040004102280F4A0F4B0ED00428D2F80F
:104F7000802010D00321C3F8882540F201220A4B7B
:104F8000C3F81015C3F850267047D2F884200421C6
:104F9000C3F88825F1E701F00101C1F10601C3F86A
:104FA0008825EAE70000FF0100800041002817DAA9
:104FB00000F10803DBB2072B0CD910F10C0F1BDA40
:104FC00010F1100F22DA14301BDAD822124BC3F87A
:104FD0000C257047104B00F58070C3F80C05704726
:104FE00000220D4B0228C3F80C2504DD0122A3F595
:104FF0008043C3F800257047F422074BC3F80C2503
:105000007047EC22044BC3F80C257047F022024B8A
:10501000C3F80C25704700BF00800041014BC3F866
:105020000805704700800041084B00F07F00C3F87E
:105030005405D3F8182522F00072C3F81825D3F8C8
:10504000182542F00072C3F818257047008000410F
:1050500000210123074AC2F82C15C2F83035C37865
:10506000C2F824358178038843EA01431B02C2F861
:105070001C35704700800041C2F38203022B02F00E
:10508000030221D0042B0CBF4FF0C74C4FF0000C93
:10509000013A022A98BF4CF4801C00F00F000C4B20
:1050A00040EA0C0040F48070C3F81405D3F81805EA
:1050B000084A0240C3F81825D3F81825114341F4D3
:1050C0004031C3F8181570474FF0807CE0E700BF0F
:1050D000008000410000F8FE014BC3F80405704752
:1050E00000800041014BC3F8040570470080004177
:1050F000022804D004280CBF2A2029207047282029
:10510000704700BF0120704729207047022809D04E
:10511000042805D111F0010F0CBF19201E20704783
:105120000A207047052070472020012110B4064A4C
:10513000064B074CC3F8EC21C4F88C20054AC2F892
:105140000405596010BC70470500008000800041D4
:105150000080014100F000412020012110B4064AE6
:10516000064B074CC3F8EC21C4F88C20054AC2F862
:105170000405196010BC70470500008000800041E4
:105180000080014100F0004130B4002201212024C0
:10519000084B0948094DC5F88C20C3F8A020C3F876
:1051A000A820C3F808455962D962C0F800220161FD
:1051B00030BC704700F00041008000410080014198
:1051C0000022114BC3F80021D3F80011C3F80421C9
:1051D000D3F80411C3F80C21D3F80C11C3F86C21D7
:1051E000D3F86C11C3F87021D3F87011C3F82821DB
:1051F000D3F82811C3F81021D3F81011C3F85021A7
:10520000D3F85031704700BF00800041034BD3F802
:105210000001003818BF0120704700BF0080004126
:10522000034BD3F80401003818BF0120704700BFBA
:1052300000800041034BD3F80C01003818BF012057
:10524000704700BF0080004101207047034BD3F836
:105250005005B0FA80F04009704700BF008000415F
:1052600040F20312034BC3F83425C3F83805C3F8E2
:105270003C15704700800041034BD3F80004003810
:1052800018BF0120704700BF0080004100487047F0
:105290004C5D002100487047485C00212DE9F04F2B
:1052A000DFF89482A54E98F800C0A54F0CF1040ECB
:1052B0004FEACE0EDFF88C925FFA8EFE83B0764412
:1052C00001939DF830B09DF838A0C9F8EC713760B3
:1052D00000260CF101049C4D04F00104E3001D4480
:1052E0000CF10E03DBB2012943F000432E6045D0E0
:1052F00088B32D21954A0CF1700542F82530C9F884
:10530000843000270CF10202904E8C480EF1040EFE
:10531000D2B25FFA8EFE703246F822704FEA8C0CE1
:1053200046F8253040F80E300CF1824C0CF5C03CAC
:10533000DCF8403520228B4292BF0123DCF8403557
:105340005B1ACCF84035824BC3F8042588F800403E
:1053500003B0BDE8F08F022A00F0E180042A46D0B5
:1053600036217A4E774804F10E0242F000420CF1E9
:10537000700546F82530C0F88420C2E7012800F007
:10538000B680BBF1020F00F0AF804AF23C5149F603
:10539000C475BBF1040F18BF29460CF10206022A9E
:1053A000F6B27DD0042A29D06A4D01F51A512C316C
:1053B000A5FB0151DFF89491624F0CF1700549F89B
:1053C00025308909C7F88030002878D1520776D572
:1053D000BBF1020F00F0AC804AF2B8124AF2307012
:1053E000BBF1040F08BF024642F2B84024E0019A24
:1053F00012F0010F0CBF45214A21B2E7554A01F5D1
:10540000EB411431A2FB0121504F4E4A0CF17005C3
:1054100047F825308909C2F8803000284FD1BBF108
:10542000020F7ED04AF2B8104AF23072BBF1040F7C
:1054300018BF024646F21800024446480CF5A8750B
:10544000A0FB02024148B60050F8250006F1824652
:10545000B0EB921F98BF01204FEA921588BF401B06
:1054600006F5C036C6F840050820344A0EF1040E91
:105470004FEA8C0C5FFA8EFEC6F8C031C6F8C03118
:1054800042F80E30344B0CF14002D2B213442D4D91
:10549000324AC5F8D0211A602D4BC3F8040543E702
:1054A0002C4A01F5AB511C31A2FB01212748254AAA
:1054B0000CF1700540F825308909C2F88030524659
:1054C000012A04D00020214A703642F826001B4AE7
:1054D0001E480EF1040E5FFA8EFE40F825304FEAAA
:1054E0008C0C42F80E301FE749F6404155E7BBF1FE
:1054F000020F1BD0BBF1040F0CBF2B212A21134E2E
:10550000104804F10E020CF1700546F8253042F007
:1055100000420CF10206C0F88020F6B2CFE732213B
:105520001FE749F6346246F2180085E72921E6E7CD
:1055300049F6346258E700BF8660002180F00041E0
:105540000500008000800041A0F000410080014182
:1055500000F00041D34D62108080014103000080C3
:1055600010B5002302460324064984B0C1F8004266
:105570000120009219461A46CDE90133FFF78EFE4D
:1055800004B010BD0080004130B5844614461D466D
:1055900000200322064B85B0C3F800220B4662466A
:1055A0000121CDE901500094FFF778FE05B030BD30
:1055B0000080004100220320044B0549C1F800028D
:1055C000C3F8A020C3F8A820704700BF00F0004136
:1055D00000800041034BD3F85001B0FA80F040093D
:1055E000704700BF00800041034AD2F8003243F404
:1055F0008873C2F80032704700800041014BD3F835
:1056000048057047008000410022034BC3F81C216D
:10561000D3F81C31704700BF00800041034BD3F822
:105620001C01003818BF0120704700BF00800041F6
:105630004FF0000C10B44FEA8C03146803F182435E
:1056400003F50043C3F8004694880CF1010CBCF14B
:10565000080FC3F8204602F10602ECD1034B40EAE2
:105660000120C3F8400610BC704700BF0080004115
:10567000034AD2F8403623F0FF03C2F840367047A1
:10568000008000410022034BC3F81421D3F81431E9
:10569000704700BF00800041034BD3F8140100386D
:1056A00018BF0120704700BF00800041014BD3F8B4
:1056B000100470470080004130B400204FF4802572
:1056C00043F62872054C0649064BC4F84853C1F806
:1056D0008400C3F8082530BC704700BF00100141AA
:1056E00000E0004100F00041034B044A1B7803F541
:1056F000A87342F8230070478660002100800141B2
:10570000F0B5A2F57423314DA3F51073AB420446F6
:1057100006D902F1E87202F5D432013902F5A57218
:105720002B4B4FF0010EA3FB02324FF0000C900CFC
:10573000042702224FF480264FF48075254BC3F8CE
:105740000CE0C3F804C5C3F81075C3F80825224A55
:10575000C3F84005C2F848152049C2F84463C2F8AE
:10576000C811A2F50052C3F88010C2F8045514B352
:105770004FF400747144C3F8C011A3F58043C3F81B
:105780008010C2F80445012100244FF0040C2026AB
:10579000134B144A144F154DD960C3F80445C3F890
:1057A00010C5C3F808451960C7F8EC21C3F88C2070
:1057B000C5F80465F0BD4FF400740D49C3F8C0117D
:1057C000094BC3F88410C2F80445DCE7BFBDF07F85
:1057D00083DE1B4300C0004100100141080000802F
:1057E00000800141050000800080004100F0004180
:1057F00009000080F0B44FF4802C01244FF480772E
:10580000194B1A4A1A4E1B4D5C60DC60C3F84045C8
:10581000C2F84815C2F844C34FF40071C2F8C86119
:10582000C3F88060144AC5F80475A0B11348C3F8E2
:10583000C021C0F88020C5F804152021104B0F4C62
:1058400010480C4AC4F8EC31C0F88C30C2F804158A
:105850000120F0BC70470948C3F8C021C0F884207B
:10586000C5F80415E9E700BF00C000410010014180
:105870000800008000F00041090000800080004125
:105880000500008000800141014BD3F848057047B6
:10589000001001410020704701230349034A4B6077
:1058A0000B6153601361704700C0004100800141EB
:1058B00070B44FF4C056094B094C0A4A0A490B4DC3
:1058C000C3F84405C2F88441C3F8C440C3F8C41106
:1058D000C2F89010C5F8046570BC704700C0004164
:1058E0000B000080008000410C00008000F00041AF
:1058F00009490A480A4B0B4A10B4C1F88001C3F8A1
:10590000C000C1F884214FF44061074CC3F8C420A3
:10591000C4F8041510BC7047008000410A000080E4
:1059200000C000410B00008000F00041014BD3F8A3
:105930004405704700C00041014B1860704700BF2C
:10594000445C0021014B1868704700BF445C002193
:10595000014BD3F84005704700C000414FF400519F
:1059600010B4064B064C0748074AC4F88C31C0F8FF
:10597000C830C2F8041510BC704700BF0D0000808D
:105980000080004100C0004100F00041014BD3F80D
:105990004805704700C00041014BD3F848057047E7
:1059A00000C0004113460122FFF7E0B930B40222E3
:1059B0000025E3241B4BC3F80055C3F800251A4A01
:1059C000C3F80425194AC3F82045D2F81835DBB2CC
:1059D0001F2B03D9FF2B22D01A1F00E01B2200240B
:1059E0000125104BC3F81825C3F80805104A1148C3
:1059F000C3F80C15C3F81005C3F81425C3F80052FA
:105A0000C3F80041D3F80021C3F80441D3F80421BE
:105A1000C3F80841D3F808211D6030BC7047FB2251
:105A2000DDE700BF00E0004100000101008000410F
:105A3000385B0021485C002138B50223104CC4F8C3
:105A40000433D4F8043163B92025EFF3118085F3D2
:105A50001288BFF36F8F05F03AF8D4F80431002BA9
:105A6000F3D002204FF48041054B064AC3F80803E7
:105A7000C2F88011D3F80801B0FA80F0400938BDAF
:105A800000E0004100E100E0034BD3F800040038DF
:105A900018BF0120704700BF00E000410121002233
:105AA000024B9960C3F80025704700BF00E0004139
:105AB000F0B44FF0030C002540271B4C9208D4F89B
:105AC00004651A4B042A1A4A06F1FF36C3F800C5CA
:105AD000C3F80405C3F80815C3F81065C3F8142506
:105AE000C3F80051D3F80021C3F80451D3F80421BE
:105AF000C3F80851D3F8082114BF3A464522C4F828
:105B00006025D4F800220B493A430B48C4F8002220
:105B1000C4F82851D4F82821C4F8A811C3F880107B
:105B2000C0F80475F0BC70470080004100E00041FF
:105B3000345B00210600008000F00041014BD3F8E7
:105B40000004704700E000410023402010B4064AE2
:105B5000064C0749C2F82831D2F82821C4F800358C
:105B6000C1F8080510BC70470080004100E000410A
:105B700000F0004138B5164BD3F828312BB3012380
:105B8000144CC4F80433D4F8003163B92025EFF382
:105B9000118085F31288BFF36F8F04F098FFD4F85B
:105BA0000031002BF3D001204FF48041094B0A4A09
:105BB000C3F80803C2F88011D3F804212AB1D3F83E
:105BC0000801B0FA80F0400938BD002038BD00BFA0
:105BD0000080004100E0004100E100E001390129BE
:105BE00005D811200AB1EEF795B9EEF7A1B908B5BD
:105BF000074A2D230749084804F0B0FB002383F32C
:105C00001188BFF36F8F0323184602DF08BD00BF62
:105C100010E2010164CE010188CD010129B10139F1
:105C2000012905D81120EEF797B91C20EEF794B999
:105C300008B5084A41230849084804F08FFB0023AF
:105C400083F31188BFF36F8F0322104602DF1846DB
:105C500008BD00BF10E2010164CE010188CD010141
:105C600088420FD0012807D002280DD1A1F10100F0
:105C7000B0FA80F040097047A1F10200B0FA80F05C
:105C8000400970470120704700207047012908B57E
:105C900011D002290FD0A1B17B230D4A0D490E4826
:105CA00004F05CFB002383F31188BFF36F8F0323A1
:105CB000184602DF08BD4FF40032084BC3F800213C
:105CC00008BD4FF08052054BC3F8002108BD00BF4E
:105CD00010E2010164CE010188CD010100E100E084
:105CE00008B506F0C4FA08BD032810B5044604D868
:105CF000124B1C5D9CB1204610BD2923104A11494E
:105D0000114804F02BFB002383F31188BFF36F8F3E
:105D10000323184602DF094B1C5D002CEBD12C231A
:105D2000074A0A49084804F019FB84F31188BFF3B5
:105D30006F8F0323184602DF204610BDE0E2010109
:105D400060E20101B0E2010188CD0101D0E2010170
:105D5000013810B51C46042857D8DFE800F0141CA1
:105D600018200300042920D0B823294A29492A48A9
:105D700004F0F4FA002383F31188BFF36F8F032339
:105D8000184602DF10BD04291FD04C23EDE704297B
:105D900013D07A23E9E703291FD06323E5E703291A
:105DA0002BD0042921D0A023DFE71C4B02219C60CB
:105DB0000320BDE81040EEF763BF194B02219C6041
:105DC0000120BDE81040EEF75BBF164B02219C603E
:105DD0000020BDE81040EEF753BF0121124B0846EA
:105DE0009C60BDE81040EEF74BBF02210F4B084608
:105DF0009C60BDE81040EEF743BF0D4B01219C6055
:105E00000220BDE81040EEF73BBFBE23ADE700BF68
:105E100060E2010164CE010188CD0101E4010021AD
:105E2000140200213402002124020021F401002187
:105E30000402002101460020FEF790BF30B401218A
:105E40000024104B5960C3F80405C3F80041C3F89F
:105E50000441196005E0D3F8042132B9D3F80425D0
:105E60001AB1D3F80021002AF5D05960D3F80421E3
:105E7000002AE7D1D3F80455002DE3D0C3F8042558
:105E800030BC704700D0004170B50126164C0D2083
:105E9000D4F804556660EEF74BF8D4F8040140B12D
:105EA0000021C4F804113046D5E90E32BDE8704037
:105EB0001847D4F8006146B1C4F8000105F120018B
:105EC000D5E90E32BDE870401847E423074A084977
:105ED000084804F043FA86F31188BFF36F8F032359
:105EE000184602DF70BD00BF00D00041E4E20101AE
:105EF00064CE010188CD010170B58CB00E46154607
:105F00000146102268461C46EEF71AFE1022314662
:105F10000DEB0200EEF714FE6846FFF78FFF25B188
:105F20001022284608A9EEF70BFE2CB108AD0FCDC4
:105F300020606160A260E3600CB070BD084B70B57A
:105F4000C31A0D4607499B10044659434022064890
:105F500004F0F7FE2B4601462046BDE87040184786
:105F6000985E0021B76DDBB6BCC90101402373B553
:105F70000B4C0093041B0B460D460A49A4106143C9
:105F80000646094A094804F008FF011E05DA3046B2
:105F90002B4602B0BDE87040184702B070BD00BF8C
:105FA000985E0021B76DDBB605AE0101BCC90101E9
:105FB00010B5EFF31184202383F31288BFF36F8FA2
:105FC000074A136823F00201DB07116002D40120A5
:105FD00005F06CF884F31188BFF36F8F10BD00BF1C
:105FE000E85E0021052170B5002204460846EDF761
:105FF000C1FF0F4801F02AF90E4B984215D101F06C
:1060000035F926690C49304604F01FFA00280BDBED
:10601000012535642469084904F11C0004F015FACF
:10602000002801DB0020E56470BD6FF00400FBE791
:10603000416101010000AD0B30E301017FB5002299
:106040000123CDE9022304ABCDE90433094A6B46B1
:10605000CDF800D0CDF804D004F0CDFE002805DB4B
:106060004FF480420023684602F0C8FC07B05DF898
:1060700004FB00BF23AE01010C22104B014602FBC2
:106080000033002030B4D3E90E529863EFF311804F
:10609000202484F31288BFF36F8F1C6C04F0C004BB
:1060A00044F002041C6480F31188BFF36F8F1DB1AC
:1060B0002B4630BC0248184730BC7047985E002120
:1060C000BCC9010110B4EFF31182202383F31288BD
:1060D000BFF36F8F1748016841F002040460C807DE
:1060E00007D482F31188BFF36F8F012010BC01F039
:1060F000D3B81149D1F80C04D1F80C14C907F0D564
:10610000EFF3118083F31288BFF36F8F0B490B6C91
:1061100003F0C00343F002030B6480F31188BFF364
:106120006F8F82F31188BFF36F8F002010BCFFF7D1
:10613000A3BF00BFE85E002100500041985E00212F
:1061400010B1012804D07047034B1B6C5B0701D1D1
:10615000FFF792BF704700BF985E0021C3B21C20BA
:10616000014A03FB00207047985E0021074BD3E8EB
:10617000EF2F42F00101C3E8E01F0028F7D1930799
:1061800002D4012001F088B8704700BFE85E00210A
:1061900010B5EFF31184202383F31288BFF36F8FC0
:1061A000074A136823F001019B07116002D4012004
:1061B00004F07CFF84F31188BFF36F8F10BD00BF24
:1061C000E85E00212DE9F041012207463449D1E87B
:1061D000EF3FC1E8E02F0028F9D133B93149324807
:1061E0004B60CB608A6004F043F97B1E012B28D8FA
:1061F000012F06D12D4BD3F81C3403F00303022BDF
:106200001FD006F034F80546E8B9294B1B78D3B106
:1062100002220646254BC3F80823244CDFF894805D
:10622000D4F81824D4F81834D20315D503F0030396
:10623000022B01D0012F0FD16DB386F31188BFF36C
:106240006F8FBDE8F081EFF31186202383F312886E
:10625000BFF36F8F0125E0E7C5B1304604F037FC8E
:10626000D4F81835DBB2012BDAD1D4F80421002A96
:10627000D6D00022C4F80421D4F804210222C4F8A4
:1062800018252022C8F88021A360C9E70021212019
:1062900006F08CF8E4E70222044BC3F80423D0E7AD
:1062A000945E0021845E0021B45E00210050004114
:1062B0008960002100E100E008B5074805F09CFD79
:1062C00038B10648EEF7D8F80448EDF729F8002071
:1062D00008BD6FF01200FBE73CCA0101E162010159
:1062E0000A2838B50446074D04D1AB680D2128466D
:1062F0005B689847AB6803485B68E1B29847204603
:1063000038BD00BF3CCA0101EFF31182202383F3A3
:106310001288BFF36F8F0A4BD3F8001161B10021CF
:10632000D3F80805C3F80011D3F80031C0B282F3E6
:106330001188BFF36F8F70476FF00A00F7E700BF57
:10634000009000410346F0B510469C7893F803C0D6
:10635000EFF31182202585F31288BFF36F8F1F782A
:1063600093F801E0E41B04EA0C04A04288BFA0B249
:106370003E180CEA06063D461E7082F31188BFF3F4
:106380006F8F0A188A4216D177450CD1EFF311822C
:10639000202181F31288BFF36F8F1978597082F32F
:1063A0001188BFF36F8F1B79241AA34222BF0122E9
:1063B000054B1A60F0BD5E197679013501F8016B65
:1063C00005EA0C05DEE700BF00900041DB432DE944
:1063D000F04713F001050E46144604D02248FFF79B
:1063E000B1FFBDE8F0879AB3EFF31188202383F360
:1063F0001288BFF36F8F0920EDF7AEFD0746092025
:10640000EDF796FD88F31188BFF36F8FDFF85CA07E
:106410004FF40079CAF80051DAF80031012325461B
:10642000DFF84C80CAF80030C8F88091DAF8003103
:1064300083B1FFF769FF031EC8F88091F6DB013DC9
:10644000ADB27355002DF1D117B10920EDF762FD02
:106450002046C6E7EFF31180202383F31288BFF3B1
:106460006F8F04F034FBE1E71C5F002100900041D6
:1064700000E100E02DE9F0410D461446114F07F10F
:10648000450814B92046BDE8F0814FF0FF334FF0C6
:10649000FF32384602F0B2FA224629464046FFF75C
:1064A00051FF0646384602F06FFA3EB94FF0FF3210
:1064B0004FF0FF33044802F0A1FAE6E7A41BA4B2B0
:1064C0003544DEE7EC5E0021045F002138B501228F
:1064D000194C1146204605F0DBFD0122002104F194
:1064E000180005F0D5FD40F20743A4F848304FF0FE
:1064F000706323630C23002584F834300F4B84F839
:106500004550A4F84650D3F80425052142F0010275
:10651000C3F80425C3F80051D3F800210122092053
:10652000C3F804231A602A46EDF724FD0920EDF78D
:10653000F1FC284638BD00BFEC5E00210090004110
:1065400010B5FFF7E1FE002820DB174BC0B293F82F
:10655000322093F8314093F83310141B31EA0404CD
:106560000DD193F8472093F8464093F84810141B38
:1065700031EA04040BD101220C4B5A600EE09C1846
:106580000132114084F8350083F8321010BD9C1898
:106590000132114084F84A0083F847100448BDE8EE
:1065A000104002F0F1B900BFEC5E00210090004104
:1065B000045F0021F0B51646426801F01F04107B0D
:1065C00087B044EA40141069002871D0B6F5001F66
:1065D00002F1100506D12146284604F0E6FD002010
:1065E00007B0F0BD0027B6F5800F01A801974760FE
:1065F00039D1B3F1007F14BF052304238DF8043093
:106600000023CDE90403039393680DF1030723FAF4
:1066100001F111F001013DD1B6F1A07F3AD104F0B2
:106620001F03620903F1800328D0012A46D1254ABD
:1066300052F82330DB072DD43A462146284601F094
:1066400027F9214B98421BD002972146284603AADE
:1066500000F0DAFF1D4B98422DD101222146284639
:1066600001F078F9BBE7B3F1C06F05D0B3F1007F5B
:1066700014BF01230223C1E70323BFE7144AD7E76E
:106680003946284601F060F9104B9842DCD06FF093
:106690000B00A5E73A462146284601F0F9F80B4BD6
:1066A0009842D2D128469DF8031001F047F9CCE773
:1066B0006FF0850094E76FF0150091E751F82330F3
:1066C000FFDE00BF00088C410400AD0B0000AD0BE5
:1066D00000058C414209034670B502D0012A17D04B
:1066E00070BD0D4E326951680029F9D0012503F0C3
:1066F0001F030C689D400029F2D08A682A4002D00E
:1067000030464B6898472CB1236821461C46F2E777
:10671000024EE7E72346F8E7FCC90101DCC90101A5
:1067200038B545682B69B3B11035284601F0FCF83F
:10673000044680B90146284601F0C4F8084B984247
:106740000BD122462846074901F09CF82246052134
:106750000A20EDF70FFC002038BD6FF00400FBE7C6
:106760000000AD0BD56601012DE9F04340F206357E
:106770004668D00648BF0320337B02EA050558BFB0
:10678000C2F3401087B001F01F07B5F5837F1446B0
:1067900047EA43178DF8030044D00DD8062D16D0D4
:1067A00005D8A5B1022D3FD06FF0150037E0B5F543
:1067B000807FF9D101250AE040F20222954235D0CE
:1067C000B5F5407F34D0B5F5007FEDD1022501232A
:1067D000220303FA01F12DD573689960326982BBF7
:1067E00007F01F037F092AD0012F77D13D4A02EB22
:1067F000830284F48033D2F80012C3F30043C4F35D
:10680000404444EA430421F4706144EA800421F0E6
:106810000F0144EA05230B43C2F80032002007B001
:10682000BDE8F0830725D2E70425D0E70525CEE7AC
:106830000325CCE7630344BF7368D960CEE72A4AD7
:10684000D5E71036394630460DF1020201F020F846
:1068500014F4403F80460CD13946304604F0A3FC86
:10686000224B9845DAD130469DF8021001F066F8C7
:10687000D4E74FF0000901AB3946304603AACDE911
:106880000439CDE90199CDF80C9000F0BDFE174B0D
:106890009842C3D114F4003315D09DF8033084F42A
:1068A0008034C4F300448DF80E3039464B463046F0
:1068B00003AA8DF80C508DF80D4000F061FF0B4BD2
:1068C0009842ABD1CCE7CDE9043339460DF103034F
:1068D000304603AA039300F097FEF0E7803352F8A6
:1068E0002330FFDE00088C4100058C410000AD0B19
:1068F00010B504460269A2B0C2F880001649002013
:1069000001F056F9002205211220EDF733FB842215
:10691000002101A8646805F077FF0023012001AA87
:1069200061680432D940C90744BF00FA03F142F854
:10693000041C2168D940C90748BF00FA03F103F1DC
:10694000010348BFD163102BEAD101A801F048F937
:10695000002022B010BD00BFC3AE01012DE9F04FF1
:106960008C46002640F2FF1EDFF8E480DFF8E4905A
:10697000DFF8E4A0F3B29C4502D80020BDE8F08F18
:1069800050F82610C1F3C324082CC1F3080350D8D3
:10699000090E734508BF4FF0FF3318F80440032970
:1069A0004AD8DFE801F002083033C2F80C35591C30
:1069B0002FD10136DEE7C2F814355D1CF9D0002571
:1069C00050F8261001F40047002F0EBFAB464FF0E1
:1069D000010B002503F01F075B0928D0012B31D1E3
:1069E000534603EB8707C1F341212402D7F8003255
:1069F00044EA81042C4303EA090344EA4B04234399
:106A0000C7F80032D5E7C2F80835D0E7C2F810352C
:106A1000D3E7590909D0012911D10F4F012503F0FE
:106A20001F0105FA01F1B960CAE70C4FF6E70B4BFD
:106A3000D7E76FF01500A1E76FF085009EE7002310
:106A40009B60FFDE0023803753F82730F9E700BF53
:106A5000F9E40101F0F0FCFF00088C4100058C41D5
:106A60002DE9F04104460D46476805F000FC4FF063
:106A7000200888B9264B1B7873B16426606804F03F
:106A8000C0FAF0B9012004F0FEFA013EF6D100216F
:106A9000212005F08BFCF0E7EFF31186314688F3F7
:106AA0001288BFF36F8F606804F0ABFAA8B986F361
:106AB0001188BFF36F8FEFE786F31188BFF36F8FF5
:106AC000E5E7EFF31186314688F31288BFF36F8F45
:106AD000606804F096FA0028EED0FB6900201D7073
:106AE0006368FA691B68C3F844250122C3F8482586
:106AF000C3F82001D3F82041C3F85801D3F8580156
:106B00009A6081F31188BFF36F8FBDE8F08100BFF9
:106B100089600021F7B50546002205211320EDF715
:106B200029FA1320EDF7F6F96B681A691868C0F8AE
:106B30002425997D5A7D0A43198B1B7D0B431343F2
:106B4000C0F86C356E68D6E9004313F0010348D0F5
:106B50002F6907F1080000F015FB304B98425AD11D
:106B6000387A04F10C0204F5907104F098FA387A3E
:106B7000012707FA00F000F0FFFA0823C4F80035F7
:106B8000F369C4F844350023C4F84835A760D4F845
:106B90005831002BFBD00021C4F800156B6801AA06
:106BA000DC68204604F000FA002805DB019B22681F
:106BB00019791868FFF7D2FE08216A681368C3F8CC
:106BC0000015117A51B9126AC3F834250122C3F8AD
:106BD0003825C3F81011D3F810111A60002003B043
:106BE000F0BD0822C4F80025F269C4F84425C4F8B1
:106BF00048350123A360D4F82031002BFBD00023BB
:106C0000C4F82031D4F820310123E3604FF48073BD
:106C1000C4F80433BBE76FF00400E0E70000AD0BFD
:106C20000123834070B5DC430B4AD2E8EF1F01EA31
:106C30000405C2E8E65F002EF7D14FF480328240AF
:106C40000648C0F80823BFF35F8FBFF36F8F0B4276
:106C500014BF0120002070BDF05F002100600141E1
:106C600070B40E4922F07F46D1E90034D01AC3181F
:106C700044F10004C1E90034A6F50013B3F5400F58
:106C800009D2074B1B681A0A1B069C19054B42F1D7
:106C90000005C3E9004570BC02F016BE3022002199
:106CA000F45F002138220021D9B101230D4A83402D
:106CB000D2E8EFCF4CEA030CC2E8E1CF0029F7D1CC
:106CC0004FF48033084A8340C2F80433074BD3E8BB
:106CD000AF3FC340DB0742BF4FF48002044BC3F811
:106CE00000217047F05F002100600141EC5F00214E
:106CF00000E100E00D4B1868010A0006BFF35F8F4A
:106D00000B4BD3F80435181841F10001B3F5801F7F
:106D10000AD2084BD3E90023904271EB030303D25C
:106D200010F1807041F10001704700BFF45F002155
:106D300000600141382200212DE9F04F85B0164650
:106D40001F4604469DF840A0FFF76AFF0190FFF739
:106D5000D1FFB04271EB070352D23B4B301A67EBC5
:106D60000101984271F100014DD2384B03EB04133D
:106D7000D3E902239F4208BF964258D04FF480388F
:106D8000334908FA04F8204626F07F4BC1F84883BF
:106D900004F068F94FF00309584604F15005AD00BE
:106DA000ADB205F1824504F5A87305F5B03502933F
:106DB000029A20F07F4341F82230C1F84483D1F891
:106DC0000435244AC01A033820F07F4090422ED95F
:106DD000286868B1D1F80435A3EB0B0020F07F40A0
:106DE000B0F5000F039322D9204604F03BF9039B32
:106DF000BAF1000F07D109EB030009F10109D7E748
:106E0000BAF1000F09D06FF0150520460199FFF780
:106E10004BFF284605B0BDE8F08F01230E4AA34082
:106E2000D2E8EF0F1843C2E8E10F0029F8D1074973
:106E30000E982301C8500F9B01EB04120025C2E9F4
:106E400002675360E1E700BF0100800020220021BB
:106E500000600141FDFF7F00EC5F00217FB5002550
:106E60004FF0FF304FF0FF31194C1A4B0226C4F897
:106E70000833C4F84833184BC4F80855C3E9020175
:106E80004FF480334FF48002C4F80433134B0521D0
:106E9000C4F804631620C3F880212A46EDF76AF887
:106EA0001620EDF737F801230D4AA3602360136025
:106EB0000C4B0D4A009328460023CDE90155FFF7FE
:106EC0003BFF3046FFF77EF9284604B070BD00BF97
:106ED0000060014103000F002022002100E100E0DA
:106EE000F05F0021616C0101FFFF7F002DE9F74396
:106EF00003F0ADFE2E4BD3F8042390070BD5D3F847
:106F0000042142B10022C3F804212A4AD3F80431F3
:106F1000136801331360264AD2F80433D90326D507
:106F2000254BD3E8EF1F21F00100C3E8E40F002C4C
:106F3000F7D1CB0702D4D2F84031C3B100251C4CA5
:106F4000C4F84051D4F84031FFF7D4FEEFF311827A
:106F5000202383F31288BFF36F8F184BD3E90267A6
:106F6000B042B94106D282F31188BFF36F8F03B0EC
:106F7000BDE8F0834FF0FF38D3E900104FF0FF3940
:106F80001D60C3E902894FF48033C4F84833C4F864
:106F90004051D4F8403182F31188BFF36F8F00293C
:106FA000E5D0009032463B4628468847DFE700BFE1
:106FB00000600141F45F0021EC5F002120220021EC
:106FC00030B5431C124C85B005D08442A8BF04469E
:106FD000012CB8BF0124FFF78DFE0E4B0C4DD3E9F9
:106FE0000013401AB0F5000F0FD22218AA4228BF92
:106FF0002A46002052180849CDE90100009143F1CA
:107000000003FFF799FE05B030BD2A46F1E700BF47
:10701000FFFF7F0030220021616C010108B5FFF7FE
:1070200069FE024B1B68C01A08BD00BF3022002158
:107030000022D30003F1FF7303F58033D3F800136C
:10704000013107D0D3F800130132D3F80433202ADA
:107050000B60EED1224BD3E94C32072B26D1023AFA
:10706000032A204B28D9D3F80024D10732D41C4B53
:10707000D3F83021072A19D1D3F83431023B032B3E
:1070800002D8194AD35C8BB17F23184A1849C2F839
:1070900018310023C1F8043EC1F8083EC2F824317B
:1070A000C2F82C3102F57F22C2F81031114B1A6858
:1070B000114BC3F84425704710498A5C002AD2D08E
:1070C000D3F80024D207CED50022C3F81421C3F888
:1070D0001821C8E76FF00102C3F80024C7E700BF1A
:1070E0000000FF010050004110E5010100200041B7
:1070F000000008410080FF010060004114E501012B
:1071000030B50468ACB1B4FA84F30122C3F11F03B3
:10711000DBB29A4024EA0202D0E8EF5FA54204D134
:10712000C0E8EC2FBCF1000FF6D1EAD102480B7099
:1071300030BD0248FCE700BF0000AD0B0200AD0B04
:1071400010B50368CB40DB0710D401238B400268E5
:1071500043EA0201D0E8EF4F944204D1C0E8EC1FAB
:10716000BCF1000FF6D1F2D1014810BD0148FCE797
:107170000000AD0B0400AD0B014BC3F804057047D4
:1071800000F000410146014800F01CB94C0200210A
:10719000F7B5064618B301281FD104224FF48073B7
:1071A000014629480025C0F80813012142F2107455
:1071B00002F1824203F1824303F5A04302F5A042AB
:1071C00011601D608E421B681F4F8DF8071008BFAD
:1071D0000DF1070546B1012E23D003B0F0BD0C22FE
:1071E0004FF482730221DCE7D7F8183403F48033BC
:1071F0003DB9002BF1D0012003F045FF013CF3D154
:10720000EBE7D7F8182402F003022A70002BE4D031
:107210009DF807000128E0D103F035FF013CD9D1EA
:10722000DBE7D7F80C3403F480333DB9002BD4D01E
:10723000012003F028FF013CF3D1CEE7D7F80C245E
:1072400002F00102E1E700BF00500041044B1A794F
:1072500022B9012218601A7102487047024870472B
:10726000F85F00210000AD0B0C00AD0B08B5084B1A
:107270001B6833B10520ECF76FFE10B90520ECF761
:1072800049FE0122034BC3F81825C3F8142508BD95
:10729000F85F00210050004110B510B1012848D01E
:1072A00010BD294BD3F81814D3F81824C90324D5DA
:1072B00002F00303022B05D0012B02D00020FFF7C0
:1072C00067FF0123204A0220C2F8183508224FF434
:1072D0008273002103F1824303F5A04319601C6807
:1072E000012402F1824202F5A0421460174A12689A
:1072F0001AB3154BC3F80403D2E7D3F81424D2070A
:10730000DFD5D3F81C2402F00302013A012AD5D8B4
:107310000E4A12681AB10222C3F80423C0E7D3F858
:107320000421002AFBD00022C3F80421D3F8043141
:10733000B6E700224FF48073CBE71A68002AFCD02E
:1073400019601B68ACE700BF00500041F85F0021E6
:10735000F8B50126194C1A4FD4F8045305B9F8BDF5
:10736000B5FA85F0C0F11F00830003F580739BB26E
:1073700003F1824303F5A04306FA00F21968D2B282
:1073800025EA02050029E9D00021022A19601B68BC
:10739000C4F808230DD1D4F81834D4F8183403F005
:1073A0000303012B05D1C4F81825C4F80423A360F6
:1073B000D4E73B68C0B29847D0E700BF0050004117
:1073C000F85F00210079024B03EB0010FFF798BE35
:1073D00054020021036803F01F025B09026004D01D
:1073E000012B034818BF002070470248704700BFB8
:1073F00000088C4100058C41034A4309D35C00F02E
:107400001F001844C0B2704718E5010170B5054669
:10741000FFF7F2FF0C4C083034F810300E46DA0556
:1074200008D5C3F3432304EBC302284654F8333092
:1074300052689847A3682BB131462846E268BDE8F8
:107440007040184770BD00BF6402002108B5FFF707
:10745000D3FF034B083033F81000400B08BD00BFCA
:107460006402002108B5FFF7C7FF034B083033F86B
:107470001000C0F3400008BD6402002108B5FFF70A
:10748000BBFF034B083033F81000C0F3401008BDB9
:1074900064020021034611F0010010B5CCB20BD1FB
:1074A000A207C4F340000DD5074A106A5860106265
:1074B000003818BF012005E004490A6A1A600A6210
:1074C000002AEDD010BD00BF00088C4100058C41A2
:1074D00010B5FFF791FF124A083032F81030D90585
:1074E0001CD5C3F3432123F4F85322F810300020B5
:1074F00002F10E0434F8023F13F4807F03D0C3F38B
:10750000432399420AD001303028F3D1002342F8B6
:1075100031300448BDE81040FFF712BE10BD00BF77
:1075200064020021DC020021F0B50546002001269E
:10753000044607468C420BD1114BD3F87C2132B163
:107540000022C3F87C21D3F87C3140F00040F0BD2C
:10755000E3B29B0003F580729B0806FA03F31D4219
:107560000BD002F1824202F52042D2F800C0BCF1F9
:10757000000F02D01760126818430134DAE700BF29
:1075800000A00041F7B506460846FFF735FF1A4F41
:1075900000F1080537F815300C46DB0729D53046D1
:1075A00003F0DEFD2046FFF769FF50B12046FFF7EC
:1075B0004DFF0023316801EB8000C0F81035C0F8A2
:1075C00010352046FFF784FF002301A827F8153067
:1075D0000194FFF7FFFE019B00EB8300D0F800222F
:1075E000064B134043F00203C0F80032044803B0D6
:1075F000F0BD0448FBE700BF64020021F0F0FCFF8F
:107600000000AD0B0400AD0B2DE9F043164680469B
:1076100085B00846FFF7F0FE0D463168044609B311
:107620002846FFF71FFF18B12846FFF727FF10BBBA
:1076300000230DF10F02CDE900338DF80E308DF8E7
:107640000F3028460B460DF10E0103F031FD484A7C
:1076500004F1080132F8113023F0020343F0010372
:1076600022F8113073687BB328461F785968FFF7FA
:10767000F9FE10B1E9B13F4829E03D4A04F10800A4
:1076800032F8103023F02003DB04DB0C22F810303A
:1076900079B1032FEFD87168496891F800C0D8F824
:1076A00000104FEA8C094944A7B9C1F81075C1F818
:1076B00010752F4A04F1080132F8113023F01C0331
:1076C00043EA870322F81130B3683BBB2A4805B070
:1076D000BDE8F083D1F810E543EA4C332EF0030EF9
:1076E000C1F810E5D8F8001043F0200301EB090EB3
:1076F000DEF8101522F8103021F44F3121F44071DA
:10770000CEF810152902DEF8108501F47C5141EA0B
:10771000074141EA0801CEF81015CAE72846D3E927
:107720000067FFF7D5FE002ED0D0114DD5E900231C
:10773000964203D19F4201D1002209E00F480DF18A
:107740000F01FFF7DDFC0C4B9842C0D19DF80F20D4
:1077500005EBC20308345F6035F8143045F8326039
:1077600043EA422343F4807325F81430AEE700BFA8
:10777000640200210400AD0B0000AD0BDC0200210F
:107780002DE9F0430C46804685B0204611461E4642
:10779000FFF732FE054629B32046FFF763FE18B90E
:1077A0002046FFF76BFE18BB334F05F1080937F889
:1077B000193013F01C0F02D04B78012B18D0012385
:1077C0008DF80F3000234A1CCDE9001320468B1C96
:1077D0000DF10F0103F06CFC37F8193043F003038F
:1077E00027F81930002E44D02046FFF73BFE18B989
:1077F000224805B0BDE8F083002296F800C0D8F812
:1078000000301D4F03EB8C03C3F81025C3F810257F
:1078100005F1080237F812104FEA8C0E21F0200112
:10782000C904C90C27F81210757815B3D8F80000F0
:10783000B6787044D0F810352D0423F4991323F44E
:10784000F853C0F81035230203F47C5305F4403597
:107850003605D0F810E52B4306F48016334341EA91
:107860004C3143EA0E0341F02001C0F8103527F8EF
:1078700012100348BDE700BF640200210400AD0BF5
:107880000000AD0B014BC3E90212704764020021F6
:1078900010B508461446FFF7F1FD50B10846FFF752
:1078A000ABFD054B083033F8103004485B0B2370F8
:1078B00010BD0348FCE700BF640200210000AD0BCF
:1078C0000400AD0B70B5154D064695F880401CBB05
:1078D0002146602205F1100004F096FF2146306831
:1078E0002E6F8E420ED10023C0F87C31D0F87C314F
:1078F00040F30730ECF70EFB0123094885F8803090
:10790000AB6770BDCBB29B0003F580727C2B04BFCC
:10791000845083580131E4E70248F2E76402002111
:107920000000AD0B0C00AD0B034B93F8800000384A
:1079300018BF0120704700BF640200210148FFF713
:10794000FFBB00BFD80200210148FFF7D9BB00BF31
:10795000D802002173B503681646D3F80423054600
:10796000002AA8BF4FF000420846A8BFC3F804236E
:107970000C46FFF783FDE8B10846FFF773FD0146AB
:10798000C0B92046FFF762FD2C68820002F58073C3
:10799000E150E3582B681344D3F8102542F001025C
:1079A000C3F8102526B101232A688340C2F80433A6
:1079B00002B070BD2046FFF71FFD0F4B083033F8B3
:1079C0001030C3F38203042B11D0052B11D001A872
:1079D0000194FFF7FFFC019A0369D34003F0010310
:1079E000991C204602B0BDE8704003F0AABB0321F9
:1079F000F7E70221F5E700BF640200212DE9F04F0F
:107A0000674BDFF8A091D3F80403D9F87010C0B227
:107A100089B040F00040FFF787FD051E2EDACA4608
:107A200000235AF87C1F06A8CDE90633FFF732FD84
:107A30004FF0000B5C4B0DF118080193019A12F8FE
:107A4000013B0192DA081AF8022003F0070322FA38
:107A500003F3DA071BD408F10408BBF1000F13D0BD
:107A600000214FF00040FFF75FFDD9F87C1006A819
:107A7000FFF710FD0028DBD125F000450124002D83
:107A800076D109B0BDE8F08F4FF0010BD6E7474B38
:107A90005B440293D8F800100029DCD091FAA1F1E0
:107AA000B1FA81F1029B1C7841EA44142046FFF7A9
:107AB000A3FC083039F81070C808BB0803930123F1
:107AC00018F8002001F0070103FA01F122EA01028F
:107AD00008F8002005A80594FFF77CFC059A039B95
:107AE000803250F82220C7F382065B073746C2F384
:107AF000014222D520463946D6B2FFF787FC05A8B9
:107B00000594FFF767FC059B803350F82330C3F3DF
:107B100001439E4207D10021204603F012FB31466B
:107B2000204603F00EFB05A80594FFF753FC012245
:107B3000059B02FA03F30362ACE7022A0CD103218E
:107B4000204603F0FEFA06F00503012BEBD139467F
:107B50002046FFF75BFCE6E702212046039203F094
:107B6000F0FA032EF3D0039A032ADCD1022EEDE7BC
:107B700095FAA5F3B3FA83F304FA03F29B0003F139
:107B8000824303F52043D3F81005D3F81015C0F352
:107B90000520C1F3014125EA0205FFF737FC6EE736
:107BA00000A000416402002128E5010128E501014F
:107BB00070B5084C0E462379154643B91220ECF7F0
:107BC000A9F90123044823712660A56070BD03480C
:107BD000FCE700BF006000210000AD0B0C00AD0B06
:107BE000002330B50D4A50F8234003F5A27101334C
:107BF000102B42F82140F6D10023084A00F13C0145
:107C000003F5B27451F8045F0133102B42F824508D
:107C1000F6D1D0F88030C2F8043330BD00200141E5
:107C20000123024A8340C2F8043370470020014117
:107C30000123024A8340C2F8083370470020014103
:107C4000F8B5012600270B4B0B4DD3F80C4304B9B4
:107C5000F8BD94FAA4F0B0FA80F006FA00F324EA32
:107C60000304064B82009F502B68002BEFD0A968BD
:107C70009847ECE70020014100600021002101410C
:107C80002DE9F0410E4617460C4D55F81C4FAC42FD
:107C900003D16FF01200BDE8F081314654F8440C76
:107CA000A4F14408E8F722FA30B9C7F8008040464A
:107CB000BDE8F04103F04BBB2468E8E70C6000210D
:107CC00010B5D0E909124A60416A00F1240311603D
:107CD000C0E909334368044603B19847054A9368ED
:107CE00033B11279062A03D907202268024998473E
:107CF000002010BD0C6000212AE501012DE9F041B2
:107D000007460D460B4E56F80C4FB44202D16FF0A9
:107D100001000AE0394654F8240CA4F12408E8F7DD
:107D2000E5F920B91DB1C5F80080BDE8F0812468EF
:107D3000EBE700BF0C60002138B5044600B30068D3
:107D4000F0B10378E3B10021FFF7D8FFD8B104F117
:107D50001C03C4E907330D4B04F12402196903F134
:107D60000C00A16260621A610A609D6835B11B79DE
:107D7000062B03D9072022680549A847002038BDF3
:107D80006FF01500FBE76FF01000F8E70C600021C2
:107D90002CE5010138B5114C0546216819B10020C8
:107DA0000131216038BD2422204604F02DFD2B68CE
:107DB0002846A3602B79237104F10C03C4E9033333
:107DC00004F11403C4E9053304F11C03C4E90733C7
:107DD00000F018F80028E5D12168E0E70C600021E8
:107DE00038B5074D2C68013C2C6044B900F012F8FE
:107DF00021462846BDE83840242204F005BD38BDA0
:107E00000C60002108B50248FFF796FF002008BD6E
:107E1000E80200210148FFF753BF00BFE80200213C
:107E20000EB4431E062B33B588BF0020094B05ACAA
:107E300054F8045B53F82010074802F082FA2146F8
:107E400028460194EBF772FA02B0BDE8304003B067
:107E5000704700BFC4E3010147E501012DE9F04F80
:107E600087B017469B460446DDF840A000284BD05B
:107E7000056A35B12D6825B1AC4607B0BDE8F04FB5
:107E80006047E36A9F4242D80026BE4203D10020E9
:107E900007B0BDE8F08F182303FB06F8D4F8309044
:107EA000A26909EB08052B1D0593CAB968696968C1
:107EB0000368B5F80CC0C91AAB680CF1030E5D1E5F
:107EC00005EB0C155B4205EB4E051D4005EBCC03A5
:107ED00085680633A94228BF4FF0FF3103F004FA4A
:107EE00059F8083020460293236AB1B29B6A019385
:107EF0005AF8263000935BF82620059B03F045FADC
:107F00000028C5D10136C0E76FF01500C0E7014871
:107F1000BEE700BF40F4FFFF10B5044690B1028DEC
:107F200043899A4209D0084A936833B11279032AE7
:107F300003D942680549042098472046BDE810400F
:107F400004F034BC10BD00BF0C600021E2E501016B
:107F500030B544898C4212D9436A013C5D882C407B
:107F600003EBC40359609A60BFF35B8F426A538886
:107F700001335380438D01334385002030BD0148D8
:107F8000FCE700BF41F4FFFF70B4039E144660B1EC
:107F9000006A50B14BB1013407D0002E05DBD0F898
:107FA000844014B1A44670BC6047014870BC70475F
:107FB0002DF8FFFF70B4039E144660B1006A50B103
:107FC0004BB1013407D0002E05DBD0F8944014B13A
:107FD000A44670BC6047014870BC70472DF8FFFF95
:107FE0002DE9FF47DDF834800E4691469A46054656
:107FF000002876D0002974D0B8F1000F71D001F1BB
:108000006407384603F051FBBAF1FF3F49D1346EA3
:1080100006F1500204F18000844204F01F0C07D2E4
:10802000C4F3411152F8211021FA0CF1C90736D4DA
:10803000012104F07F04600952F8203004F5806AC1
:1080400001FA0CF104F201440B4304F07F0442F8FE
:10805000203034666B6C4A4603930E9B2946CDE96B
:1080600001830C9B30460093534603F0CDFB38460A
:1080700000F08AFC2C7874B196F8A4405CB1AB6A2D
:10808000013330D10021284603F04EFB044610B1E5
:10809000284603F01FFB204604B0BDE8F0870134FA
:1080A000BAE7BAF5806FD5D3AAF580637F2B06F1C6
:1080B00050010FD8580951F8204003F01F0324FA4B
:1080C00003F2D2070BD4012202FA03F3234341F84F
:1080D0002030BFE7054C384600F056FCDBE7044C87
:1080E000F9E7024CD7E70024D5E700BF2DF8FFFFE2
:1080F00029F8FFFF08B583681A0C0AD1094A93686A
:108100002BB11279022A02D903200749984700208F
:1081100008BDA3F5803383601B0C0CBF0120002039
:10812000F6E700BF0C60002104E6010138B5044603
:10813000E0B100F16405284603F0B7FBD4F8B43091
:108140009B6953B9D4F8A840103C002C00DC084CC3
:10815000284603F0A8FB204638BD012BF7D1D4F800
:10816000BC0003F08AFAA0F11004EEE7014CF2E73C
:108170002EF8FFFF2DF8FFFF38B50446E0B100F1FF
:108180006405284603F091FBD4F8B4309B6953B9D9
:10819000D4F8AC40103C002C00DC084C284603F01E
:1081A00082FB204638BD012BF7D1D4F8B80003F08C
:1081B00064FAA0F11004EEE7014CF2E72EF8FFFF9D
:1081C0002DF8FFFF2DE9F04385B00F46904603A937
:1081D0000D9A0546994603F029FD0446E0B10C9E30
:1081E000039BD5F8C0009E42A8BF1E460168D0F888
:1081F00008C0611A33464A46614528BF4FF0FF3137
:1082000003F038F82346424639462846009603F0E4
:10821000ADFC05B0BDE8F0830048FAE72EF8FFFF9B
:108220002DE9F0478AB00D46DDE9129716469846CB
:10823000044620B9954E30460AB0BDE8F0870029C3
:10824000F8D0002BF6D00021A822C0F8D01004F0FE
:10825000DBFA012204F16400114603F019FF8C4B94
:10826000C4F8B450E667AC62C4F88430894BC4F8F3
:108270008830894BC4F88C30884BC4F89030884BD8
:10828000C4F89430874BC4F89830874BC4F89C30BE
:10829000864BC4F8A030AB693BB9002FCAD097E831
:1082A000070004F1A80383E80700AB69012B04D0A1
:1082B0002B6A03BB6FF00506BDE7D4F8B4000028B5
:1082C00000F0E080036A002BF4D09B68002BF1D013
:1082D000984742060CD50021D4F8B40003F0D3FA35
:1082E00006460028A7D10021212004F05FF8E4E72A
:1082F0004307F8D5DCE71B69002BDBD028469847FD
:10830000AB69012B04BF0023286100F0010008BF06
:108310006B6184F8A400AB69DBB93B7A002B00F0F9
:10832000838009F10C03C4F8C430B9F1000F81D087
:10833000D9F80820002A00F0A3809B68002B00F0E9
:108340009F805B4B04935B4B05935B4B06935B4BAE
:108350000793AB69012B07D1564B0493544B0593FC
:10836000564B0693544B0793002104F1C803C4E90C
:10837000323306ABC4F8C080022200932846019134
:1083800004ABFFF76BFD064600287FF454AFAB69E2
:108390003BB92B6B1B68C4F8B8302B6B9B69C4F8D6
:1083A000BC30AB69012B07D12B6B9B69C4F8B8308B
:1083B0002B6B1B68C4F8BC30D4F8BC0003F0F8F891
:1083C0002B6B1B68C3F82C802B6B9B69C3F82C802C
:1083D000D5F818A0BAF1000F07D1D4F8AC30099342
:1083E000D4F8B8305B89534520D894F8A430C4E958
:1083F000004463B100230293314B2046019335239F
:10840000304A0394009304F1080103F0FDF9AB69CD
:10841000002B7FF410AF0421284603F034FA0746FE
:1084200000283FF408AF26E04B467CE74846D4F8E6
:10843000AC1003F0ECFB0746E0B1D8F80010089050
:10844000411AD8F808000022814228BF4FF0FF31BE
:10845000D4F8AC30404602F047FF009701230022D9
:10846000D4F8B80008A902F0BDFF074618B90AF110
:10847000010AB5E7144F284603F0FEF93E46DAE656
:10848000114ED8E66FF01506D5E600BF2DF8FFFFB8
:10849000C5810101FFB801016DBA01012DBC0101C7
:1084A0006DBB0101B7B80101798101012D81010185
:1084B00025E601012BE60101A1BA0101A5B80101E0
:1084C00023B9010131E601012EF8FFFFF0B50546A1
:1084D0000E46174687B0074A03AC07CA84E8070070
:1084E0000C9A3146009228463A460194FFF798FECE
:1084F00007B0F0BD40CC010138B5EFF31185202362
:1085000083F31288BFF36F8F064B9C6803F087FCE0
:1085100085F31188BFF36F8F2046BDE83840EBF735
:10852000A1BC00BF3060002138B50A4B53F8204091
:10853000013053F82050A54200D838BD606830B1F2
:10854000037FDB0701D403F06DFC0834F3E72368F5
:108550009847FAE7E4E30101012270B52A4B0320B2
:1085600086B01A70FFF7E0FFECF76AF901F006FB3E
:108570000420FFF7D9FF254C254D2646AE4204F1D5
:10858000300410D300F098FE204C224EAC4226D38B
:1085900000F0A6FEEAF768FE1F4A137B23F00103F2
:1085A000137306B070BD54F80C3C059354F8103C9E
:1085B000049354F8143C039354F8183C029354F871
:1085C0001C3C019354F8203C009354E90A2354E9DD
:1085D0000C0100F063FC54F8303C5E65CDE7D4E953
:1085E0000A23B3F1FF3F08BFB2F1FF3F05D052EAC3
:1085F0000301206803D100F02FFF3034C6E7314675
:10860000183001F0D1F8F8E789600021ACCB010106
:10861000ACCB01016FC30101C022002108B50348A2
:10862000034A0021121A03F014FC08BD18040021AB
:108630008C6000210023012270B586B0CDE90423AF
:108640000F220193CDE9023214230F4D0F4E03FB8D
:1086500000550F4906EBC016044601EB00214FF40C
:10866000807230460B4B009500F018FC737B2C7425
:1086700023F004037373084B013403EBC423EE604F
:108680006B6006B070BD00BF306000214022002149
:1086900010740021A3BE0101106C0021BFB50020A1
:1086A000FFF742FF2A4B03F5006282F3088883F349
:1086B0000A880024E023274D274F85F82230EC77E5
:1086C0002C766C76AC7685F820406B6A43F4E02318
:1086D0006B6285F82340EBF78FFBEBF7ABFC4FF0B9
:1086E000FF33AB62EB62EBF731FEEBF7C7FC1B48E5
:1086F00000F03EFC03F07FFBECF79AF80120FFF757
:1087000013FF0220164DFFF70FFF00F01DFE154B63
:1087100015495D61154B4FF40072059301232846FE
:10872000CDE90343CDE901443B46009400F0B6FB9C
:1087300006466A7B284622F004026A7303F0DAFDDB
:108740002046FFF777FF3A4631462846EBF752FCC2
:10875000106C002100ED00E059850101402300214B
:10876000C0220021306000211075002134E6010193
:1087700038B5064C064DAC4201D3002038BD20462A
:10878000D4E9011203F069FB1434F4E73803002143
:108790004C0300212DE9F341044617461E46EFF332
:1087A0001188202383F31288BFF36F8FC368334A85
:1087B0007BB180689168884219D057EA060318D1C6
:1087C00088F31188BFF36F8F6FF00F0002B0BDE820
:1087D000F081916891F90E100133E3609368216193
:1087E000A36088F31188BFF36F8F0020EEE7216943
:1087F000F2E791F90E1090F90E306FF07E02994277
:10880000A8BF19469142B8BF11468B422DDD03F037
:1088100053FB054622464146CDE90076184800F054
:1088200091FC0028E1D0EFF31186202383F3128816
:10883000BFF36F8FA068D0B1236821699C420AD032
:108840004BB193F90E309942A8BF19466FF07E03E1
:108850009942B8BF194603F02FFB40B13146084892
:1088600000F004FD6FF00A00B0E70025D2E7002D0C
:10887000F4D186F31188BFF36F8FF3E730600021E6
:108880008A600021F8B583680546002B3FD0234A53
:10889000926893423ED1C368012B03D9013BC36068
:1088A0000020F8BDEFF31187202383F31288BFF374
:1088B0006F8F0169806803F0FFFA2C68A54207D129
:1088C0000023C5E9023387F31188BFF36F8FE7E711
:1088D000002CF5D0D4E90032002613605A60637B87
:1088E000C4E9006623F002036373A66004F1180074
:1088F00003F0BCFDAC6094F90E3020462B61E667B6
:1089000003F0F8FC3946064800F0B0FCC8E76FF009
:108910001500C6E74FF0FF30C3E700BF306000210D
:108920008A60002137B51146EFF31185202282F3CA
:108930001288BFF36F8F04689CB12368426823F0EC
:1089400003039442036008BF43600121204603F003
:1089500040FB044685F31188BFF36F8F204603B0B8
:1089600030BD51EA0302F5D000F10802CDE9001351
:108970001046294600F0E6FB0028EFD1014B9B682A
:108980001C69EBE73060002170B5EFF311862023FE
:1089900083F31288BFF36F8F0468A0421AD0CCB162
:1089A000D4E90032002513605A60637BC4E90055A6
:1089B00023F002036373A56004F1180003F056FD71
:1089C0002046E56703F096FC3146BDE870400A4852
:1089D00000F04CBCD0E902329A4218BF01330221A8
:1089E0008360103003F0A6FE0028EDD186F31188D5
:1089F000BFF36F8F70BD00BF8A60002113B5EFF326
:108A00001181202484F31288BFF36F8F846844B1EE
:108A1000013C846081F31188BFF36F8F002002B0A6
:108A200010BD52EA030406D181F31188BFF36F8FA2
:108A30006FF00F00F3E7CDE900230246014800F094
:108A400081FBECE78A6000212DE9F8430546EFF34E
:108A50001188202383F31288BFF36F8F00266FF0F5
:108A60000A0937462C68A54216D0ACB1D4E90032C9
:108A700013605A60637BC4E9007723F002036373D9
:108A8000A76004F1180003F0F1FC2046C4F87C90C4
:108A900003F030FC0126E5E700230221AB6005F17D
:108AA000100003F047FE30B92EB988F31188BFF3E8
:108AB0006F8FBDE8F8834146BDE8F843014800F0F8
:108AC000D5BB00BF8A6000212DE9FF410446202765
:108AD0004E4EEFF3118887F31288BFF36F8FD4F8EF
:108AE0008450F5B9022104F19C0003F0E1FA00285A
:108AF00068D004F1940500220121284603F07DFC92
:108B00000028F8D100234FF0FF3202934FF0FF33DB
:108B10004146CDE900233E4804F18C0200F062FD9D
:108B2000D7E7D4F888202B689542C4F8843008BF72
:108B3000C4F88830D4F89C3043F00203C4F89C3069
:108B4000EB6823F0040343F00103EB606B6888F3E8
:108B50001188BFF36F8F28469847EFF3118887F38A
:108B60001288BFF36F8FEB68D80623F0010236D46A
:108B7000EA60EB689A0716D5306823F00203EB60D1
:108B800088B10021036870B14268954235D103680D
:108B900069BB72683360824200D17360002340F881
:108BA000083BFFF7F1FED4F89C3023F00203C4F831
:108BB0009C3088F31188BFF36F8FDB0589D400F0F8
:108BC000CBFB86E7D4F89C30D9069BD5C4F89C0033
:108BD00088F31188BFF36F8F04B0BDE8F08123F0F4
:108BE0001103EB6005F11000FFF7CEFEC1E70B604B
:108BF0007368834208BF7160D0E723B11A680146E9
:108C000018461346BFE71A46F9E700BF5060002137
:108C10008A600021F8B5C36804469A070F46C3F37B
:108C200040062ED45B071CD40B680BB983680B601D
:108C3000E368DD0742BFA36802263B603D6858BF7A
:108C40000126002D3CD0204B9A68D5F880309A42FE
:108C50000AD0D5F89C30D807C3F3800214D46FF043
:108C6000120600233B6025E003F001FBD5F89C30A1
:108C70000028F0D1D907C3F3C002F0D552B15B0789
:108C800008D46FF00F06ECE7002AFAD1C3F3C00353
:108C9000002BF6D100232360D5F8883063B9C5E9ED
:108CA0002144284603F01FFAE36843F00403E3601D
:108CB0003B68A3603046F8BD1C60C5F88840F0E70B
:108CC0006FF01506CDE700BF30600021F8B5C3682E
:108CD000064603F00503002B0C4614BF01270027AE
:108CE0001CD085680122002104F1100003F0D0F9A6
:108CF0002046134903F04FFAE36843F01003E360A2
:108D0000F3685B0712D5336823606BB9D5F88830F8
:108D100033B9C5E92144284603F0E5F93846F8BDE2
:108D20001C60C5F88840F6E73460F4E7D5F8843075
:108D30002360D5F88830C5F88440002BEBD1F0E7EC
:108D4000C7C00101F0B50446002089B0C4E9210084
:108D50000E9D04F18C00C4E9230004F19400C4E9E1
:108D6000250055B32879002840F2011008BF0120E2
:108D7000C4F89C0000204FF0FF364FF0FF37CDE9DC
:108D80000330CDE90100CDE9066720460C4B009485
:108D900000F0C2F855B1296811B1204603F06DFA10
:108DA0006B791BB1237B43F001032373204600F052
:108DB00053FBC4F8804009B0F0BD0120D8E700BFE4
:108DC000C98A010130B50A46044685B0EFF3118522
:108DD000202383F31288BFF36F8FD0F89C3013F0F9
:108DE000060F1DD1B1B143F00C03C4F89C302046EE
:108DF00003F079F900234FF0FF3202934FF0FF3375
:108E00002946CDE900230C4804F1940200F0EAFB66
:108E100005B030BDD0F8840048B143F00403E4E766
:108E200043F00401C0F89C10002AE0D0DBE785F392
:108E30001188BFF36F8FEBE78A60002137B501908F
:108E40000846EFF31184202181F31288BFF36F8F5E
:108E5000C16811F01E0F16D153EA020508D101A90D
:108E6000FFF7D8FE84F31188BFF36F8F03B030BDD6
:108E700041F00801C160019910308161034900F09F
:108E800093FC0120EEE70020ECE700BF5BC101018D
:108E900001460148FFF7D2BFE02300212DE9F0434E
:108EA000984685B000F15803C0E91633109B0026A0
:108EB00003730423073222F0070543730F9B01EB72
:108EC00005090F4683734946C0E906668660C67386
:108ED0000446EAF743FE0E9B073020F00700E066E9
:108EE000C4E9197502930D9BA9EB000901930C9B32
:108EF0004A460093394643462046EBF75FF8054B58
:108F000066659B6803B11B6F4846236705B0BDE8E3
:108F1000F08300BF30600021F0B5002587B00595D3
:108F2000109DDDE9127604950F9D044603950E9D74
:108F300002950D9D01950C9D0095FFF7AFFFB6F1D1
:108F4000FF3F08BFB7F1FF3F05D056EA070305D141
:108F5000204600F081FA204607B0F0BD3A4633467D
:108F600004F11800014900F01FFCF4E76FC3010190
:108F700040F201138381002310B50446C0E9193380
:108F800000F0EEFD014B9C6010BD00BF3060002181
:108F90006FF00A01084A9368D967084998674B68D7
:108FA00043F080534B60002383F31188BFF36F8F2E
:108FB0009368D86F704700BF3060002100ED00E07B
:108FC00070B590F90D20437B002A36DBD90634D1E9
:108FD0001B4C63F07F032246437352F8183FE1694C
:108FE000934207D1C0E900210860E06111E0994295
:108FF000F8D01B68002BF5D090F90E5093F90E6055
:10900000B542F4D0AE42F2DD5968C0E900310860E3
:109010005860A569954200D005B9E568A3685A7BF8
:10902000D20604D1DA897F2A01D9AA6932B1AB42CA
:1090300002D0284600F016FB656170BD6361FCE755
:109040003060002138B590F90D200146002A437B9D
:1090500004DA03F07F03437303F012F90D4D2A463F
:1090600052F8184FAB68944200D004B9EC688B42B8
:1090700007D05A7BD20604D1DA897F2A01D9A269A6
:109080002AB1A34202D0204600F0ECFA23466B61DD
:1090900038BD00BF30600021B3F1FF3F08BFB2F11F
:1090A000FF3F03D00249183000F07EBB704700BF7D
:1090B0006FC3010170B590F90D200146002A437B72
:1090C00004DA03F07F03437303F0DAF81C4C4B7BA4
:1090D000224663F07F034B7352F8183FE0699342D6
:1090E00007D1C1E900200160E16111E09842F8D0A8
:1090F0001B68002BF5D091F90E5093F90E60B54224
:10910000F4D0AE42F2DD5868C1E900300160596028
:10911000A569A368954200D005B9E5688B4207D0E0
:109120005A7BD20604D1DA897F2A01D9AA692AB1E9
:10913000AB4202D0284600F095FA2B46636170BD21
:1091400030600021F8B5DDE906670D4B0C469868E4
:1091500011460C4A1060EFF31182202282F312882C
:10916000BFF36F8F9D68284603F09CF8284632466F
:109170003B46FFF791FF2046BDE8F840FFF708BFE8
:109180003060002158600021F8B50446EFF31187E4
:10919000202383F31288BFF36F8F437B49B203F020
:1091A0001F02002A0CBF0126002639D103F07F03DD
:1091B0002D4D437303F064F82A46437B817363F0BB
:1091C0007F03437352F8183F934227D1E869C4E9FB
:1091D00000200460EC610FE09842F8D01B68002B7F
:1091E000F5D093F90EC06145F6D08C45F4DD596891
:1091F000C4E900310C605C60AC69944200D004B9F1
:10920000EC68AB689C4202D0204600F02BFA6C61FF
:1092100087F31188BFF36F8F3046F8BDE869DEE74A
:109220009B071ED5856803F02BF881732B689D4240
:1092300009D16B68C4E900531C606C60E8E76A6898
:109240009342F6D01B68002BF3D093F90E20914285
:10925000F5D08A42F3DD5A68C4E9003214605C60DC
:10926000D6E78173D4E700BF3060002149B9EFF33E
:10927000058030B9054B5A699B689A4201D0FFF7C7
:1092800087BE81F31188BFF36F8F70473060002174
:10929000034648B9EFF3058232B9064A516992682C
:1092A000914201D0FFF774BE83F31188BFF36F8F33
:1092B000704700BF30600021EFF31181202383F35A
:1092C0001288BFF36F8F054B9A68D37B013BD37332
:1092D00081F31188BFF36F8F704700BF30600021AA
:1092E00070B5EFF31186202383F31288BFF36F8FDD
:1092F000144DAB68DA7B0132DA732A4652F8184F04
:10930000944200D004B9EC685A7BD20604D1DA89C1
:109310007F2A01D9A2692AB1A34202D0204600F0D7
:10932000A1F923466B6186F31188BFF36F8FEFF3CA
:109330001180202383F31288BFF36F8FBDE8704044
:10934000FFF7A6BF30600021024B03F11802C3E90A
:10935000062270473060002170B5EFF3118620239C
:1093600083F31288BFF36F8F1B4CA168E0690B6811
:10937000814214BF1A46002249680B605960A368F5
:10938000E1692AB9154AC3E900210B60E3610CE0E9
:1093900093F90E0092F90E50A84218D0854216DDBE
:1093A0005168C3E900210B605360A5690B4B9D42D6
:1093B00000D005B9E568A3689D4202D0284600F0B8
:1093C00051F965613046BDE87040FFF7E1BD8A4262
:1093D000D8D01268D5E700BF306000214860002176
:1093E000F8B550EA010306460C4603D1FFF7B4FF77
:1093F0000020F8BDEFF31187202383F31288BFF319
:109400006F8F124D124BA8681860FFF71BFEA868FB
:10941000234632460F49183000F0C6F9AA680446C0
:10942000537B384643F004035373FFF7B1FDAB6839
:10943000D3E90A23B3F1004F08BF002AD8D103F0C3
:109440003DF8201A20EAE070D3E700BF3060002129
:10945000586000216FC3010138B50446EFF3118550
:10946000202383F31288BFF36F8F437B5B070FD5F5
:10947000183002F0FBFF637B204623F00403637384
:10948000FFF79EFD2946BDE838400448FFF7EEBED1
:1094900085F31188BFF36F8F38BD00BF8A6000214C
:1094A000014B9868704700BF306000212DE9F843F8
:1094B0000446077BEFF31185202383F31288BFF363
:1094C0006F8F437B190705D585F31188BFF36F8F25
:1094D000BDE8F883D90943F008025AD14273A36862
:1094E00013B1204602F0D4FE04F1180002F0BEFFD2
:1094F000A66D04F15808B04511D04FF0000976B1BF
:10950000304602F0C5FE06F1180002F0AFFF30460B
:10951000C6F87C90FFF754FDA66DB045EFD1DFF89B
:10952000B880D8F808309C423BD1EFF30589B9F1F7
:10953000000918BF4FF00109D8F81860274A964271
:1095400000D00EB9D8F80C60B34202D0304600F01B
:1095500089F8C8F81460B9F1000F02D02048FFF76D
:1095600007FDD8F808309C4231D1EFF3058373BB77
:10957000227BD20718D42846FFF70AFDFB07A7D5A0
:10958000002383F31188BFF36F8F0423184602DF93
:109590009EE703F07F0343F00803437302F070FE7D
:1095A0009DE74FF00009C7E785F31188BFF36F8F80
:1095B00083F31188BFF36F8F0423184602DFEFF3A4
:1095C0001180202383F31288BFF36F8FD4E785F3D4
:1095D0001188BFF36F8FD1E7306000214860002110
:1095E00040230021D3B5DDE90667089CCDE900677B
:1095F000FFF7A8FD1CB1034B9B681B69236002B0F9
:10960000D0BD00BF306000210122044BC01A044BC2
:10961000C0105843034B1A54704700BFC0230021A9
:10962000ABAAAAAA8A600021C3897F2B12D80A4B51
:109630001B6863B1094B90F90E201B689A4209DB45
:10964000437BDB0606D1064BC31A18BF012303F088
:10965000010070470023FAE7140300215C60002139
:109660004022002170B50E4B0E4C1E7C182303FBCC
:1096700006440546204602F0F9FE00220A4B284621
:109680009A55FFF7D1FF48B1084B2046BDE870401E
:109690001A680749013AD31700F086B870BD00BFB9
:1096A00030600021C02300218A60002114030021C2
:1096B0000996010138B5EFF31185202383F3128851
:1096C000BFF36F8F104B114A9C681068A04206D1FF
:1096D000FFF7C8FF85F31188BFF36F8F38BD0021F6
:1096E0001B7C11600A4AD35C002BF3D02046FFF7A5
:1096F0009BFF0028EED0637BDB0602D12046FFF7FC
:10970000D9FC2046E4E700BF30600021586000210A
:109710008A600021074808B5074A0849121A02F072
:109720009AFBBDE808400648064A0749121A02F0AB
:1097300092BB00BF00000021180400217CE601015B
:1097400000000021000000217CE60101024B1868A6
:10975000984208BF0020704718030021034B1B6884
:109760000BB9FDF75BBC0020704700BF60600021B3
:1097700030B570B10B4B5B6898420AD0036843B1B7
:10978000D3E90421D0E90445121941EB0501C3E9ED
:109790000421D0E9003213605A600023C0E900338D
:1097A00030BD00BF18030021B3F1FF3F08BFB2F185
:1097B000FF3F2DE9F84F0446994615461F467AD0DB
:1097C0008160EFF31188202383F31288BFF36F8F3A
:1097D000B9F1000FDFF8E4A020DBFFF7BFFFDAE903
:1097E0000027013549F100092D1849EBE0730646C1
:1097F0004FF00109C4E90453AD1843EB0707FFF725
:10980000A5FF0346DFF8B8E0DEF804A0EBB9C4E931
:1098100000EACAF80040CEF8044028E06FF00103E7
:10982000DAE900125B1A4FF0FF3161EB02025B1BB9
:1098300062EB0902012B72F10001BCBF012300227F
:109840004FF00009C0E90432D9E7D3E9041CD4E998
:1098500004208A4270EB0C0B24DA891A5A686CEBEC
:109860000000C3E90410C4E9003214605C60FFF733
:109870006DFF84420ED1134B1B685BB9B9F1000F29
:1098800002D1FFF76BFF0646304602F0D8FD0021FB
:10989000FDF796FB88F31188BFF36F8F2846394692
:1098A000BDE8F88F521A60EB0C009A45C4E9042019
:1098B000ADD01B68AAE700252F46EFE7D82300218B
:1098C00018030021606000212DE9F047EFF31185B6
:1098D000202383F31288BFF36F8FDFF8A090002658
:1098E000C9F800000027FFF731FFDFF89480D9F8AE
:1098F0000030D8E900ECD91750B1D0E90442A342B6
:1099000071EB020A1BDAE41A62EB0102C0E90442BD
:10991000002413EB0E034CEB01012046C8E9003193
:10992000C9F8004002F08BFD2146FDF749FB85F3A5
:109930001188BFF36F8FBDE8F047FFF7BBBE14EB94
:109940000E024CEBE473C0E90467C8E90023FFF79B
:109950000FFF85F31188BFF36F8F83689847EFF38C
:109960001185202383F31288BFF36F8FD9F800305D
:109970001B1BC9F80030FFF7E9FEB8E76060002163
:10998000D823002110B5EFF31184202383F312882C
:10999000BFF36F8FFFF7E2FE0346054AD2E90001ED
:1099A000181841EBE37184F31188BFF36F8F10BD7A
:1099B000D82300211423F0B50024202703FB010045
:1099C000134E01B9F0BD10F8073CA0F1140C03F0E0
:1099D0003F03102B40F80C4C0CD826FA03F3DB079E
:1099E00008D550F8143C2BB150F8105C2B605D602A
:1099F00040E9054482F31188BFF36F8FEFF31182C2
:109A000087F31288BFF36F8F60460139D9E700BF33
:109A1000160101002DE9F74F1D46274B16469F689A
:109A2000012387F8603087F8613052EA05030CBFE4
:109A30000123002307F16002804602F0B5FD814654
:109A4000EFF3118B4FF0200A8AF31288BFF36F8F68
:109A500097F860404CB901465A464046FFF7AAFFC6
:109A60008BF31188BFF36F8F0BE0002387F8603012
:109A700056EA050309D18BF31188BFF36F8F6FF09E
:109A80000A04204603B0BDE8F08F5946CDE90065D1
:109A90000A4A0B48FFF756FB0446EFF311858AF399
:109AA0001288BFF36F8F2A4649464046FFF782FF70
:109AB00085F31188D6E700BF306000212003002124
:109AC0008B60002138B50346EFF31185202282F325
:109AD0001288BFF36F8FC1600121816000688342EB
:109AE00006D185F31188BFF36F8F0024204638BD5F
:109AF000D0E9003213605A600023C0E9003302F05D
:109B0000D6FD294604460248FFF7B0FBEEE700BF4A
:109B10008B6000212DE9F04105460E46174602F004
:109B2000A6FB28B9074B9B681C6F14B9BDE8F081F0
:109B3000054C3B46324629462046BDE8F04102F03E
:109B40001DBE00BF30600021380300210246002105
:109B5000014B024802F012BEBFA2010138030021EE
:109B6000014B0367704700BF380300210146024ADA
:109B70000020FFF7CFBF00BFBFA20101014800F0E6
:109B8000E0BB00BF39E6010107B5074B4FF4007297
:109B9000009306494FF0FF330548FFF7D3F8002044
:109BA00003B05DF804FB00BFFCE301011087002156
:109BB000E02300212DE9F04F43688DB01546804623
:109BC000029383789A0740F10D8100240E78002ECD
:109BD00000F00A81252E0BD04B1C03930134414623
:109BE0003046029B98470028C0F2F6800399EDE7C3
:109BF0004E788B1C252E0393F0D00027B946BB4628
:109C0000BBF11F0F38D8A6F12003102B0AD8DFE8CC
:109C100003F02A0909300909092109090928092D30
:109C200009091F00A6F13003092B33D92A2E37D199
:109C30001BF0400F55F8043B40F08280002BA7BF7B
:109C40004BF0200B9946C3F100094BF0280B01E0C3
:109C50004BF0010B039B13F8016B0393002ECFD144
:109C600030E04BF0020B4BF0040BF3E74BF0080B2A
:109C7000F0E74BF0100BEDE7BBF17F0F19D8A6F121
:109C80003003092BD2D81BF0400F03D00A2101FB6F
:109C90000737DFE70A214BF0200B01FB0939D9E731
:109CA0002E2E06D11BF0400F40F09E804BF0400B53
:109CB000D0E76C2E31D02BD8682E36D06A2E3CD00F
:109CC0004C2E3AD0002F46F02003B8BF2BF04002B4
:109CD000A3F16501BCBF00271FFA82FB022901D94D
:109CE000612B2FD107350727DFF8ACA225F0070538
:109CF00008351BF0080F66D00AEB070B56465E4589
:109D000063D1A4EB0A0AA9EB070906EB0A026FE18B
:109D1000742E9FD07A2E9DD0D4E71BF0800F18BFF1
:109D20004BF4007B4BF0800B94E71BF4807F18BF53
:109D30004BF4007B4BF4807B8CE74BF4207B89E772
:109D40001F4687E7A6F16301122900F2F080DFE8E1
:109D500011F013004F00EE00EE00EE00EE004F0099
:109D6000EE00EE00EE00EE00EE00FE00E900EE0078
:109D7000EE001B00EE00AF0055F8043B01270DF18B
:109D8000180A8DF81830B4E755F804AB834BBAF1D4
:109D9000000F08BF9A461BF0400F504614BF3946CB
:109DA0004FF0FF3102F06AFD0746A2E7414620204E
:109DB000029B984700280FDB013EB742F6D34C4484
:109DC000B146A41B98E74E46F7E7414616F8010B4B
:109DD000029B9847002892DA98F8023043F0040377
:109DE00088F802304FF0FF3420460DB0BDE8F08F08
:109DF0001BF0800F34D01BF4007F2CD0073525F0EA
:109E00000705AA4669685AF8080B2BF010050029C7
:109E1000ADB237DA404245F4806561EB41010DF1A6
:109E2000180B0A235A4602F035FDA0EB0B030193F1
:109E30006B0662D5019B25F001019F4289B240F378
:109E4000A180002E00F0998015F0100240F09C8057
:109E5000BB460D4623E0AA465AF8040BC117D4E7C7
:109E6000AA461BF4807F5AF8041B01D10846F5E787
:109E70001BF4007F19BF48B241F3C01108B241F38F
:109E8000C031C2E750EA0103C9D11BF0400FC6D070
:109E9000002FC4D12BF01102BB46019795B240F2BE
:109EA000064115EA01021CBF0BF1010B00222CE058
:109EB0002BF010020A231FFA82FB1BF0800C49D002
:109EC0001BF4007115BF0735AA4625F007055AF89F
:109ED000040B1EBFAA4669685AF8080B50EA010530
:109EE00045D12BF016051BF0400FADB242D0002F2C
:109EF00040D12BF01702019795B215F0100248D00F
:109F0000019B002E42D103F1010B29075AD4EB0724
:109F100006D5D9456FDDA9EB0B030199CB465F1838
:109F20005B4649E04BF0100B10237826C5E7782BF1
:109F300004D1C6F1780343F01003BEE74146252063
:109F4000029B98470028FFF647AF023447E60823F4
:109F50000026B2E7AA461BF480715AF8040BBDD064
:109F60001BF400711ABFC0B2614680B2B6E72BF095
:109F7000060295B20DF1180B54E725F01105BB460A
:109F8000ADB28CE70D46B8E73B460D4603F1020B38
:109F9000BBE7DDF804B082E771E601016AE6010182
:109FA000CDE9043241462020029B98470028FFF665
:109FB00013AF049B059A01339945F1DCA4EB0B0127
:109FC0009B46CC180AB341463020029B9847002894
:109FD000FFF602AF8EB901342744391B019B994229
:109FE00024DC1D4655BB019AA9EB0B0955462244BA
:109FF0001446914433E0019F92E7023441463046D3
:10A00000029B98470028E7DAE6E640F206410D4257
:10A01000E2D015F0020F04F10104414614BF2B20D9
:10A02000202015F4806F18BF2D20E9E7414630202D
:10A03000029B013498470028CFDACDE606AB013DFC
:10A040004146585D029B98470028CBDAC4E641465A
:10A050002020029B013498470028FFF6BDAEA9EBF3
:10A060000403002BF3DCC1E5704700EBC10040881E
:10A0700040087047F8B50346FFF7F7FFB0FA80F0E5
:10A08000C0F11F0003EB800CDCF81060CA00171D44
:10A090000C4606328DB256B9012101FA00F0D9689A
:10A0A0000143D960CCF81040DD539D52F8BDF1005A
:10A0B0000431585AD85303EBC0009E52C5805D52FC
:10A0C000F4E710B500EBC104E388994202F1040102
:10A0D0000AD1012303FA02F2C36823EA0203C36030
:10A0E000002340F8213010BDA28840F8213000EB59
:10A0F000C20100EBC300CB808280F4E708B50346C1
:10A10000FFF7B3FFB0FA80F21846BDE80840C2F18D
:10A110001F02FFF7D6BF2DE9F843B1FA81F5C5F16B
:10A120001F0900EB8908D8F8102003460E46C2B17B
:10A130000327D8F8104018462146FFF796FFB04293
:10A1400006D34A461846FFF7BCFF2046BDE8F88311
:10A1500003EBC404E088013FC8F8100001D082423C
:10A16000E7D14FF0FF34C5F120029440DA68144083
:10A17000EBD094FAA4F2B2FA82F2111D53F8214006
:10A180002146DFE738B50346FFF76FFF0D4604466B
:10A1900011461846FFF769FF0444600003EBC5054C
:10A1A00068801846FFF761FF014423F8314038BD4D
:10A1B00038B50C460346FFF758FFA51A511A054457
:10A1C00003EBC4044800608003EBC2006C004480D1
:10A1D00023F8321018461146FFF747FF014423F8D1
:10A1E000315038BD38B50546FFF73FFF0C460144F6
:10A1F00005EBC1035B88DA070AD42846FFF77EFF28
:10A2000021462846FFF731FF22182846FFF7BAFFFC
:10A2100035F83410611A05EBC1035B88DB070CD4F9
:10A220002846FFF76BFF35F834102246611A28469E
:10A23000FFF7A8FF35F83430E41A21462846BDE878
:10A240003840FFF717BF61B100680439091A21F0DF
:10A25000070303445A88C90822F001025A80FFF715
:10A26000C1BF704770B5056809B9002070BD01F025
:10A2700007030B33CC0804EBD304AB6828469C429D
:10A2800028BF1C462146FFF746FF06460028ECD0B3
:10A2900001462846FFF7E9FEA04207D928463219B1
:10A2A000FFF786FF11462846FFF7E4FE05EBC602DE
:10A2B00010465388043043F001035380D6E711461B
:10A2C000FFF7D0BF043A2DE9F041CC1D114424F032
:10A2D000070421F007010E1BF708B7FA87F24FF0C9
:10A2E0000008C2F12405AD000735C2F12002ED08D7
:10A2F00004604146A760C4F80C80920004F110008D
:10A3000002F082FA6B0043F0010363807B1B04EBD5
:10A31000C5025900A4F800805180A21924F83550D4
:10A32000A2F80280A35304EBC7035A88294642F0DF
:10A3300001025A802046BDE8F041FFF79BBE002095
:10A3400070470FB407B504A951F8040B0191E8F761
:10A35000EDFF03B05DF804EB04B070470FB407B530
:10A3600004A951F8040B0191E8F7E0FF03B05DF890
:10A3700004EB04B07047002203680BB9184670471D
:10A380008B4210D10B6842B942680360914200D100
:10A390004360002301200B607047136043689942BB
:10A3A00008BF4260F5E71A461B68E6E7038B13F027
:10A3B000070305D10368002B0CBF00200320704762
:10A3C000022B05D1408BB0FA80F040098000704725
:10A3D000012B05D10368002B0CBF0020052070471E
:10A3E0000020704710B50C4600B111B96FF0150090
:10A3F00010BD081D00F0D2F80028F9D1A368032B86
:10A40000F6D9F3E72DE9F0410D4607461946281D18
:10A4100090461E4600F0D6F8044638B13346424610
:10A4200029463846A446BDE8F0416047BDE8F081C2
:10A4300010B4EFF31182202484F31288BFF36F8FDE
:10A44000416110BC0121E8F7A3BF38B50C460546B1
:10A4500058B151B10B6843B14B6833B11C22002194
:10A4600002F0D2F900202C6138BD6FF01500FBE737
:10A4700070B505460E46FFF7B5FF041E14DBEFF37B
:10A480001182202383F31288BFF36F8F4FF6FF7181
:10A490006B8B2C8B8B4204F0070407D182F311885D
:10A4A000BFF36F8F6FF00A04204670BD022C0CD1F1
:10A4B00001336B8382F31188BFF36F8F0023224631
:10A4C00031462846FFF79EFFEEE7062C14D8DFE85A
:10A4D00004F004131313041A0400002333606B68A0
:10A4E0003BB9C5E90066ACB902212846E8F750FF40
:10A4F000DAE71E606E60F6E782F31188BFF36F8FB4
:10A500006FF00404D0E782F31188BFF36F8F6FF010
:10A510008504C9E782F31188BFF36F8FC4E710B5D4
:10A52000EFF31182202383F31288BFF36F8F048B24
:10A5300004F00704022C0AD0012C0CBF6FF00400B9
:10A540006FF0850082F31188BFF36F8F08E0438BB3
:10A55000013B9BB2438323B92146E8F719FF20460C
:10A5600010BD2046EEE738B5A8B1A1B1EFF31185D3
:10A57000202282F31288BFF36F8F048BFFF7FBFE5C
:10A5800030B104F0070085F31188BFF36F8F38BD39
:10A590006FF07700F7E76FF01500F8E7034640B17A
:10A5A000426802F00302022A06D0032A04D0012ADC
:10A5B00005D06FF0150070471A68002AF9D0002006
:10A5C0009860704710B54268034602F00302022A01
:10A5D0004FF00004816007D0032A02D05C600020A5
:10A5E00001E018685C6010BD18685C600028F6D057
:10A5F000FFF768FAF3E7704720B183682BB11B6857
:10A6000033B118476FF0150070476FF004007047C2
:10A610001846704730B450B149B142B1846854B162
:10A62000E56845B141F8040BE36830BC18476FF0AA
:10A63000150030BC70476FF00400FAE730B41346E1
:10A64000044650B1006860B182686AB195685DB136
:10A650000A46AC46616830BC60476FF0150030BCFC
:10A6600070476FF00100FAE76FF00400F7E7036945
:10A67000D3F8780370476FF085007047084608B537
:10A68000114618B101F073F8002008BD6FF0010009
:10A69000FBE7084608B5114618B101F05FF8002045
:10A6A00008BD6FF00100FBE713B5044608462169B9
:10A6B00001F55D71D1E8AF1F022909D15BB168B125
:10A6C00000931346D0E90912FDF774FC02B010BDE7
:10A6D0006FF00F00FAE76FF04C00F7E76FF0010042
:10A6E000F4E72DE9F8431C46DDE908531646984681
:10A6F0000F46006939B34AB344B36A1C43F10003FF
:10A70000022A73F1000324D2226842B1D0F87833D0
:10A710009A4204D96FF00B002360BDE8F88305EA84
:10A72000080909F101035A425A412146384601F00D
:10A7300027F888B9B8F1FF3F08BFB5F1FF3FF0D067
:10A740006FF06800E9E76FF00100E6E76FF01500D1
:10A75000E3E76FF08500E0E730600020DDE701F01F
:10A7600074B838B50D46044600F148012846E5F7AF
:10A77000BDFC30B1284604F1C001E5F7B7FC20B9B3
:10A780000120782303FB004038BD0020FCE702F5E0
:10A79000307102F5347001F01ABDD0F8B030A0F578
:10A7A0003070003B18BF012300EB8300D0F8AC02EF
:10A7B00000F075BFC86828B1096983681B680BB1D0
:10A7C000002218477047FEF75DB8D0E8EF3FC0E8B9
:10A7D000E21F002AF9D1704710B5436804691B686D
:10A7E000C4F8703304F5EC7001F06EFB002104F541
:10A7F0005D70FFF7EAFF084610BD2DE9F7431746E5
:10A800000D4691B30B7883B3D0F8C440A4F5E27938
:10A8100014344FF0FF324FF0FF332046FDF7BAFFFC
:10A820002A46484601A9E8F7E3FE019E80462EB974
:10A83000204603B0BDE8F043FFF7C5BF58B120463E
:10A84000FFF7C1FF3B462A463146484603B0BDE804
:10A85000F043E8F7ABBE1F22294606F1480001F09D
:10A86000FDFF86F86780B766E2E703B0BDE8F083D6
:10A87000030103EB4003093323F0030303EBC0039D
:10A8800048430330083320F0030018444000704769
:10A890002DE9F84306464FF001080569D0F8049009
:10A8A00005F55D77D7E8EF3F022B03D1C7E8E28FCC
:10A8B000002AF7D141D195F86C30002B40D195F8A2
:10A8C000E430002B3CD12846D5F8701300F054F842
:10A8D000044680BB73683669D3E9050183681B6948
:10A8E0003BB322469847044628BB414606F53470E0
:10A8F000FEF768FAD6F8500305F5F876E9F7B2FAEC
:10A900003046D9F8001000F072F8044698B90146B4
:10A91000D022304601F078FF21464FF4F6722846E7
:10A9200001F072FF21463846FFF74FFF2046BDE891
:10A93000F8836FF057040221F5E76FF07704F5E72D
:10A940006FF00F04F2E710B50846029B114652B9AA
:10A9500093F86C202AB90122184683F86C20E8F796
:10A9600033FF002010BD1A6F9468002CF9D05A6F85
:10A97000A047F6E700F069BF38B50D46044660B160
:10A98000F03001F001FA0DB1002038BDC4F8C45117
:10A99000C4F8C851C4F8CC51F6E76FF01500F4E7DD
:10A9A0000268D2F8C83013B1D2F8C4101847704703
:10A9B000704783690BB9C36B1970704701207047EA
:10A9C0008369012B03D1C36B1878C0B27047042090
:10A9D000704738B5C41DE4002046FFF7B7F80546B8
:10A9E00018B12246002101F00FFF284638BD38B5C6
:10A9F00004463822002101F007FF1822002104F14B
:10AA0000A40001F001FF1822002104F18C0001F0E4
:10AA1000FBFED4F8C000FDF77FFAD4F8BC00FDF7C8
:10AA20007BFAD4F8803004F154050BB128469847DE
:10AA300038220021284601F0E7FEFDF7D1F9002079
:10AA400038BD012801D1EFF30583FDF755BD01465F
:10AA50000068FFF7F6BF08B5E9F77CF8BDE80840E5
:10AA6000E9F79CB800210120FFF7EBBF08B5E9F733
:10AA700097FAFDF7D3FDFEF74DFEE9F7E1FAFDF792
:10AA80000DFE436E83F30B88704761B662B680F3A8
:10AA90001188BFF36F8F704708B5E9F7FDFD72B6F7
:10AAA000002383F31188BFF36F8FE9F773FE50B172
:10AAB000BFF34F8F30BF00BF00BF00BF00BF00BF5C
:10AAC00000BF00BF00BF62B6BFF36F8F08BD10B5F7
:10AAD0000446E9F7E1FD72B6002383F31188BFF362
:10AAE0006F8FE9F757FE50B1BFF34F8F20BF00BF04
:10AAF00000BF00BF00BF00BF00BF00BF00BF84F3A6
:10AB00001188BFF36F8F62B610BD40E800F313F4F5
:10AB1000803FD8B208BF6FF01500704730B50C68A1
:10AB20004B6885B00A894D890094013B24F01F04CD
:10AB3000234402F01F0242EA451223F01F03694634
:10AB40008DF808200393E9F7CFFA05B030BD08B5BA
:10AB5000E9F78AFC002008BD7047416A8968E9F777
:10AB6000EFBC027A01320272704710B508B14B682F
:10AB7000436000234C6808464B60E9F75FFD2046C0
:10AB800010BD8388026819448180D018704730B4A2
:10AB900084880568A3188380281930BC01F00DBE95
:10ABA00010B5838802685C1C8480D154D01810BD15
:10ABB00003468288521A82800068084418607047F1
:10ABC000034600689A88521A01449A8019607047B7
:10ABD00010B5036801211C78FFF7EAFF204610BD7D
:10ABE0008388C2888168D21A03685B1AD01A7047BA
:10ABF000F0B5D0F80473064617F002001CBFC2F18E
:10AC0000807018604FF0000518BF01204FF0010C54
:10AC10004FF4803E0CFA05F40C4214D00EFA05F401
:10AC20003C4210D005F5A87456F82440A41A34F01C
:10AC30007F4408BF4FF0807408B91C6002E01868B8
:10AC4000A042FAD801200135042DE3D1F0BDE9F787
:10AC500011BD30B5054614460A8885B08B78ADF82D
:10AC6000002000210D220DF103008DF8023001F0CB
:10AC7000CBFD6A4669462846F7F774FB28B9BDF84C
:10AC800000209DF802302280A37005B030BD13B5BE
:10AC90000C4601AA0331FFF7DCFF48B90322204626
:10ACA00001A901F0B9FDB0FA80F0400902B010BD71
:10ACB0000020FBE770B5CE1C05460C46304603214C
:10ACC000F7F74EFB60B96379224603F03F0343F088
:10ACD0004003637131462846BDE87040FFF7B9BFB5
:10ACE00070BD0220E9F730BE033138B5C9B2054660
:10ACF0000E20E9F7A7FE032104460C30FFF741FFC1
:10AD00000123A0F801500370204638BD70B50546F8
:10AD10000E460F200421E9F795FE042104460C306D
:10AD2000FFF72FFF0122067042704580204670BD5C
:10AD30000C220369C9B201FB0233186C00F0070052
:10AD4000704770B5C9B20369EFF31185202484F30D
:10AD50001288BFF36F8F0C2606FB0134246C14F0AD
:10AD6000C00408D0A24206D085F31188BFF36F8FCC
:10AD70004FF0FF3070BD012206FB01331A6485F3EA
:10AD80001188BFF36F8F436803EBC1035B6898477B
:10AD90000020EFE78022FFF7D4BFF8B5069F0469D3
:10ADA000C9B2EFF31186202585F31288BFF36F8FA8
:10ADB0000C2505FB0144256C05F0070CBCF1010FC7
:10ADC0000CD1276486F31188BFF36F8FC4E90E237B
:10ADD000436853F8313098470020F8BD05F0C005AE
:10ADE000AF4286F31188BFF36F8F0CBF6FF077000F
:10ADF0004FF0FF30F1E713B580240094FFF7CDFF4B
:10AE000002B010BD10B41C240069CBB203FB0400D7
:10AE1000002110BC10470020FCF73EBA002000F0D3
:10AE200045B91046FDF7B0BD436800205B681B695B
:10AE30000B607047436802EA01005B6821EA020187
:10AE400098600020D9607047436800205B68996073
:10AE50007047436800205B68D960704743685A6850
:10AE6000536821EA03000B4090600020D3607047D4
:10AE700010B503695868F8B1884219D19C68086810
:10AE8000A142586000D19860002008602AB15A6839
:10AE90000A609A68596002B99960002010E0814206
:10AEA00006D10868206098688142EDD19C60EBE78C
:10AEB000044600680028F2D1002AE8D16FF015009E
:10AEC00010BD30B451F820500C4601EB80023DB16A
:10AED0000146AC46D4F88000002330BC126C6047B9
:10AEE00030BC704710B500690F299FBF00EB81048B
:10AEF00040F821202364002088BF6FF0150010BDAA
:10AF000000207047102070470F290ED843685B68F7
:10AF1000CB40DB0709D501228B00DBB203F1824372
:10AF200003F5903300201A6070476FF015007047EA
:10AF300038B50F290C46056933D843681B68CB40E8
:10AF4000DB072ED5D5F8841021FA04F303F00103B2
:10AF50001AB99BB96FF0770022E0002BFAD111B932
:10AF60001220E8F7D7FF0122D5F88430A24013431E
:10AF7000C5F88430E0B2FCF753FE0AE0E0B2FCF71B
:10AF800057FE0122D5F88430A24023EA0203C5F817
:10AF90008430D5F8843013B91220E8F7C9FF0020B7
:10AFA00038BD6FF01500FBE730B543681360057AD4
:10AFB000446804EBC504A34202D36FF0010030BD26
:10AFC0005C798C4201D00833F0E70020F7E7436852
:10AFD0001B68D3F88004C3F8800470474268136884
:10AFE000D3F8100150B10020126A12780A70C3F829
:10AFF0001001D3F8102101221A6070474FF0FF3082
:10B00000704702680346D2F8580140B95B68DB0715
:10B0100006D4D2F82001003818BF01207047012063
:10B02000704743681B68D3F80423D20517D5D3F8BB
:10B030002021A2B1EFF31182202181F31288BFF306
:10B040006F8FD3F8201131B10021C3F82011D3F84C
:10B0500020110121D96082F31188BFF36F8FD3F8DB
:10B0600058317047002200F150039B009BB203F15E
:10B07000824303F5B0331A601B68704708B5FBF7CD
:10B0800039FE08BD004700F0B2BE40F00040C1F8F4
:10B090008000704740F00040C1F88000704740F0E9
:10B0A0000040C1F88000C2F880007047FCF770B81B
:10B0B000F7B51646DDE90847019001A81D46FCF7E3
:10B0C00089F9019BB6F1000C18BF4FF0010C00EBA1
:10B0D00083000B1E18BF0123002D43EA4C0314BF4D
:10B0E0004FF00C0C4FF0000C002C43EA0C0314BF83
:10B0F0004FF4706C4FF0000C002F43EA0C0314BFA8
:10B100004FF4403C4FF0000CD0F8002243EA0C030F
:10B1100022EA030301B109780EB1367876001943AB
:10B120000DB12D78AD0031430CB1247824022943B0
:10B130000FB13F783F040C433C43C0F8004203B0DA
:10B14000F0BD1FB50DF10F03019300238DF80F1013
:10B150001A4619460093FFF7ABFF05B05DF804FBF4
:10B1600038B5054608460C46FCF788F9A8B10846EC
:10B17000FCF778F988B90846FCF768F901232A68D2
:10B180008340C2F808332B6803EB8000D0F81035F9
:10B1900023F00303C0F8103538BD2046BDE8384021
:10B1A0000021FFF7CEBFFCF7EDB9FFF7D9BF2DE9BE
:10B1B000F04389B0109E0446894690460021202223
:10B1C00068461F46129D01F01FFB1F2E97BF0123EB
:10B1D0004FF0FF33B34003F1FF332361119BC4E908
:10B1E0000098C4E902766361183445B10FCD0FC4ED
:10B1F00095E80F0084E80F0009B0BDE8F0836D46C4
:10B20000F4E773B50468661C31D08568A9422ED274
:10B2100064182CD05E18AE4288BF6B1A056A35B12F
:10B2200000930523A8470346184602B070BDBFF33C
:10B230005B8F1946A41A101919B140EA0205AD072F
:10B240000AD103290DDC013811448A42ECD010F8F0
:10B25000014F02F8014BF8E70078013902F8010BC1
:10B26000E9E750F8044B043942F8044BE9E76FF082
:10B270002103D9E773B50468651C32D08568A942FB
:10B280002FD264182DD05E18AE4288BF6B1A456A63
:10B29000CDB100930523A84702B070BD12F8015B41
:10B2A000013905701546A01819B140EA0206B60723
:10B2B000F4D103290ADC013D014488420CD1BFF3DB
:10B2C0005B8F1846E8E71946A41AEBE755F8042BFC
:10B2D000043940F8042BECE715F8012F00F8012B96
:10B2E000EBE76FF02100D7E773B51C4603681546FE
:10B2F0005A1C29D08268914226D25B1824D0661845
:10B300009642866A88BF541A36B105232A460094AD
:10B31000B047204602B070BD184622464AB92946B9
:10B3200001F072FABFF35B8FF3E700F8015B013ABB
:10B33000F4E78307F9D14FF001336B43032AEEDDC5
:10B3400040F8043B043AF9E76FF02100E2E70020FF
:10B35000704710B4046B02460B4684B9C1681F29BC
:10B3600098BF23FA01F4416861B18068834209D231
:10B370001069184051F82430184410BC7047234617
:10B3800010BC18474FF0FF30F7E730B5059CC4E913
:10B390000002039A21811989E260049A6181218562
:10B3A0006261D3E9002502EB0113C4E906128A1C8D
:10B3B000236203EB42036A1C13446D422B40636219
:10B3C000836953B90139E2698B4202EB031206DB50
:10B3D000002393736FF07F03D373002030BD0133DC
:10B3E000D381F0E72DE9F04FB0F830A00446554680
:10B3F000002685B002EB030891460E9A00EBCA03C3
:10B400001FFA88FB9A63A3F83CB008F1FF32C369C6
:10B410000F1D0192B0451ADC238D2586A3EB0B038B
:10B420002385236A61895A8801390A4003EB420364
:10B43000A3F804A0BFF35B8F0020226A5388013376
:10B440005380638D0133638505B0BDE8F08FE06AFA
:10B450002A0157F8041C03EB0515029303680392B5
:10B46000C91A83680837994228BF4FF0FF31FFF7A8
:10B4700070FFDDE90232985000226A6057F8082C0C
:10B48000AA60019A9642ACBF00220122B145D8BF02
:10B4900042F00202AA810136ED89BBE7F0B550B354
:10B4A000456A448E6B88A34230D0631C438643892F
:10B4B000BFF35B8F013B1C4005EBC4056B689EB27C
:10B4C00009B1AD680D60D0F81CC09BB20CEB031144
:10B4D00000EBC3039D8F078D2F44013D07859D879A
:10B4E0008D896F070ED5058ECD8100210686986B5C
:10B4F000996302B11480F0BD9D8FC989013D0CEBA9
:10B5000001119D878D89ED07F6D4ECE70020F2E765
:10B51000C36903EB01139868704770B5C369C56AC6
:10B5200009015E586B6BE3B92C69621C09BF6B683B
:10B5300034401C68341B21462846FFF70AFF864228
:10B5400007D02B6901331C44AB689C42F3D34FF006
:10B55000FF342868431C09D0AB68A34206D92044B5
:10B5600070BD3146284698470446F2E70020F7E7C9
:10B5700070B5BFF35B8F0D46016A1646838E4A880D
:10B5800004469A4212D05A1C82864289013A1340DC
:10B5900001EB43018988298089B2FFF7BEFF2A8821
:10B5A000E36903EB02139B68336070BD0020FCE786
:10B5B00010B5026893691269920017D543B9438E9A
:10B5C000026A81694489013B1B1B02EB41029380A3
:10B5D00003689B69012B08D1838E426A8169408987
:10B5E000013B1B1A02EBC102938010BD23B9026A12
:10B5F000138843F00103138003689B69012B01BF8B
:10B60000426A138843F001031380EEE710B5BFF3DD
:10B610005B8F036804461A699B6912F0005F1AD0B9
:10B620007BB9036A426A5B888169013B02EBC10214
:10B6300092889B1A628D9BB29A4214D8002363852C
:10B6400010BD012BFAD1436A026A5B888169013B14
:10B6500002EB4102ECE763B9436A1B88DB4303F06A
:10B660000103002BEAD06369002BE7D020469847FE
:10B67000E4E7012BE2D1036AEFE7036A828E59887F
:10B6800091420AD0418901390A4003EB42039A886A
:10B69000C36903EB02139868704700207047BFF33B
:10B6A0005B8FC36803B1184770474FF0FF324FF00C
:10B6B000FF33FDF7A3B910B1C36A0133C36270470A
:10B6C00038B1C26A013AC2621AB9026B02B11047BC
:10B6D0000262704770B50446056A05F1640630469B
:10B6E000FFF7E3FF636AA3F580637F2B0BD801228A
:10B6F0005909503503F01F039A4055F8213023EAC9
:10B70000020345F82130D4E90F124A60E16B04F1DD
:10B710003C0311602046C4E90F33FFF7D1FF3046E8
:10B72000BDE87040FDF730B910B5436A8CB00A939C
:10B730002023044602460B9102A8194600F038FB6C
:10B7400028230122CDE9003220463522616A02AB6E
:10B75000FCF71AFC00EAE0700CB010BD30B1006AD2
:10B7600020B119B1D0F8883003B11847704730B113
:10B77000006A20B119B1D0F88C3003B11847704776
:10B7800030B1006A20B119B1D0F8903003B1184738
:10B79000002070472DE9F84306468846174699462B
:10B7A0000468A64201D1002520E07A1CA4F13C05E2
:10B7B00002D06B6ABB4219D0B8F1000F22D0202210
:10B7C0004146284601F038F8E0B9B9F1FF3F02D010
:10B7D000AB6A4B450AD07B1C0BD02468B442E2D044
:10B7E00054F8183CA4F13C059F42E8D12846BDE836
:10B7F000F883AB6A0133F9D02468B442D3D0A4F102
:10B800003C05D9E72468CCE770B505460C461E46D2
:10B81000CAB120232046194600F0CAFA0123E36288
:10B82000049B6662A362059B25626363069BA36318
:10B83000079B63646A6804F13C03C4E90F526B60C0
:10B84000226C136070BD0A70E8E710B5044690B131
:10B85000036A83B102784AB193F8A43033B1436AE2
:10B86000B3F5806F02D30121FFF75EFF2046BDE8EC
:10B870001040FFF72FBF10BD20B1036A13B15B6802
:10B8800003B11847704708B530B1036A3BB1DB68B4
:10B890002BB19847002008BD6FF01500FBE76FF053
:10B8A0000500F8E77047FDF76FB84FF0FF324FF033
:10B8B000FF33FDF7A3B8F8B50C4600F16407054661
:10B8C000A4F110063846FFF7F0FF3046FCF712FCF3
:10B8D00080B154F8083C24F8083CD5F8CC3044F842
:10B8E0000C3C05F1C80344F8103CC5F8CC6054F892
:10B8F0000C3C1E603846FFF7D6FF0020F8BD38B577
:10B900000D4600F164042046FFF7CFFF55F8083CD0
:10B91000204603F5803345F8083CBDE83840FFF782
:10B92000C2BF2DE9F04188B00E9C282A8846D4F881
:10B93000C0006ED101688568A8EB0101A94228BF4B
:10B940004FF0FF3120236A46FFF75BFC04F16406E9
:10B95000D8F820703046FFF7A8FF3B464FF0FF3283
:10B9600069462046FFF716FFD8F824300546E0B1B7
:10B97000D0F8308003F00103B8F1000F02D0DBB93A
:10B98000AF6230E0002BFBD04FF0FF3383623046D4
:10B99000FFF789FFAB6B83BBD4F88030002B38D026
:10B9A0003A4669462046984733E0DB071FD43046C5
:10B9B000FFF779FFE36FF1E74FF0FF338362FFF7A3
:10B9C0007AFE3046FFF76FFFAB6BA3B9D4F8803037
:10B9D0001BB13A466946204698473046FFF765FF57
:10B9E0002846FFF76DFE3046FFF75DFF11E0304659
:10B9F000FFF759FFD0E74FF0010828469847D4F8E1
:10BA000080301BB13A46694620469847B8F1000F8E
:10BA1000E3D1002008B0BDE8F081F0B504468E689F
:10BA20000D46B6B23146D0F8B80085B0FFF770FDCC
:10BA3000D4F8B43007469A6942B90095CDE902506E
:10BA40000123D4F8B80002A9FFF7CCFCD4F8B43035
:10BA50009B69012B08D13A463146D4F8B80005B0AD
:10BA6000BDE8F040FCF774BA05B0F0BD70B500F168
:10BA70006406A1F1100504463046FFF716FF28467C
:10BA8000FCF738FB38B120462946FFF7C6FFD4F84B
:10BA9000B800FFF7BBFD3046BDE87040FFF703BFBD
:10BAA0002DE9FF4103689E6A06F164084046FFF7EE
:10BAB000FCFED6F8B4309B693BB1012B12D0404656
:10BAC000FFF7F1FE04B0BDE8F081D6F8B8000DF143
:10BAD0000A0203A9FFF7E2FCD6F8B43004469B69DA
:10BAE000012B07D1D6F8B80003AA0DF10A01FFF720
:10BAF0003FFD0446002CE2D0BDF80A300021626808
:10BB0000A36030464FF0FF33FFF744FE0546FFF7D2
:10BB1000D2FDA368404603F58033A360FFF7C3FE60
:10BB200075B1AB6A696C013308BF2368284608BF4A
:10BB3000AB622368A28900916F6B04F11001B847D2
:10BB40004046FFF7B2FE2846FFF7BAFD2046FCF755
:10BB5000D1FA38B130462146FFF75FFFD6F8B8007A
:10BB6000FFF754FD4046FFF79EFE9FE72DE9F041A9
:10BB7000A3F1100653F8085C002388B00693ADF8D3
:10BB80001E3004461023CDE904120E9FD0F8C000E9
:10BB9000ADF81C700168D0F808C0711A0DEB0302F3
:10BBA000614528BF4FF0FF3104F16408FFF762FBE5
:10BBB0004046FFF77AFED4F8B430ADB29B69CBB9FA
:10BBC000D4F8A820D4F8B430D4F8BC009B69C3B929
:10BBD000CDE902620096012202A9FFF703FCD4F826
:10BBE000BC00FFF713FD4046FFF75DFE384608B086
:10BBF000BDE8F0812946D4F8BC00FFF789FC024675
:10BC0000E0E7012BEBD12946FCF7A2F9E7E710B5F5
:10BC100048B149B143688B4206D382680468D21A9E
:10BC20005B1A4360A01810BD0020FCE72DE9F34724
:10BC30000546D0F8B4000E46904618B9002002B070
:10BC4000BDE8F087036A002BF8D09B68002BF5D085
:10BC500098474307F2D543F69823B8F1000F18BF71
:10BC6000984605F1640705F1C8093846FFF71DFE3F
:10BC7000D5F8C8404C452BD054B3D4E900235360C9
:10BC800022681A60C4E90044D5F8B43021899B6960
:10BC9000ADF806107BB1012B14D03846FFF703FE38
:10BCA000BDF8063004F1100003F58033A36033685B
:10BCB000103B3360C3E7D5F8A8303360D5F8B43013
:10BCC0009B69E8E7D5F8BC00FFF722FC3060E4E7A9
:10BCD000D5F8B430D3F818A0BAF1000F36D13146F8
:10BCE000D5F8BC000DF10602FFF7D8FB044600288A
:10BCF000D3D1D5F8BC301B8DB3B93846FFF7D3FD8F
:10BD0000B8F1000F9AD0D5E92D32182112891B6B9A
:10BD100001FB0233D5F8D02022BB2120002100F006
:10BD200045FB08F1FF38A0E7D5F8A810D5F8C40006
:10BD3000FFF76DFF0446D5F8A830ADF806A03360D4
:10BD40003846FFF7B0FD002CDAD0A9E7BAF1010FB1
:10BD5000D3D13246D5F8BC000DF10601FFF708FC3F
:10BD60000446EDE71969284690476FF4FB63984253
:10BD7000D3D000283FF479AF60E720B119B112B1F8
:10BD8000C0E901220160704738B5044618B938BDD2
:10BD90003C38FFF75AFD20688442F9D10025D4F8D9
:10BDA000B400C4E92E55FFF767FDC4F8B450EEE7C0
:10BDB00070B505461C4699B18B4228BF0C46661CDF
:10BDC000013E05D012F8013B00F8013B002BF7D1F2
:10BDD000A14207D9091B8A19002100F015FDA11BFA
:10BDE000084670BD00230D4405F8013CF7E708B193
:10BDF000E8F776BD7047704740B1C368587810F0D7
:10BE000001001EBF1878B0FA80F040097047EFF3C8
:10BE10001183202383F31288BFF36F8FFEE708B5E9
:10BE2000FFF7F5FF10B54369044633B90020E26817
:10BE3000537843F00103537010BD98470028F5D0A4
:10BE40000028B8BF4042FF28A8BFFF20E368187051
:10BE5000EDE700F0D9BC00F0B0BC10B400F10C0468
:10BE6000C0E9034410BCFEF72DBA38B50446EFF321
:10BE70001185202383F31288BFF36F8FFEF7E3F958
:10BE800004F10C0000F07FFA30B1294604F11400EF
:10BE9000BDE83840FDF7EAB985F31188BFF36F8F2D
:10BEA00038BD202408B5EFF3118384F31288BFF363
:10BEB0006F8FFEF7F1FDF6E790F90E308B4201D05F
:10BEC000FDF762B90020704703460020C3E9003344
:10BED000C3E902007047D0E9003213605A600023C2
:10BEE000427BC0E9003322F0020242738360704754
:10BEF0002DE9F843914604460D469DF8202000F1B7
:10BF00000807EFF31186202181F31288BFF36F8FAA
:10BF100002B14568D4F80880474518D0B8F1000F41
:10BF200015D04046FFF7D7FF08F1180000F09EFA41
:10BF300000234046C8F87C30C8F8109000F0DAF9C9
:10BF400038463146FDF792F90020BDE8F883A3B1E9
:10BF50000820FDF70BFE002838D00122C0F804901D
:10BF60000260016801F003015DB922680A430260C2
:10BF7000626820606AB960600BE04846C9F800302A
:10BF8000EFE72A68032A16D80160616869B9C4E935
:10BF90000000042104F1100000F0CCFB0028CFD1F8
:10BFA00086F31188BFF36F8FCFE70A6802F00302B0
:10BFB00002430A60DFE722F003020A4302602A68B4
:10BFC00002F0030240EA02032B60E2E76FF00B008D
:10BFD000E6E710B5044630B10268930703D0446821
:10BFE00009B100F0E3FB204610BD0023C0E9003397
:10BFF00000F10803C0E9023300F11003C0E9043383
:10C000007047F8B500F10806EFF31187202383F39A
:10C010001288BFF36F8F856800F11004AE4217D00D
:10C02000B5B12846FFF757FF05F1180000F01EFADA
:10C0300000232846EB672B6100F05CF908212046BD
:10C0400000F078FB39463046BDE8F840FDF70EB900
:10C050000821204600F06EFB0028F3D187F31188F9
:10C06000BFF36F8FF8BD012307B5009300230A4685
:10C070001946FFF73DFF03B05DF804FB002307B549
:10C080000A4600931946FFF733FF03B05DF804FB3F
:10C090005AB18A4209D300F11003C0E90212C0E983
:10C0A0000000C0E90433002070476FF015007047AE
:10C0B000012302688B4022EA0303036022FA01F0A5
:10C0C00000F001007047704710B5032104460C30A2
:10C0D000FFF7EEFF30B104F1100000F0C7F9B0FA3D
:10C0E00080F0400910BD20B100228C30114600F0D4
:10C0F00084B9704770B5C3680446C3F340069B0714
:10C1000016D4856802210C30FFF7D2FF80B1D5F834
:10C1100084206AB194421DD122689EB9D5F8883036
:10C12000C5F884209C4201D1C5F8882000232360F3
:10C13000E36813F01F001EBF43F00203E36040F00A
:10C14000020070BD3260D5F88820944208BFC5F85F
:10C150008860EBE716461268DBE773B50446EFF339
:10C160001185202383F31288BFF36F8F0023A0F182
:10C170001006032104380193FFF79AFF28B1A36941
:10C18000304601A90193FCF745FD85F31188BFF303
:10C190006F8F02B070BD38B504460D4610220021E5
:10C1A00000F032FB656038BD13B501900846EFF32F
:10C1B0001184202383F31288BFF36F8F01A9FCF74A
:10C1C00029FD84F31188BFF36F8F02B010BD10B545
:10C1D000FFF7EAFF041E08DDEFF31180202383F34D
:10C1E0001288BFF36F8FFDF753F8204610BD70B56E
:10C1F0000D46EFF31186202383F31288BFF36F8F70
:10C20000FCF764FD044686F31188BFF36F8F38B1E5
:10C210004FF0FF324FF0FF3305F11000FCF7EEFB5B
:10C22000204670BD08B5A022002100F0EDFA08BD3F
:10C2300038B530220D460021044600F0E5FA4FF4EF
:10C2400080736560E36038BD38B50446EFF311854F
:10C25000202383F31288BFF36F8FFFF735FF20464B
:10C26000FFF748FF85F31188BFF36F8F38BDEFF3F9
:10C270000580003818BF012070476FF057007047E5
:10C28000D0E9003213605A600023C0E900337047E0
:10C2900008B5FFF7F5FF437B23F002034373002348
:10C2A000836008BD38B504460D46FCF7CBFE637BC2
:10C2B00043F002036373E5B1A5602B689D4209D189
:10C2C0006B68C4E900531C606C6012E06A689A42B3
:10C2D000F6D01B68002BF3D094F90E2093F90E10C2
:10C2E0008A42F3D09142F1DD5A68C4E90032146009
:10C2F0005C6038BD10B5EFF31184202383F31288FE
:10C30000BFF36F8FFCF75CFE84F31188BFF36F8F70
:10C3100010BD08B5EFF31181202282F31288BFF31C
:10C320006F8F83680BB1FFF7B3FF81F31188BFF301
:10C330006F8F08BD014610B5EFF31184202383F3FE
:10C340001288BFF36F8F437B13F0280F0AD18368E5
:10C350000BB1FFF79DFF4B7B084623F004034B73A3
:10C36000FCF72EFE84F31188BFF36F8F10BD0121FF
:10C370001838FFF7DFBF10B5FFF7CBFFBDE810405F
:10C38000183000F073B838B5054604680020AC4298
:10C3900000D138BD002CFCD02046FFF7ECFF204632
:10C3A000FFF7A8FF2C680120A542F1E738B5044645
:10C3B0000D46FDF715F8B5F1FF3F08BFB4F1FF3F9B
:10C3C0000246204618D000204FF47A7447F6FF73D7
:10C3D0000146C2FB0431B3F5004F71F100020BD3EB
:10C3E0006FF400429A4243F6FF728A4132BF6FF007
:10C3F0000040D80B40EA414038BD38B5EFF3118515
:10C40000202383F31288BFF36F8F0468A04212D0F9
:10C410009CB1E16722612046FFF73AFF04F1180062
:10C4200000F024F82046FCF7CBFD012085F31188AD
:10C43000BFF36F8F38BD0020F8E72046F6E708B558
:10C440000246FDF783F970B1D0E904319B1A61EB24
:10C45000E272B3F1004F72F1000104DA002AACBFBE
:10C460001846002008BD6FF00040FBE7024638B5D3
:10C47000EFF31185202383F31288BFF36F8F0368D6
:10C48000CBB1FDF763F904461046FDF771F90022C0
:10C490004FF000438442C0E9042306D1FDF75EF962
:10C4A000FFF7CDFF0021FAF78BFD002085F31188FF
:10C4B000BFF36F8F38BD6FF01500F7E708B5FDF7D4
:10C4C00061FA08BDFDF75EBAB3F1FF3F08BFB2F1F4
:10C4D000FF3F70B506461D46144614D01A4316D0C9
:10C4E000002B08DBFDF74EFA041941EB0501C6E904
:10C4F0000041304670BD6FF001031C1B4FF0FF334D
:10C5000063EB0501F3E74FF0FF342146EFE700242A
:10C51000FBE7B3F1FF3F08BFB2F1FF3FF8B50746B5
:10C5200016461C4610D054EA020311D0FDF72AFA31
:10C53000B0420A46A14103460AD2F31A64EB020450
:10C54000C7E900343846F8BD4FF0FF331C46F7E723
:10C550000023FBE770B5D0E90034984209D044B11C
:10C56000A568EDB115F9526C12F9525CB54208D0CC
:10C5700007DDC1E900042160416010E0A342F8D06A
:10C580001B68002BF5D09A6862B112F9522CAA42AE
:10C59000F4D0F3DD5A68C1E900321160596070BD12
:10C5A000AB7BFFDE937BFCE72DE9F84F00250F46C0
:10C5B0001446984601462E464FF0200AA946BD4231
:10C5C00002DB3046BDE8F88FEFF3118B8AF3128857
:10C5D000BFF36F8F4B7B03F03F03082B09D853B198
:10C5E000013B072B07D8DFE803F0281C06220606CC
:10C5F000062E102B2DD0B8F1000F3BD12378002B45
:10C6000038D04B7B03F03F03082B3AD8002B3AD0AD
:10C61000013B072B37D8DFE803F03F393639363690
:10C6200036420B699B68002BE5D0022317E00B69AB
:10C630001B68002BDFD0042311E00B699B68002BE3
:10C64000D9D001230BE00B691B6A002BD3D0102338
:10C6500005E00B69DA895B899A42CCD02023CA684D
:10C66000C1F80890C2F38630034363F39432CA6082
:10C6700084F800908BF31188BFF36F8F013514316C
:10C680009DE7102B0FD08C600136F3E72246086936
:10C690001030FFF75FFFF6E722460869F9E70869FF
:10C6A00022462430F5E7086922462C30F1E72DE9CF
:10C6B000F041846805460E46D4B16378012B22D13F
:10C6C00014F8533C9A0711D5A4F160073846FFF7D8
:10C6D00052FE082E0CBF6FF003030023E36114F831
:10C6E000533CDB0602D13846FFF704FE00232370DB
:10C6F0000020EB68A860C3F38632164366F39433D8
:10C70000EB60BDE8F081022BF0D12378002BEDD057
:10C7100054F8048CB8F1000FE8D004F11400FFF7CE
:10C72000A5FE0023A4F1140739464046E362FFF753
:10C730003BFDDBE738B5EFF31185202383F3128847
:10C74000BFF36F8F0468A04211D0D4E900321360A8
:10C750005A6000232046C4E90033FFF7A8FF85F3A1
:10C760001188BFF36F8F201E18BF012038BD002431
:10C77000F5E70023C0E9000083607047043270B51C
:10C7800004460ED2EFF31185202686F31288BFF3FC
:10C790006F8F41F00401984785F31188BFF36F8FC5
:10C7A00008B9002070BD40F8044BFBE720B1011F21
:10C7B00050F8040CFFF759BB70470A44431E9142DE
:10C7C00000D1704710B511F8014B914203F8014FA9
:10C7D000F9D110BD884210B501EB020402D98442A0
:10C7E000234607D8431EA14208D011F8012B03F8B5
:10C7F000012FF8E7024401468A4200D110BD13F828
:10C80000014D02F8014DF7E702440346934200D17F
:10C81000704703F8011BF9E70139024410B5904253
:10C8200001D1002005E0037811F8014FA34201D0A7
:10C83000181B10BD0130F2E710B56AB10139841838
:10C8400010F8012B11F8013F9A4203D1A04201D008
:10C85000002AF5D1D01A10BD1046FCE710B50139F9
:10C86000044632B111F8013F013A00F8013B002BB8
:10C87000F7D10021FFF7C8FF204610BD0246014452
:10C8800010B58A42134603D01C780132002CF8D12F
:10C89000181A10BDF0B5C3F13707044603F01F03A3
:10C8A0001046FFB2082BE6B232D0102B3DD06508FF
:10C8B000A40845EAC17544EA81748A082D1942EB3F
:10C8C0005102290941EA02716D1842EB1212290A3C
:10C8D00041EA02616D1842EB1222290C41EA024141
:10C8E0006D1842EB1242AD1842F10002EC0844EA26
:10C8F0004274D10804EB8402A6EB4205EDB2092D87
:10C900000CD90134A5F10A0541F10001EDB212E0A4
:10C91000E40806F0070544EA4174C908303554EAD2
:10C92000010200F8015BBDD1F0BD240906F00F053E
:10C9300044EA01740909092D84BFED19EDB2EDE750
:0CC940000148006870470000B02400218E
:08C94C00B437FE7F010000007A
:10C9540000000000BCC90101718701010000000052
:10C9640000000000FCC9010100000000DCC9010155
:10C97400000000001CCA0101000000003CCA0101C3
:10C98400B9620101000000005D6E010100000000B9
:10C994009144000100000000000000005CCA010195
:10C9A400899B010100000000000000007CCA010115
:08C9B400000000009CCA010113
:10C9BC00B0E401013CE30101F8CB01012C0300219F
:10C9CC00985E0021E55F01010000000000000000FE
:10C9DC00CFE401014CE30101B4CB01013003002190
:10C9EC00405F0021216701010000000000000000F1
:10C9FC00DDE4010164E30101B4CB01013203002148
:10CA0C004C5F0021216701010000000000000000C4
:10CA1C00BFE4010100000000ACCB01012E0300219A
:10CA2C00EC5E0021CD64010100000000000000005C
:10CA3C0002E501017CE3010114CC01013603002164
:10CA4C00E05F0021156B01010000000000000000F8
:10CA5C00EBE4010144020021D8CB01013403002195
:10CA6C00585F0021F1680101000000000000000087
:10CA7C001EE401013000002158CC010128030021E3
:10CA8C0098040021D9A7010100000000000000005B
:10CA9C0060D0010100000000ECCB01012A03002151
:10CAAC00803A00210000000000000000000000009F
:10CABC000000000065AA01010000000065AA010148
:10CACC000000000065AA01010000000065AA010138
:10CADC000000000065AA01015173010185B001013C
:10CAEC000000000065AA01010000000065AA010118
:10CAFC000000000065AA0101EC5E00214165010106
:10CB0C00FD79010185B001010000000065AA010159
:10CB1C000000000065AA010100000000895E01010F
:10CB2C000000000065AA01010000000065AA0101D7
:10CB3C000000000065AA0101000000008D23010126
:10CB4C00417C010185B001013CCA010123B0010106
:10CB5C000000000065AA01010000000065AA0101A7
:10CB6C0000000000ED6E01010000000065AA01014B
:10CB7C000000000065AA01010000000065AA010187
:10CB8C000000000065AA01010000000065AA010177
:10CB9C0000000000BD2301010000000065AA010196
:08CBAC0075640101CD63010174
:10CBB4006967010129AE010135AE010149AE0101E8
:10CBC40053AE01015DAE0101B565010171AE010114
:04CBD400000000005D
:10CBD80009AF0101E5AE010101AF010105AF010196
:04CBE80031AF010167
:0CCBEC000D7E0001C57D0001397D0001B7
:10CBF8003D60010195AD0101F7AD010100000000A4
:0CCC080031AD0101000000000000000040
:0CCC1400DDAF0101616A0101CFAF010139
:10CC2000217E010106000000000103FF04FF020055
:10CC300000010602010000000001020104040404D6
:10CC400000020000000200000000000000000000E0
:10CC50000338FDD8704700001936000191A8010182
:10CC6000F937000145380001313900016FA6010193
:10CC7000E3A6010177A60101A9A6010193A601017E
:10CC80007DA601010000000000000000C1A9010113
:10CC9000B3A90101BDA90101B1A901010000000072
:10CCA000000000000000000000000000A1A9010138
:10CCB000000000210000000006000100020000004A
:10CCC000C4CC01010000000123E4010106000000C2
:10CCD000E0FF0301000000212BE40101210000001E
:10CCE000E0FF00211D4500010000000059AB0101DB
:10CCF000E4CC0101FCCC01012000000010890021DE
:10CD0000E4CC01010CCD010145000000988A00210E
:10CD1000E4CC01011CCD010147000000988E0021E8
:10CD2000574553545F544F504449522F7A657068A9
:10CD300079722F7375627379732F626C7565746F76
:10CD40006F74682F636F6E74726F6C6C65722F7482
:10CD500069636B65722F7469636B65722E63000083
:10CD60007469636B65725F726573636865642D3E99
:10CD70007469636B735F746F5F6578706972652047
:10CD80003D3D203055000000415353455254494F1A
:10CD90004E204641494C205B25735D204020257381
:10CDA0003A25640A0000000028287469636B6572E4
:10CDB0005F72657363686564292D3E6578745F648E
:10CDC0006174612026262028287469636B65725F70
:10CDD00072657363686564292D3E6578745F64616C
:10CDE00074612D3E7469636B735F736C6F745F77EE
:10CDF000696E646F7720213D20305529290000009D
:10CE000069000000574553545F544F504449522F16
:10CE10007A65706879722F7375627379732F626C9B
:10CE20007565746F6F74682F636F6E74726F6C6C5E
:10CE300065722F6C6C5F73772F756C6C2E630000BE
:10CE4000216572720000000072780000756C6C5FE2
:10CE50007265665F67657428756C6C5F68647229BB
:10CE6000000000003000000072656C656173652091
:10CE70003D3D20646F6E65002172657476616C00C3
:10CE800064656C7461203C3D2030207C7C206D65A5
:10CE90006D5F6C696E6B5F72782E71756F74615F18
:10CEA000706475203C20282833202B2030202B2034
:10CEB0003629202B2028313629290000636F6E6E19
:10CEC0005F6C6C6C0000000021636F6E6E5F6C6CB9
:10CED0006C2D3E6C696E6B5F74785F667265650081
:10CEE0006D656D715F6C696E6B00000072782D3E30
:10CEF0006864722E7479706520213D204E4F444540
:10CF00005F52585F545950455F4E4F4E45000000E8
:10CF10002163632D3E7374617475730072785F666C
:10CF20007265652D3E6864722E7479706520213DAE
:10CF3000204E4F44455F52585F545950455F4E4F05
:10CF40004E450000636F6E6E20213D202828766FCD
:10CF50006964202A2930290021636F6E6E2D3E6C92
:10CF60006C6C2E6C696E6B5F74785F6672656500C1
:10CF700021726574000000006C6F6F70000000008B
:10CF8000574553545F544F504449522F7A65706847
:10CF900079722F7375627379732F626C7565746F14
:10CFA0006F74682F636F6E74726F6C6C65722F6C28
:10CFB0006C5F73772F6C6C6C5F636F6D6D6F6E2E33
:10CFC0006300000021657272207C7C2065727220F3
:10CFD0003D3D202D31313900574553545F544F505A
:10CFE0004449522F7A65706879722F73756273792C
:10CFF000732F626C7565746F6F74682F636F6E74D6
:10D00000726F6C6C65722F6863692F6863695F6407
:10D0100072697665722E630042542043544C52204C
:10D0200052580000657272203D3D2030207C7C20EB
:10D03000657272203D3D202D340000006572722023
:10D040003D3D2030000000006E6F64655F72782007
:10D050003D3D202828766F6964202A293029000068
:10D0600062745F6863695F636F6E74726F6C6C6526
:10D07000720000005A6570687972204F5320763430
:10D080002E322E3000000000574553545F544F504D
:10D090004449522F7A65706879722F73756273797B
:10D0A000732F626C7565746F6F74682F636F6E7425
:10D0B000726F6C6C65722F6863692F6863692E6389
:10D0C00000000000286863695F686275665F7365C9
:10D0D0006E74202D206863695F686275665F6163A6
:10D0E0006B656429203C206863695F686275665FD0
:10D0F000746F74616C00000068616E646C65203C44
:10D1000020282873697A655F742920282828696E89
:10D1100074292073697A656F6628636861725B3170
:10D12000202D2032202A202128215F5F6275696C22
:10D1300074696E5F74797065735F636F6D7061742D
:10D1400069626C655F70285F5F747970656F665F98
:10D150005F286863695F686275665F70656E6429E1
:10D160002C205F5F747970656F665F5F2826286882
:10D1700063695F686275665F70656E64295B305DC8
:10D180002929295D29202D203129202B2028736968
:10D190007A656F66286863695F686275665F706547
:10D1A0006E6429202F2073697A656F66282868636A
:10D1B000695F686275665F70656E64295B305D29C2
:10D1C000292929006164762D3E74797065203D3DE2
:10D1D000205044555F4144565F545950455F44497F
:10D1E000524543545F494E44000000002828282837
:10D1F00075696E747074725F74296E6F646529202E
:10D2000025205F5F616C69676E6F66287374727545
:10D210006374206E6F64655F72785F636329292091
:10D220003D3D2030290000002828282875696E74AB
:10D230007074725F74296E6F6465292025205F5FAA
:10D24000616C69676E6F6628737472756374206EA3
:10D250006F64655F72785F63752929203D3D2030DA
:10D260002900000002000000000000000000000093
:10D27000000000000000010303030303030000009B
:10D28000574553545F544F504449522F7A65706844
:10D2900079722F7375627379732F626C7565746F11
:10D2A0006F74682F636F6E74726F6C6C65722F6C25
:10D2B0006C5F73772F756C6C5F6164762E63000012
:10D2C00068616E646C65203C2031000028726574D2
:10D2D000203D3D203029207C7C2028726574203D33
:10D2E0003D203229000000006164762D3E6C696E9D
:10D2F0006B5F63635F667265650000006164762D35
:10D300003E6E6F64655F72785F63635F66726565CA
:10D3100000000000216864722D3E64697361626CD4
:10D3200065645F6362000000737461747573203D0F
:10D330003D2030207C7C20706172616D203D3D205D
:10D34000756C6C5F64697361626C655F6D61726B53
:10D350005F6765742829207C7C2028636F6E6E656A
:10D36000637461626C6520262620216164762D3EFF
:10D370006C6C6C2E636F6E6E29207C7C20300000FC
:10D38000216C6C6C2D3E6C696E6B5F74785F66729D
:10D39000656500006D61726B203D3D206164760023
:10D3A00021657272207C7C2028657272203D3D20B0
:10D3B0002D313230290000007265660028726574D4
:10D3C000203D3D203029207C7C2028726574203D42
:10D3D0003D203229207C7C202866705F6F705F665C
:10D3E000756E63203D3D202828766F6964202A29C8
:10D3F000302929007064752D3E6C656E203E3D20FD
:10D400005F5F6275696C74696E5F6F666673657481
:10D410006F662028737472756374207064755F6121
:10D4200064765F6164765F696E642C206461746108
:10D4300029000000574553545F544F504449522F20
:10D440007A65706879722F7375627379732F626C65
:10D450007565746F6F74682F636F6E74726F6C6C28
:10D4600065722F6C6C5F73772F756C6C5F73636183
:10D470006E2E6300657272203D3D2030207C7C2042
:10D48000657272203D3D202D31323000097061728D
:10D49000616D313A20257520706172616D323A20DC
:10D4A00025750A00574553545F544F504449522F35
:10D4B0007A65706879722F7375627379732F626CF5
:10D4C0007565746F6F74682F636F6E74726F6C6CB8
:10D4D00065722F6C6C5F73772F756C6C5F636F6E0A
:10D4E0006E2E630074785F627566000072782D3E60
:10D4F0006864722E6C696E6B000000007374617456
:10D500007573203D3D203000737461747573203D48
:10D510003D2030207C7C20706172616D203D3D207B
:10D52000756C6C5F7570646174655F6D61726B5F63
:10D530006765742829207C7C20706172616D203DB4
:10D540003D20756C6C5F64697361626C655F6D61D1
:10D55000726B5F67657428290000000070203D3DF4
:10D5600020706172616D0000287469636B65725F81
:10D57000737461747573203D3D203029207C7C20BC
:10D58000287469636B65725F737461747573203D91
:10D590003D20322900000000636F6E6E2D3E6C6CE2
:10D5A0006C2E68616E646C6520213D2030784646A3
:10D5B00046460000287469636B65725F737461741A
:10D5C0007573203D3D203029207C7C2028746963C0
:10D5D0006B65725F737461747573203D3D203229F1
:10D5E000207C7C202828766F6964202A29636F6E4E
:10D5F0006E5F6C6C203D3D20756C6C5F646973617F
:10D60000626C655F6D61726B5F67657428292900C4
:10D610006C6C6C5F747800007064755F74782D3E7C
:10D620006C656E00216C696E6B2D3E6E65787400C2
:10D63000574553545F544F504449522F7A65706890
:10D6400079722F7375627379732F626C7565746F5D
:10D650006F74682F636F6E74726F6C6C65722F6C71
:10D660006C5F73772F756C6C5F6C6C63705F656E4D
:10D67000632E63006E746600574553545F544F50D9
:10D680004449522F7A65706879722F737562737985
:10D69000732F626C7565746F6F74682F636F6E742F
:10D6A000726F6C6C65722F6C6C5F73772F756C6C1E
:10D6B0005F6C6C63705F7068792E63006E74662DAA
:10D6C0003E6864722E74797065203D3D204E4F4453
:10D6D000455F52585F545950455F52455441494E39
:10D6E00000000000636F6E6E2D3E6C6C6C2E726FCE
:10D6F0006C65203D3D20307830310000636F6E6EE8
:10D700002D3E6C6C6C2E726F6C65203D3D20307828
:10D71000303000006374782D3E6E6F64655F726513
:10D72000662E747800000000574553545F544F50E4
:10D730004449522F7A65706879722F7375627379D4
:10D74000732F626C7565746F6F74682F636F6E747E
:10D75000726F6C6C65722F6C6C5F73772F756C6C6D
:10D760005F6C6C63702E63006374782D3E6F776E10
:10D77000657200006374782D3E6E6F64655F72653C
:10D78000662E7278000000006374780039D30001BF
:10D7900049D3000159D3000169D3000179D30001B5
:10D7A00089D3000131D4000141D4000199D3000193
:10D7B00051D4000161D4000171D40001A9D300014A
:10D7C00081D4000191D40001B9D30001A1D400019A
:10D7D000C9D30001B1D40001C1D400010000000090
:10D7E000D1D40001E1D40001F1D40001D9D300016A
:10D7F00001D5000100000000000000000000000052
:10D800000000000021D40001574553545F544F508D
:10D810004449522F7A65706879722F7375627379F3
:10D82000732F626C7565746F6F74682F636F6E749D
:10D83000726F6C6C65722F6C6C5F73772F756C6C8C
:10D840005F6C6C63705F636F6D6D6F6E2E63000055
:10D850006374782D3E70726F63203D3D2050524FAF
:10D86000435F5445524D494E41544500574553542A
:10D870005F544F504449522F7A65706879722F7304
:10D8800075627379732F626C7565746F6F74682F2E
:10D89000636F6E74726F6C6C65722F6C6C5F7377F4
:10D8A0002F756C6C5F6C6C63705F6C6F63616C2E5A
:10D8B0006300000063747820213D202828766F697A
:10D8C00064202A29302900006374785F68656164E8
:10D8D0006572203D3D206374780000006374782DEC
:10D8E0003E6E6F64655F7265662E7278203D3D20E6
:10D8F0002828766F6964202A293029207C7C2063BF
:10D9000074782D3E6E6F64655F7265662E72782D39
:10D910003E6864722E7479706520213D204E4F441C
:10D92000455F52585F545950455F52455441494EE6
:10D9300000000000574553545F544F504449522F44
:10D940007A65706879722F7375627379732F626C60
:10D950007565746F6F74682F636F6E74726F6C6C23
:10D9600065722F6C6C5F73772F756C6C5F6C6C637A
:10D97000705F636F6E6E5F7570642E6300000000F1
:10D980006374782D3E6E6F64655F7265662E727883
:10D99000203D3D202828766F6964202A29302900FF
:10D9A000574553545F544F504449522F7A6570681D
:10D9B00079722F7375627379732F626C7565746FEA
:10D9C0006F74682F636F6E74726F6C6C65722F6CFE
:10D9D0006C5F73772F756C6C5F6C6C63705F6368E2
:10D9E0006D752E6300000000574553545F544F502F
:10D9F0004449522F7A65706879722F737562737912
:10DA0000732F626C7565746F6F74682F636F6E74BB
:10DA1000726F6C6C65722F6C6C5F73772F756C6CAA
:10DA20005F6C6C63705F72656D6F74652E63000070
:10DA300008020B020A0305020000000000000000BB
:10DA400002020000060200000403000002010903B4
:10DA500000000000010300000000000007030000B8
:10DA60000000030100000000574553545F544F501D
:10DA70004449522F7A65706879722F737562737991
:10DA8000732F626C7565746F6F74682F636F6E743B
:10DA9000726F6C6C65722F6C6C5F73772F756C6C2A
:10DAA0005F7065726970686572616C2E630000005A
:10DAB0007469636B65725F737461747573203D3D47
:10DAC0002030000073746174757320213D20312073
:10DAD0007C7C20706172616D203D3D20756C6C5FB7
:10DAE00064697361626C655F6D61726B5F676574B9
:10DAF00028290000574553545F544F504449522F32
:10DB00007A65706879722F7375627379732F626C9E
:10DB10007565746F6F74682F636F6E74726F6C6C61
:10DB200065722F6C6C5F73772F756C6C5F63656EBD
:10DB30007472616C2E6300007363616E00000000FC
:10DB4000574553545F544F504449522F7A6570687B
:10DB500079722F7375627379732F626C7565746F48
:10DB60006F74682F636F6E74726F6C6C65722F6C5C
:10DB70006C5F73772F756C6C5F73636865642E637D
:10DB800000000000737563636573730072657472DF
:10DB900079000000574553545F544F504449522F69
:10DBA0007A65706879722F7375627379732F626CFE
:10DBB0007565746F6F74682F636F6E74726F6C6CC1
:10DBC00065722F6C6C5F73772F756C6C5F66696C18
:10DBD0007465722E63000000726C5F696478203C8B
:10DBE00020380000726C5B726C5F6964785D2E7423
:10DBF000616B656E00000000726C5B726C5F696443
:10DC0000785D2E727061735F7265616479000000E7
:10DC10006465766D617463685F6964203C202828C0
:10DC200073697A655F742920282828696E74292011
:10DC300073697A656F6628636861725B31202D2095
:10DC400032202A202128215F5F6275696C74696E19
:10DC50005F74797065735F636F6D70617469626C16
:10DC6000655F70285F5F747970656F665F5F2866B7
:10DC7000616C292C205F5F747970656F665F5F2827
:10DC8000262866616C295B305D2929295D29202DB4
:10DC9000203129202B202873697A656F66286661F8
:10DCA0006C29202F2073697A656F66282866616C5D
:10DCB000295B305D292929290000000066616C5B21
:10DCC0006465766D617463685F69645D2E74616B11
:10DCD000656E00006465766D617463685F696420D9
:10DCE0003C20282873697A655F74292028282869D0
:10DCF0006E74292073697A656F6628636861725B48
:10DD000031202D2032202A202128215F5F62756971
:10DD10006C74696E5F74797065735F636F6D706149
:10DD20007469626C655F70285F5F747970656F6697
:10DD30005F5F28726C292C205F5F747970656F6655
:10DD40005F5F282628726C295B305D2929295D29AF
:10DD5000202D203129202B202873697A656F6628B1
:10DD6000726C29202F2073697A656F662828726C7F
:10DD7000295B305D2929292900000000726C5B694C
:10DD80005D2E74616B656E0069726B6D61746368A2
:10DD90005F6964203C20706565725F69726B5F63C8
:10DDA0006F756E740000000069203C203800000090
:10DDB000574553545F544F504449522F7A65706809
:10DDC00079722F7375627379732F626C7565746FD6
:10DDD0006F74682F636F6E74726F6C6C65722F6CEA
:10DDE0006C5F73772F6E6F726469632F6C6C6C2F2E
:10DDF0006C6C6C2E63000000707265656D70745FF2
:10DE0000726571203D3D20707265656D70745F6153
:10DE1000636B0000707265656D70745F737461721E
:10DE2000745F72657120213D20707265656D70743C
:10DE30005F73746172745F61636B0000707265651B
:10DE40006D70745F73746F705F72657120213D2017
:10DE5000707265656D70745F73746F705F61636B12
:10DE600000000000707265656D70745F72657120EE
:10DE7000213D20707265656D70745F61636B000099
:10DE8000707265656D70745F61636B20213D2070F9
:10DE90007265656D70745F726571000072656164B2
:10DEA000792D3E707265706172655F706172616D2F
:10DEB0002E706172616D203D3D20706172616D0058
:10DEC0006974657200000000657272203D3D202D6E
:10DED0003134300021706172616D00002170617217
:10DEE000616D207C7C206E65787400006576656EBF
:10DEF000742E637572722E61626F72745F6362005A
:10DF00006576646F6E650000657272203E3D20305C
:10DF1000000000006E6578740000000021726561E9
:10DF20006479207C7C202672656164792D3E707254
:10DF300065706172655F706172616D203D3D20703A
:10DF40007265706172655F706172616D00000000E2
:10DF5000F401FA00960064004B0032001E00140029
:10DF6000574553545F544F504449522F7A65706857
:10DF700079722F7375627379732F626C7565746F24
:10DF80006F74682F636F6E74726F6C6C65722F6C38
:10DF90006C5F73772F6E6F726469632F6C6C6C2F7C
:10DFA0006C6C6C5F6164762E630000006E6F64655C
:10DFB0005F72780021726164696F5F69735F726577
:10DFC0006164792829000000700000006368616EB8
:10DFD00000000000706475007363616E5F706475AB
:10DFE000000000000925733A2041637475616C20BC
:10DFF0004556454E545F4F564552484541445F5340
:10E00000544152545F5553203D2025750A000000AD
:10E01000707265706172655F6362000057455354AA
:10E020005F544F504449522F7A65706879722F734C
:10E0300075627379732F626C7565746F6F74682F76
:10E04000636F6E74726F6C6C65722F6C6C5F73773C
:10E050002F6E6F726469632F6C6C6C2F6C6C6C5FCD
:10E060007363616E2E630000636F6D6D6F6E5F7022
:10E070007265706172655F636200000057455354BA
:10E080005F544F504449522F7A65706879722F73EC
:10E0900075627379732F626C7565746F6F74682F16
:10E0A000636F6E74726F6C6C65722F6C6C5F7377DC
:10E0B0002F6E6F726469632F6C6C6C2F6C6C6C5F6D
:10E0C000636F6E6E2E63000021726164696F5F6919
:10E0D000735F61646472657373282900646F6E6591
:10E0E000000000006C6C6C2D3E68616E646C6520F5
:10E0F000213D20307846464646000000574553549F
:10E100005F544F504449522F7A65706879722F736B
:10E1100075627379732F626C7565746F6F74682F95
:10E12000636F6E74726F6C6C65722F6C6C5F73775B
:10E130002F6E6F726469632F6C6C6C2F6C6C6C5FEC
:10E140007065726970686572616C2E630000000012
:10E15000707265706172655F636200005745535469
:10E160005F544F504449522F7A65706879722F730B
:10E1700075627379732F626C7565746F6F74682F35
:10E18000636F6E74726F6C6C65722F6C6C5F7377FB
:10E190002F6E6F726469632F6C6C6C2F6C6C6C5F8C
:10E1A00063656E7472616C2E63000000707265703E
:10E1B0006172655F63620000574553545F544F506E
:10E1C0004449522F7A65706879722F73756273793A
:10E1D000732F626C7565746F6F74682F636F6E74E4
:10E1E000726F6C6C65722F6C6C5F73772F6E6F72D1
:10E1F0006469632F68616C2F6E7266352F636E746D
:10E20000722E63005F726566636F756E7400000046
:10E21000574553545F544F504449522F7A657068A4
:10E2200079722F7375627379732F626C7565746F71
:10E230006F74682F636F6E74726F6C6C65722F6C85
:10E240006C5F73772F6E6F726469632F68616C2FD8
:10E250006E7266352F6D6179666C792E63000000F1
:10E26000574553545F544F504449522F7A65706854
:10E2700079722F7375627379732F626C7565746F21
:10E280006F74682F636F6E74726F6C6C65722F6C35
:10E290006C5F73772F6E6F726469632F68616C2F88
:10E2A0006E7266352F7469636B65722E63000000B1
:10E2B000757365725F6964203C2073697A656F6667
:10E2C0002863616C6C65725F69645F6C75742900AA
:10E2D00063616C6C65725F696420213D20300000D1
:10E2E00001030405574553545F544F504449522F7E
:10E2F0007A65706879722F7375627379732F626CA7
:10E300007565746F6F74682F636F6E74726F6C6C69
:10E3100065722F6C6C5F73772F6E6F726469632FF9
:10E3200068616C2F6E7266352F6563622E63000024
:10E330006D5F01013D5F010100000000C56001014A
:10E34000B15F010117AE01011DAE0101FFFF000029
:10E3500000088C41000000000100000000A0004106
:10E3600000000000FFFFFFFF00058C4100000000DF
:10E370000000000000A0004100000000003001414A
:10E380000100000000000000A0E301010000D60130
:10E39000000000000000000088600021876000216C
:10E3A00000300141ACE3010101000000B4E30101D0
:10E3B00004000000210000002500000220060001EA
:10E3C000240600034AE501015DE5010170E5010154
:10E3D00083E5010196E50101A9E50101BCE5010123
:10E3E000CFE5010154C9010154C901018CC90101E2
:10E3F00094C90101BCC90101BCC9010161E6010167
:10E4000000010000000000004843492069706320BB
:10E410005458006E72665F62745F68636900697069
:10E42000633000464C4153485F30005352414D5FCA
:10E43000300000FFFFFFFFFFFF01040002000000AB
:10E4400002000000000000000500000000000000C5
:10E45000000000000000000005574553545F544F72
:10E46000504449522F7A65706879722F73756273C0
:10E4700079732F626C7565746F6F74682F686F7332
:10E48000742F6863695F636F6D6D6F6E2E630062DA
:10E49000756600415353455254494F4E20464149F9
:10E4A0004C205B25735D20402025733A25640A00CB
:10E4B000636C6F636B403431303035303030007214
:10E4C000616E646F6D403431303039303030006708
:10E4D00070696F40343138633038303000677069AC
:10E4E0006F403431386330353030006D626F7840C2
:10E4F000343130313230303000000102030405067F
:10E50000070B756172744034313031333030300074
:10E5100000000001010000000020303030303030B9
:10E5200030303030303030300001756E72656769E0
:10E53000737465726564202573206275730A0067C1
:10E54000656E65726963002573006D6574616C3A70
:10E5500020656D657267656E63793A20006D65743C
:10E56000616C3A20616C6572743A20202020200092
:10E570006D6574616C3A20637269746963616C3AA9
:10E580002020006D6574616C3A206572726F723A7A
:10E590002020202020006D6574616C3A2077617224
:10E5A0006E696E673A202020006D6574616C3A20B8
:10E5B0006E6F746963653A20202020006D65746178
:10E5C0006C3A20696E666F3A202020202020006D72
:10E5D0006574616C3A2064656275673A202020207A
:10E5E000200025733A2066726565696E67206E6F3C
:10E5F0006E2D656D707479207669727471756575AC
:10E60000650D0A00756E65787065637465642062D7
:10E6100075666665722068656C6420636F756E74DC
:10E6200065720D0A0072785F76710074785F76719A
:10E63000004E53006D61696E002A2A2A20426F6FD6
:10E6400074696E67205A6570687972204F53206232
:10E6500075696C642076342E322E30202A2A2A0ADC
:10E6600000737973776F726B7100286E756C6C290B
:0CE67000002A666C6F61742A0000000034
:10E67C001F00000000000000FFFFFFFFFF1F000055
:10E68C0013E40101000000006131000100000000F2
:10E69C009931000100000000000000003FA30101BF
:10E6AC000100000000000720000001005CCA01010D
:10E6BC00010000005CCA0101000000000200000023
:10E6CC00000000000000000000020000000000003C
:10E6DC004FAB010100000000000000009CCA0101CA
:10E6EC00000000007426002100000000E97C0001FD
:10E6FC00000000007C26002100000000E56C0001F9
:10E70C00000000008426002100000000C529010142
:10E71C00000000008C260021000000002969000187
:10E72C0000000000000000000000000000010000DC
:10E73C00883A0021000000000000000000000000EA
:10E74C0000020000B03A00210000000000000000B0
:10E75C000000000000040000983A002100000000B6
:10E76C00883B002100000000493601010000000038
:10E77C00A03B002100000000C529010100000000A1
:10E78C00A83B002100000000959E00010000000045
:10E79C00283C002100000000553E01010000000053
:10E7AC004C3C00210000000021AB000100000000E7
:10E7BC00543C002100000000C529010100000000AC
:10E7CC005C3C002100000000C1AC00010000000016
:10E7DC00643C00210000000029BA00010000000088
:10E7EC0048420021000000004847002100000000C2
:10E7FC00484C002100000000485700210000000098
:10E80C00CD4A01010000000060570021000000000B
:10E81C004D4B010100000000245A002100000000B3
:10E82C00C126010100000000505A00210000000028
:10E83C00C529010100000000245B0021000000003C
:10E84C00C5290101000000002C5B00210000000024
:10E85C00B1210001000000007C5E002100000000DE
:10E86C002D59000100000000745E00210000000022
:10E87C002D590001000000006C5E0021000000001A
:10E88C00A955000100000000645E0021000000009A
:10E89C002D590001000000005C5E0021000000000A
:10E8AC00A955000100000000545E0021000000008A
:10E8BC002D590001FFFF0000FFFF000000F0004198
:10E8CC00000000009700FFFF0F0000009700FFFF03
:10E8DC000F0000000000000000000000000000001D
:10E8EC00000000000000000000000000000000001C
:10E8FC00000000000000000000000000000000000C
:10E90C0000000000000000000000000000000000FB
:10E91C0000000000000000000000000000000000EB
:10E92C0000000000000000000000000000000000DB
:10E93C0000000000000000000000000000000000CB
:10E94C000000000008000000FF00000000000000B4
:10E95C0003000000000000003FE501010000000082
:10E96C00817C01010000000000000000000000009C
:10E97C00000000000000000000000000000000008B
:10E98C000000000090020000180300211803002171
:08E99C002003002120030021EB
:10E9A4000000000000000000000000000000000063
:10E9B400000000001077002100100000000000009B
:04E9C400000000004F
:10E9C8004C0300214C03002100000000010000005E
:08E9D8005C0300215C03002137
:10E9E00000000000000000006C0300216C03002107
:10E9F00074030021740300210000000000000000E7
:10EA000084030021840300218C0300218C03002156
:10EA100000000000000000009C0300219C03002176
:10EA2000A4030021A4030021070007000000000048
:10EA300000000000F0CC0101F0890021000000007E
:10EA400000000000C8030021C8030021D0030021FA
:10EA5000D00300210B000B000000000000000000AC
:10EA600000CD0101908D0021000000000000000099
:10EA7000F4030021F4030021FC030021FC03002126
:10EA80000A000A0000000000F548000110CD010155
:04EA90006091002170
:04EA940015E015E094
:0400000501003E2D8B
:00000001FF
