:020000040000FA
:10000000F02B00209D0E00004D7D0000890E0000A9
:10001000890E0000890E0000890E0000890E000084
:10002000000000000000000000000000610F000060
:10003000890E000000000000010F0000890E000082
:100040000111000001110000011100000111000068
:100050000111000001110000011100000111000058
:100060000111000001110000011100000111000048
:100070000111000001110000011100000111000038
:100080000111000001110000011100000111000028
:100090000111000001110000011100000111000018
:1000A0000111000001110000011100000111000008
:1000B00001110000011100000111000001110000F8
:1000C00001110000011100000111000001110000E8
:1000D00001110000011100000111000001110000D8
:1000E00001110000011100000111000001110000C8
:1000F00001110000011100000111000001110000B8
:1001000001110000011100000111000001110000A7
:100110000111000001110000011100000111000097
:100120000111000001110000011100000111000087
:100130000111000001110000011100000111000077
:100140000111000001110000011100000111000067
:100150000111000010F8012B11F8013B012A28BF02
:100160009A42F7D0D01A7047034611F8012B03F8D2
:10017000012B002AF9D1704770B51E469AB0212292
:1001800004460D4611A8002109F06DFC364A3046A0
:10019000136836490133136011AA07F018FF9DF860
:1001A0006430002B31D0324911A8FFF7D3FF00286B
:1001B00039D1304A06AE1368013313602378032B1C
:1001C0002BD8DFE803F0022426282B493046FFF71E
:1001D000CBFF059663781E210493A378274A0393E7
:1001E000E37809A802932379019363790093A379B3
:1001F00006F054FD2A46224809AB11A907F02DFA52
:100200002048402183685B6998471AB070BD1E4939
:10021000DCE71E49DAE71E49D8E70A2130461D4AC5
:1002200006F03CFDD5E709F048FB4FF47A7340F245
:10023000D176A0FB030403FB0144174AC30B43EA36
:100240004443E00BD2E900411C1B60EB0101B442C6
:1002500071F10001D9DBC2E9003011A92A460F482B
:1002600007F0FBF9D1E700BFDC090020A77100000F
:1002700024A20000D80900202FA2000058A20000EC
:100280007BA200005C9C000036A200003DA20000A2
:1002900047A2000051A20000500300208CA20000E1
:1002A0007FB51E4C204609F04FF858B12269A1686D
:1002B0001368204623F0400313600B684FF4C022FC
:1002C000062198471649174A174807F0C6F9002033
:1002D00002F068F8014628B1144807F0BEF9002082
:1002E00004B070BD3023124A1249039001A8CDE931
:1002F000012302F039FE014668B90F4E0F4D104C34
:1003000000214FF4004009F04CFA20463268296879
:1003100007F0A3F9F4E70B48DFE700BF5C9C00009F
:1003200098A2000024A200009CA20000AFA200003E
:100330000100600079010000D8090020DC090020DC
:10034000D8A20000C3A20000014B1B68184700BFE1
:10035000E8000020014B1860704700BFE800002053
:1003600030B585B004460D4610220021684609F0DC
:100370007AFB02238DF80230044B2A462146684658
:10038000019306F0B5FC05B030BD00BF4903000085
:1003900080B505460E461746984606F093F9034683
:1003A00009F006FC0446DFF81890424649F8003090
:1003B00039463046A84754F8090000F08BFD00BFCD
:1003C000080000002DE9F047058B044628079046F9
:1003D00011D4022905F0070540F0CC80204607F033
:1003E00056F978B10138218B042811D8DFE800F0E4
:1003F000C2106D85950001290CBF45F0100545F030
:100400002005258388F31188BFF36F8FBDE8F0873F
:1004100001F0070AAA4500F0A5800027B9463E462C
:10042000A368002B00F0BC8041F00801218388F311
:100430001188BFF36F8FA168002900F0BA800D68A2
:10044000002900F0B680334652462046D1F8048099
:10045000C047002D76D02B6829461D46F0E701F0F5
:1004600007035A1F012A1BD8002221F00701062B7F
:10047000276889B2C4E9002209D13B4603E0628BB8
:10048000013262831B68002BF9D141F00201204642
:10049000218307F0FCF800287AD041F0200176E0B3
:1004A000042B0AD121F0070189B22046218307F0ED
:1004B000EEF810B141F020012183218B01F0070AF1
:1004C000AA454FD00027B946AAE7236921F00701C2
:1004D00041F00601062DD3F8009021832DD1B9F10A
:1004E000000F3FD041F00801218388F31188BFF34A
:1004F0006F8F20463949C84729E021F00701236959
:1005000041F0040189B2042DD3F804902183E6D090
:1005100000274FF0040A3E4682E721F007012369D5
:1005200041F0050189B2052DD3F808902183D6D07A
:1005300000274FF0050A3E4672E700274FF0060AF3
:100540003E466DE72B4687E7B9F1000FD1D1EFF3B7
:100550001188202383F31288BFF36F8F238B23F03E
:1005600008032383258BEA062ED525F01003238369
:1005700005F007056669218B002EBFF670AF0023DA
:100580002768C4E9003321F0070141F0010121830C
:10059000218B4FF0000901F0070AAA457FF440AF14
:1005A000002F9CD041F00801218388F31188BFF30C
:1005B0006F8F002FC8D03D683946334652462046DB
:1005C00007F091F82F46F4E7AB067FF51BAF25F057
:1005D0002003238305F0070500E700BF1377000021
:1005E000034A13680BB9526813600020704700BFBC
:1005F000EC00002030B50C460E4985B00291D0F8D1
:10060000D4110546CDE9003100F1F0014FF0FF3380
:10061000204604F04BFE50B9012384F86C30D5F825
:10062000D03123B1204605B0BDE83040184705B0B1
:1006300030BD00BF557A000038B50C46114605465E
:1006400007F00AFA034638B92846044907F004FAC5
:1006500003460020236038BD0120FBE7BFA5000052
:100660002DE9F04F012381460569466889B005F5FB
:100670005D77D7E8EF2F002A03D1C7E8E13F0029D3
:10068000F7D10CBF1A46002240F0B180B368B16ABE
:1006900005F5F8781C1F104607F065FA84426FD8FC
:1006A000013A00F09E80B2FA82F24FF00044D4404A
:1006B00072682046073222F00302C5F83C22B16A74
:1006C00007F051FAC5F84002B36A4046634303336A
:1006D00023F0030302EB4302230103EB440309333A
:1006E00023F0030303EBC403C5F834221A44083291
:1006F000C5F830227368C5F83842C5F82C323D4B36
:10070000C5E9AD63316800F0E5F90446002835D14C
:10071000D9F810B0D9F804A0D9F800300BF5347925
:10072000CDE9060005934846DAE90734012B08BFF6
:10073000103C08F091FFDAF824002F4905AB01EBDB
:1007400080214FF4806248460093234605F03CFC2C
:100750002A490BF5307008F038FFDAE905018368A3
:100760005C684CB15B46264AA047044630B9DAE9DA
:10077000050183681B692BB96FF05704002129E03C
:10078000013288E70122984704460028F6D11D4B24
:100790002846C5F8D0311C4BC5F8D4311B4B039308
:1007A000D5F840320293D5F83C32CDE9008305F507
:1007B0001173B26AD5F8701300F054F9044600289A
:1007C000DCD105F1F00004F017FE0028C5F878032D
:1007D0000ADB0221384607F073F9204609B0BDE86C
:1007E000F08F6FF00B04C9E76FF01504C6E76FF0E8
:1007F0007704F2E7AB7A000000120020917A000043
:10080000857A0000110800003D7C0000F17A0000AC
:1008100013B5044640B100230122CDE90032074B55
:10082000D0E9091204F016FD236F1B6823B1606F35
:1008300002B0BDE81040184702B010BDBFA50000CF
:1008400013B504460846216901F55D71D1E8AF1F73
:10085000022910D193B1A0B10121CDE90031134695
:10086000D0E9091204F0F6FC074B984208BF6FF07C
:100870000B0002B010BD6FF00F00FAE76FF04C00F4
:10088000F7E76FF00100F4E72EF8FFFF2DE9F347DB
:1008900089461546066906F55D73D3E8AF3F022B1E
:1008A00064D1136823B96FF0150002B0BDE8F0877A
:1008B0001B78002BF7D0D6F870A3BAF1000F36D111
:1008C00006F5EC774FF0FF324FF0FF33384605F076
:1008D000C7F830462A6801A9FFF7AEFE019C8046A2
:1008E0001CB9384607F0EAF8DDE705F1080323678D
:1008F000AB6984F86CA06367646460B1384607F044
:10090000DDF821463046A36E2A68FFF773FE00200B
:10091000C9F80040C9E71F22296804F1480009F01E
:10092000CCF8384684F8678007F0C8F8EFE730461F
:10093000104907F091F804460028B4D0002705F1CB
:1009400008030367AB6980F86C70436740641F223B
:100950002968483009F0B1F822460121304684F870
:10096000677000F061F80028D1D09CE76FF00F00AD
:100970009BE700BFBFA5000010B50C46006900F55D
:100980005D73D3E8AF3F022B0FD189B10A4900F55F
:10099000307008F046FE204608F0FFF9782200216A
:1009A000204609F060F8002010BD6FF00F00FBE753
:1009B0006FF00100F8E700BFE00900202DE9F04FDB
:1009C00005460E4690460027D0F8C4A085B0AAF58B
:1009D000BE7421463046FFF7BDFBE0B9114BA4F1D0
:1009E000480B0293DAF810303246CDE900832946ED
:1009F0004FF0FF335846AAF5E27904F057FC60B98E
:100A00007823012203FB079383F86C20DAF80C307B
:100A10000BB158469847783417B105B0BDE8F08F50
:100A20000127D6E76B7C00001FB5144690B18AB150
:100A3000012912D10A4B00F1F0010293D0F8D43110
:100A4000483201934FF0FF332046009304F02EFC10
:100A500004B010BD6FF01500FAE70020F8E700BF02
:100A60006B7C00002DE9F04387B00E46DDE90E8176
:100A70001446DDE910251F4630B329B3DFF850C016
:100A800000F1F009002D08BF65469EB9CDE9034489
:100A900000F5E2742046059608F017FC03ABCDE99B
:100AA00000432A463B464146484604F01FFD07B036
:100AB000BDE8F083002241460E9248462A4607B020
:100AC000BDE8F04304F068BE6FF01500EFE700BF2B
:100AD000BD090000F0B504462B4A87B004AB0E46B2
:100AE00092E8030083E80300002C49D0184604F084
:100AF0000DFA0546B0B94FF0FF33E16C04F154072D
:100B0000A163CDE9010000933846236D04F138025A
:100B100007F0B3FDA06C07F0D7F8C4F8BC0020B90B
:100B20006FF00B05284607B0F0BDA06C07F0CCF8BD
:100B3000C4F8C0000028F3D0236CD4F8BC10C4F86B
:100B400090300423C4F89430C4F8AC300223E3623C
:100B50000E4BB4F84820C4F88C10616C236204F189
:100B60008C03C4F8A070A4F89820C4F8B870C4F836
:100B7000A810A4F8B020C4F8A400A6612363D1E7AC
:100B80006FF01505CEE700BFE09F000034A0000025
:100B9000014B03600020704760A0000030BFFFF7EA
:100BA000FDBF00BF2DE9F04105460B4EDFF82C805C
:100BB000324606EB0807CC1B2046094908F046FFE1
:100BC000A01942460021083C08F04DFF6C6707F170
:100BD0000800BDE8F08100BF000000000400000034
:100BE000D89F0000054B5A699B689A421FBF044A70
:100BF000536843F080535360704700BFD01000200B
:100C000000ED00E0154B9A6A12F0007F9A6A14BF5B
:100C10001E201D2012F0807F9A6A18BF1F2012F438
:100C2000801F9A6A18BF022012F4002F9A6A18BF18
:100C3000212012F4802F9A6A18BF222012F4003F5C
:100C40009A6A18BF232012F4803F9A6A18BF2420A2
:100C50006FEA02426FEA12429A62704700ED00E0CA
:100C600010B5194B0246986A9C6A10F4805F14BF55
:100C70001720162014F4006F9C6A18BF1820A405D2
:100C800009D5986B986A000404D51AB19A6A22F4BF
:100C900000429A6219200C4B9A6A12F4806F9A6A89
:100CA00018BF1A20D2050CD49B6A13F4005F18BF3A
:100CB0001C20054A936A43F47F43936200230B7020
:100CC00010BD1B20F5E700BF00ED00E010B51C4B88
:100CD0000246986A9C6A10F0100F14BF1120102071
:100CE00014F0080F9C6A18BF1220A40709D5586B8E
:100CF000986A000604D51AB19A6A22F080029A62B4
:100D000013200F4B9A6A12F0010F9A6A18BF142031
:100D100012F0200F9A6A18BF1520D40658BF9B6A9C
:100D2000074B9A6A920642BF5A6A22F400525A62EC
:100D30009A6A42F0FF029A6200230B7010BD00BF56
:100D400000ED00E0F0B5474B04465B6800258BB032
:100D5000C3F3080385F31188BFF36F8F02F07F4060
:100D6000B0F17F4F11D102F00C0008280DD0100710
:100D70004CBF0C4601250022033B8DF80720032BB6
:100D800005D8DFE803F02462665F2C46F3E7002312
:100D90009DF80720CAB902AE04F120073246206848
:100DA0006168083403C2BC421646F7D1099A002D87
:100DB00053D0C2F3080121B96FEA52226FEA4222EE
:100DC0000992184602A906F0B7FF0BB0F0BD254BFB
:100DD000DA6A9107DBD4DA6A002AD8DBDA6A5200D1
:100DE000D5D55A69A16942F480725A61BFF34F8F19
:100DF000BFF36F8F5A6931F8021C22F480725A6176
:100E0000BFF34F8FBFF36F8F4DF60272914209D03F
:100E10009A6AD2B242B101200DF10701FFF756FFE5
:100E20000346B5E72368B3E79A6A12F47F4F05D00B
:100E300001200DF10701FFF713FFF1E79B6AB3F5FE
:100E4000803FA4D3FFF7DEFEEAE700200DF10701A3
:100E5000E4E700200DF10701EDE722F4FF7222F034
:100E60000102ADE700ED00E0064B5A6942F01002C6
:100E70005A615A6942F480625A615A6922F0080242
:100E80005A61704700ED00E0EFF30880EFF309814D
:100E900001B57246FFF756FF01BD00BF0B4880F356
:100EA000088803F0DDF8202080F3118808484FF40B
:100EB0000061401880F30988EFF314800221084391
:100EC00080F31488BFF36F8F00F0B0F8F02B002090
:100ED000B01A0020084B9B6883420BD1EFF30583C7
:100EE00043B1064B5A6842F080525A605A6A22F463
:100EF00000425A6205F0ECBBD010002000ED00E08B
:100F000014498A684FF030001044EFF3098C80E8F0
:100F1000F01F202080F31288BFF36F8F0E4F4FF029
:100F200000664A698A603E60506F0C4C2060906F8A
:100F30000023936780F3118802F1300090E8F01FDE
:100F40008CF3098802F1000004B506F00AFFBDE841
:100F500004407047D010002004ED00E0080A002093
:100F60001EF0040F0CBFEFF30880EFF309808169D6
:100F700011F8021C0229FFD001B5724606F0E2FE0C
:100F800001BD00BF40B2002807DB01234109034A2D
:100F900000F01F00834042F82130704700E100E07C
:100FA00040B200280CDB01220649430900F01F0073
:100FB0008240203341F82320BFF34F8FBFF36F8F60
:100FC000704700BF00E100E0054B420953F82220C2
:100FD000012300F01F0003FA00F01040704700BF2B
:100FE00000E100E040B2002801F10101ACBF00F1D6
:100FF0006040064B4FEA4111C9B2ABBF00F56140FA
:1010000000F00F0080F800131954704714ED00E051
:10101000044B054A23F07F039360BFF34F8FBFF368
:101020006F8F70470000000000ED00E008B5FFF78B
:10103000EFFF0B4AD2F8883023F47003C2F88830EF
:10104000EFF3148323F0040383F31488BFF36F8F4B
:1010500004F04AFC05F070FC00F046F804F084FC53
:1010600000ED00E042F8203C009B0B4942F81C3C9C
:10107000019B21F0010142F8183C029B42F8081C38
:1010800042F8143C4FF0807342F8043C0023203AAD
:1010900002658367704700BF9103000000B50D4BE8
:1010A00015469860426F0C4B0E461A60436E83F3F0
:1010B0000B882C4686F309880020044B984720466D
:1010C000002100220023024C204700006B7D00001D
:1010D00091030000D0100020080A00201022014BCC
:1010E0001A61704700ED00E0002320210348C21878
:1010F0000133452B82F80013F9D1704700E100E07D
:1011000008B5EFF30583064A103B02EBC30152F822
:10111000330049688847BDE80840FFF763BD00BF5A
:101120003C9D00001FB5094C094A2346012109488E
:1011300000F0FAF800230393074B0121E41A01A8F9
:101140000193029400F0FAF804B010BD00000720EB
:101150000000002060A000005003002010B50C7AB1
:101160000B6804F01F0223F01F031A43CB686409C5
:1011700023F01F03054943EA440343F00103C1F888
:101180009800C1F89C20C1F8A03010BD00ED00E02F
:1011900010B5074BD3F89030C3F30723013B9842B7
:1011A00002D8FFF7DBFF10BD6FF01500FBE700BFB3
:1011B00000ED00E02DE9F04F0F46144606464FF0D3
:1011C00000084D4D85B0B84580F29280D6F8049065
:1011D000B9F1000F36D0B9F11F0F40F2878019F036
:1011E0001F0F40F08380D6F800A01AF01F0F7DD1AA
:1011F000504606F0F6FD834609EB0A00013806F07A
:10120000F0FD834572D11BF1160F6FD05C456DDD8B
:10121000C5F898B0D5F89C10C5F898B0D5F8A030AE
:1012200021F01F0143F01F0AD6E900321A44994207
:1012300002F1FF391ED1CA4508D131465FFA8BF061
:1012400006F0D8FD08F101080C36BCE73146C5F8B8
:1012500098B0D5F89C3022F01F0203F01F0313430F
:10126000C5F89C30E0B206F0C5FD10F1160F3DD078
:10127000441CE7E7C5F898B0D5F8A020013B23F05F
:101280001F0302F01F021343CA453146E0B2C5F8FE
:10129000A030E8D006F0AEFD10F1160F26D0C5F84C
:1012A00098B0D5F89C209DF808300AF1FF3A62F317
:1012B00004038DF80830D5F8A0309DF808205B08AD
:1012C00063F347128DF80820D6E9003213440093E7
:1012D00023F01F035344A3EB0903013023F01F0342
:1012E0006946C0B20393FFF753FFBEE76FF01504E2
:1012F000204605B0BDE8F08F00ED00E00522044B6C
:10130000C3F89420BFF34F8FBFF36F8F704700BFB8
:1013100000ED00E0BFF35F8F0022024BC3F8942082
:10132000704700BF00ED00E010B5034C2278FFF7D6
:1013300041FF207010BD00BF041100202DE9F74FC0
:10134000294D8A4606464FF00008AB46274FD04548
:101350001BDAD6F80490B9F1000F3FD03168084687
:10136000019106F03EFD0199044609EB01000138A8
:1013700006F037FD84424FF014021D4B08D002FBEB
:1013800008F36FF015024BF8032003B0BDE8F08FAF
:1013900014F1160F2C60F8D01978A142F5DD02FB8C
:1013A00008B0C7F89840C7F89840D7F89C4000F1BB
:1013B0000801007B64F304000871D7F8A0000C79E1
:1013C000400860F347140C71D7F89C1021F01F01FE
:1013D0006960D7F8A01021F01F01296108F1010808
:1013E00014350C36B3E700BF0C0A002000ED00E016
:1013F00004110020F0B54149414CD1F890302568E6
:10140000C3F307239D4287B075D80020FFF782FF02
:101410003C4BC1F8C030854216D13B4C01A8257029
:10142000FFF7B6FB00250646384FAE4213D1002029
:1014300023783249D1F89020C2F30722934254DB3B
:10144000FFF75CFF00202FE0616801EB0011FFF760
:1014500085FE0130DFE70199280101EB0513DA6809
:101460003A40B2F5001F21D0B2F5800F2BD0B2F573
:10147000801F38D15A689B680958013B22F01F0031
:1014800003440120844623F01F0340EA4C10CDE9B9
:1014900002218DF8100002A920780593FFF778FE4D
:1014A00000281DDA6FF0150007B0F0BD5A689B6880
:1014B0000958013B22F01F0003444FF0020C0120A9
:1014C00023F01F03E1E75A689B680958013B22F0AB
:1014D0001F0003444FF0000C062023F01F03D4E745
:1014E00023780133237001359FE7C1F89830C1F8A4
:1014F000A00001339EE74FF0FF30D5E700ED00E09C
:101500006CA00000AAFF4400041100200000F0FFBE
:1015100008B5024B1B689847002008BD200A002030
:10152000034B044A1860937843F0020393707047AA
:10153000200A00201801002008B50649064821F0BD
:101540000701C1F1005202F5E02206F02CF800205C
:1015500008BD00BF5B520020240A002070B541691D
:101560000446867A0A4D59B1437ADB0706D42C2308
:1015700003FB06535B6A1B689B6898470023636103
:101580002C20214606FB0050BDE8704007F0ECBF60
:10159000A00200202C22024B02FB0030704700BF4B
:1015A000A00200202C21827A054B01FB02339A6AAB
:1015B0001B7F801A1B3323F00303B0FBF3F070474B
:1015C000A002002038B52C24827A064B04FB02339B
:1015D0005B6AD3E901240C601568FFF7E3FF04FBA5
:1015E000005038BDA00200202DE9F04385B005462B
:1015F000684690461C46039108F061F9DDE90067F2
:10160000EFF31189202383F31288BFF36F8F6B8B65
:10161000002B41D02A8B9A4225D90022002328464C
:1016200004F0E6FA0446F0B189F31188BFF36F8F36
:10163000039B002B41D032463B46684608F064F9D4
:101640002C21A27A254B204601FB02335B6A03A9B9
:101650001B681D68DDE90023A847606170BB204658
:10166000FFF77CFF24E0698B4B1E6B8389F31188A5
:10167000BFF36F8F2B7F2A8BAC6A1B3323F00303DE
:10168000521A02FB0344154B154AEB1A9B105343A5
:10169000A3722B7FE372CBE789F31188BFF36F8FBF
:1016A00023464246284604F0A3FA04460028BFD148
:1016B0000024204605B0BDE8F083636101230025C6
:1016C0002381039B29466382E27A656004F1180056
:1016D00008F0C9F963692582E360EAE7A002002007
:1016E000A38B2EBA70B52C250B4C00B970BD037AB4
:1016F0004668013BDBB20372002BF7D1C360436045
:10170000837A05FB03431B6A13B198473046ECE725
:10171000FFF724FFFAE700BFA0020020054B03EB10
:101720008000D0F8003223F0E04343F04053C0F88B
:101730000032704700258450052370B5144D154EB6
:101740002C780134B4FBF3F303EB8303E41A06F0C3
:10175000FAFE114A137823B156F82430C01A07282C
:1017600014D94FF05023D3F8141141B10021C3F81C
:101770001411D3F814312C700CB9012313702C7888
:1017800006F0E1FE46F82400012070BD0020FCE7D1
:1017900006110020300A002005110020012208B5A2
:1017A0000B4B0C49C3F8002502230020C1F8D036AA
:1017B000FFF7B4FF1046FFF7B1FFC1F80427C1F8E7
:1017C0000429C1F8002BBDE8084000F0BBB800BFF9
:1017D000001000500040005007B50DF1070002F066
:1017E00063FD104B984218D14FF480620E4B0F49A5
:1017F000C3F8B8254FF40062C3F83C259DF80700F4
:1018000006F0ADFE9DF80700094906F0A3FE012091
:101810009DF80730984002F041FD03B05DF804EBFD
:1018200000F0A0B80000AD0B00A002502CA00250A8
:1018300028A1025048B1054B054A1B68B3FBF2F3DF
:101840005843044B43F0010318477047A0010020A0
:1018500040420F0000A00000002170B5104C114D57
:10186000114E000714F8013B03F01F025B090FD073
:10187000012B0FD1334603EB8203D3F80022013151
:1018800022F0E04202430429C3F80022EAD170BDED
:101890002B46F0E70023803253F82230FFDE00BFF2
:1018A000F7A2000000258450002884502DE9F04163
:1018B000064601200D46FFF7CFFF4FF47F03D3F814
:1018C0003021D3F83431072A20D1023B032B02D830
:1018D000114AD35CD3B14FF050244FF001080027D8
:1018E0000520C4F81886C4F8147606F031FE404688
:1018F000C4F8148606F02CFEC4F81476C4F81876E2
:1019000030462B46BDE8F041002118474FF05023E8
:101910000022C3F81426F3E7F3A200001FB500234A
:1019200001930393012369460548029305F011FFD3
:10193000029B9B0708BF039B05B05DF804FB00BF3B
:10194000440A00200149024805F0F0BEA0A00000B2
:10195000440A002008B1FFF7E1BF014805F050BF7D
:10196000440A00201022024BC3F84024FFF7D6BFE0
:101970000030005070B50C4B1968D868D3E901529B
:101980004A4080EA050485EA02065E6082EA452252
:1019900081EA04064FEA745408441E609A60DC60D1
:1019A00001EB706070BD00BF600A002008B50448FC
:1019B00007F0CAFC00280CBF6FF01200002008BD21
:1019C0009C9C00002DE9F341DFF87480044698F8F0
:1019D00000308F0801F0030553B91A481A4E836886
:1019E000102231461B68984790B9012388F80030CF
:1019F00004EB8707A7421ED13DB1FFF7BBFF2A4684
:101A0000019001A9384608F021F802B0BDE8F08144
:101A100006F099FD306006F096FD0C4B4340736074
:101A200006F091FD0A4B4340B36006F08CFD094B74
:101A30004340F360DCE7FFF79DFF44F8040BD9E770
:101A4000071100209C9C0000600A0020B0C2649B2B
:101A5000D4D2D38678E20AA010B50346054882683E
:101A600014688AB21946A0470028B4BF6FF004007A
:101A7000002010BD9C9C000008B506F090FA04F010
:101A80002DFD044B1B680BB10A209847BDE80840A8
:101A900004F038BD700A002038B50446084806F046
:101AA000CDF9054648B1631EDBB21F2B96BF054A30
:101AB0000021D15C0C3006F007FA284638BD00BF83
:101AC000F80200200EA300000E38012810B50AD835
:101AD000094806F0B3F9044618B104210C3006F0A9
:101AE000F3F9204610BD09B10448F2E70220BDE831
:101AF0001040FFF7D1BF00BF24030020A002002048
:101B000008B501F0B3F8064BD3E8AF2F02F00B0293
:101B1000D3E8EF1FC3E8E02F0028F9D108BD00BFCC
:101B20008800002010B5012104460C3006F0EDF9C4
:101B30002146BDE810400023014A007806F07CBA37
:101B40001CA1000010B5012104460C3006F0DDF99F
:101B50002146BDE810400323014A007806F06CBA24
:101B600004A1000038B51E4806F081F9044600289B
:101B700035D000F10C05284606F0CFF9042802D133
:101B8000238A012B0CD82046FFF7ACFD154BD3F868
:101B9000C43023B3BDE838401349144807F031BDC1
:101BA0002846022106F0B1F9037805460E3B012BC9
:101BB0000ED840F60C430E4A0E490F4805F05AFD68
:101BC000002383F31188BFF36F8F0323184602DFCE
:101BD00003232146094A287806F02EFAD3E738BDB8
:101BE000C40000200000002038010020D80600209A
:101BF0002EA3000062A3000090A30000ECA0000050
:101C00002DE9F04788461646824600286AD0002310
:101C1000DFF8D490D9E8EF4FC9E8E23F002AF9D1C4
:101C2000002C5FD02046FFF7BDFC0C232F4D27462C
:101C300003FB0050438853450DD0D9E8EF3FC9E876
:101C4000E27F002AF9D1002B4CD01F463846BDE870
:101C5000F047FFF747BDA64208D0204606F0E9F856
:101C6000328AF16804F10C0006F025F92046FFF7EE
:101C700099FC0C2606FB00504368ABB1B8F1000F8D
:101C800012D12046FFF78EFC012106FB005042686E
:101C9000D2E90003127A03F01F06B1405B09DAB102
:101CA00000EB830006F0B9F92046FFF77BFC0C2619
:101CB00006FB00508368002BC8D02046FFF772FC5B
:101CC000704305F800802046FFF76CFC06FB0055CA
:101CD000A86803F0BFFFB9E7C94300EB830006F033
:101CE000C2F9E1E7BDE8F087C0000020740A0020D7
:101CF00010B5C1E900239DF808300C460B72FFF7C0
:101D000051FC0C22024B02FB00335C6010BD00BF93
:101D1000740A0020F8B502460B46104806F08EF80B
:101D20000446C0B104210C3006F0BBF82046FFF792
:101D300039FC0C2700260A4D07FB00504680204640
:101D4000FFF730FC07FB005086602046FFF72AFCB7
:101D500007FB00556E602046F8BD00BFCC02002096
:101D6000740A00200138C0B202289ABF014B185CE7
:101D70000020704749A40000034B0146D3F8E4005B
:101D800082689268104700BF000000202DE9F041F2
:101D900000F10C060446304606F0C7F8012105465E
:101DA0003046B4F8108006F0A8F8238A012B04D836
:101DB0002046BDE8F041FFF795BC3046022106F011
:101DC000A4F803780646052B22D00E3B012B21D91F
:101DD00041F23603104A1149114805F04BFC00232B
:101DE00083F31188BFF36F8F0323184602DF0227A6
:101DF000022321460B4A307806F01EF9BB07D7D5DF
:101E00006369A4F8108013FA85F5E560BDE8F081F8
:101E10000327EDE70127EBE72EA30000ADA30000A9
:101E200090A30000DCA0000010B50C4604F056FBA7
:101E3000E3681A78042A19D15B78052B0AD00E3B87
:101E4000012B0AD82046FFF7A1FF002404F05AFB1B
:101E5000204610BD2046FFF799FF2146064805F0B1
:101E6000F1FF0649064807F0CCFBEEE72046FFF7F6
:101E700039FC6FF01504E9E7C400002038010020A8
:101E8000D806002008B50421034806F0C6F8BDE8CE
:101E9000084000F0EBBE00BF88000020014804F0BD
:101EA0008DB800BF2801002070B505460C4659B911
:101EB0004FF0FF304FF0FF31FFF72CFF044618B909
:101EC0006FF06805284670BD2046FFF76BFB0C22BB
:101ED000154BA61802FB003330465D8006F025F84E
:101EE00003280BD90321304605F0F6FF0580238A2D
:101EF0000121033B8370304605F0F6FF40F6354381
:101F00009D4208D12046FFF737FF054648B12046DD
:101F1000FFF7E8FBD6E72146044807F01AFBFFF776
:101F2000BDFF0025CEE700BF740A0020CC000020D2
:101F300038B502460B46244DD5F8CC1009B900201F
:101F400038BD05F1A80003F0BFFE0028F7D100223C
:101F5000002305F1CC0003F04BFE044668B940F6BF
:101F60001B431A4A1A491B4805F084FB84F3118865
:101F7000BFF36F8F0323184602DFD5F8C00020B1EE
:101F8000FFF7B0FB0023C5F8C030204605F085FF01
:101F9000C5F8C0002046FFF7EFFE98B10E4803F0E9
:101FA00059FE2046FFF7FEFA0C220C4B1F2102FBC4
:101FB000003022464088FFF723FE2046FFF792FBC1
:101FC000FFF76CFF0120BBE7000000202EA30000FC
:101FD000C6A3000090A30000A8000020740A0020FF
:101FE0002DE9F04F064617460C4687B069B94FF009
:101FF000FF304FF0FF31FFF78DFE044660B96FF000
:102000006805284607B0BDE8F08F887AFFF7C2FA66
:10201000454B834240F0828001220021684607F050
:10202000B1FA2046FFF7BEFA0C23DFF800A103FB4C
:1020300000A0C0F808D0204605F02FFF014630462A
:10204000FFF732FF054618B12046FFF74BFBD8E7F4
:1020500007F0AEFD364B1A58364B9A4220D1DFF8C6
:10206000D8B0364807F08AFA002181464FF4A02004
:10207000FFF75EFF804688B94FF4F9735946304A3E
:10208000304805F0F7FA31462F4805F0F3FA88F3A7
:102090001188BFF36F8F0323184602DF4C45E0D150
:1020A0004FF4A0220023684603F00EFE804698B14C
:1020B0004FF4FC73224A2549224805F0DBFA4246D8
:1020C0003146234805F0D6FA002383F31188BFF385
:1020D0006F8F0323184602DF2046FFF763FA0C23B5
:1020E00058431AF80060AEB12046093EFFF7FAFAED
:1020F000092E0CD8DFE806F0150B0B08050B0B0BAF
:102100000B126FF00B057CE76FF00C0579E76FF0B1
:10211000040576E7002F97D03C6072E76FF0150555
:102120006FE76FF06E056CE7CC020020740A0020A8
:102130000800000098080020CAA30000CC0000207E
:102140002EA3000090A30000D2A30000F2A3000081
:10215000FBA30000F7B5002240F603401146FFF74D
:102160003FFF0446002855D1FFF7CAFC214641F243
:10217000030001AAFFF734FF044600284AD1019A60
:10218000864DD16805F12C03D1F80100D1F8051076
:1021900003C31046FFF7A6FA214641F2010001AA47
:1021A000FFF71EFF0446002834D10198C3685A780F
:1021B00085F824205A88EA841A7985F82520B3F80E
:1021C00007202A85B3F805306B85FFF78BFA214687
:1021D00041F2020001AAFFF703FF0446D0B9019FB4
:1021E00005F13406FA68531C4132344618685968C0
:1021F000083303C493422646F7D13846FFF772FAF4
:1022000005F084FF044628B995F83030580604D408
:102210006FF01204204603B0F0BD214642F20300E5
:1022200001AAFFF7DDFE04460028F3D1019A5C4BBA
:10223000D168D1F80100D1F8051003C31046FFF7AB
:1022400051FA95F83030990619D44FF0FF304FF01D
:10225000FF31FFF75FFD0646002800F09B8002215A
:102260000C3005F022FE01234470224603703146F3
:1022700040F66D40FFF7B4FE04460028CAD195F839
:1022800050301A0712D5002142F21C0001AAFFF7B4
:10229000A7FE04460028BDD10198C368D3F80120E9
:1022A000D3F80530C5E92623FFF71CFA4FF0FF30BD
:1022B0004FF0FF31FFF72EFD044600286AD00821B9
:1022C0000C3005F0F2FD1023002243700227072393
:1022D000214607708370C270027142718271C271AF
:1022E00042F20100FFF77CFE0446002892D14FF035
:1022F000FF304FF0FF31FFF70DFD0646002849D0B3
:1023000008210C3005F0D1FD802343702023047098
:1023100084700471447184712246C770C371314660
:1023200040F60140FFF75CFE044600287FF472AFE0
:10233000014601AA4FF60140FFF752FE044620BBBA
:102340000198FFF7CFF921464FF6024001AAFFF7A7
:1023500047FE0446C8B90198C368B3F80130A5F830
:102360007530FFF7BFF995F875305B070DD521463D
:102370004FF6034001AAFFF733FE30B90198C36856
:102380005B7885F87430FFF7ADF903B0BDE8F04035
:1023900000F032BA6FF068043CE700BF0000002094
:1023A0009000002073B5264D0646D5F8E40006F0EF
:1023B000CBFF00283CD06FF0020105F1880005F04A
:1023C00052FE012105F029FE10EA010433D11D4B14
:1023D0001E600A4605F1A80007F0D4F805F1CC000C
:1023E00007F0ABF8184807F037F96FF007034FF420
:1023F000966216491448009403F0E6FD1449124809
:1024000007F036F9D5F8E400124983681B6898474D
:10241000044628B93EB9FFF79DFE78B9FFF732FDB3
:10242000204602B070BD05F1780003F0C7FDF7E764
:102430006FF01204F4E76FF07704F1E70446EFE77A
:1024400000000020800A0020D8060020001600208E
:1024500040A40000291E000010B5FFF77BFE0446D3
:1024600008B9FFF70FFD044B1B681BB12046BDE800
:102470001040184710BD00BF800A0020F7B5144B6C
:10248000054693F94F300C46002B1DDA14B920464F
:1024900003B0F0BD082C4FF0000142F2180001AA71
:1024A000264628BF0826FFF79BFD0028F0D1019F94
:1024B0003246F9682846013107F0C8FA3846FFF776
:1024C00011F93544A41BE1E76FF08500E0E700BF98
:1024D0000000002038B5044603210C3005F015FD3E
:1024E000E3680578197840F63543B0F80100984262
:1024F0000AD02246FFF784FB35B1044803F0AAFB5B
:10250000BDE83840FFF7CABC38BD00BFA8000020B6
:1025100038B5042104460C3005F0F7FC4578017805
:1025200022464088FFF76CFB35B1044803F092FB6C
:10253000BDE83840FFF7B2BC38BD00BFA80000209E
:10254000F8B506460024094DEF79E3B29F4202D860
:102550006FF0010007E02946304605F097FD07358A
:10256000631C08B12046F8BD1C46EEE700000020C1
:1025700070B5144E06223146044607F07CFAD8B1F5
:102580004FF0FF304FF0FF31FFF7C4FB0546A8B115
:10259000062221460C3005F08EFC0022294642F22C
:1025A0000500FFF71DFD40B93346226843F81D2999
:1025B000A288B28001221A77002070BD6FF06800F7
:1025C000FBE700BF1D00002037B504460D4689B16A
:1025D0002846184905F05AFD60B9174A2968C4EB26
:1025E000C4041151A318AA889A80AA799A7100206C
:1025F00003B030BD684605F0B5FC0028F8D1684648
:10260000FFF79EFF0028F5DA0B4A0098C4EBC404DC
:1026100010519DF80610BDF80400A3189880997118
:10262000002DE4D012592A609A88AA809B79AB7158
:10263000DDE700BFFBA200000000002070B50446EB
:1026400011B16FF0150070BD80B11B4905F01EFD82
:1026500060B92046FFF774FF002827DA2378012BA2
:10266000EFD1A37903F0C003C02BEAD1134DEB796E
:10267000012B1ED005F18803D3E8AF3FDB0707D459
:10268000002CDED020460C4905F000FD0028D8D1F2
:10269000EE792146731C3046EB71FFF795FF08B9C0
:1026A0003046D0E7EB79013BEB71CCE76FF0770078
:1026B000C9E76FF00B00C6E7FBA200000000002096
:1026C0002DE9F3410446D8B1002141F2090001AAE5
:1026D000FFF786FC054698B9019E0622D6F80C80C5
:1026E000104908F10107384607F0C5F928B106225C
:1026F00038460D4907F0BFF930B93046FEF7F2FF12
:10270000002002B0BDE8F081D8F801303046C4F8AE
:102710000130BB882570A4F80530FEF7E3FF0120E7
:10272000EFE700BF08A3000002A3000007B568465A
:10273000FFF7C6FF044BD87118B169460020FFF7B8
:1027400043FF03B05DF804FB00000020F0B5294D05
:1027500089B0EE79002E46D195F87630DB0722D588
:102760006A4631464FF60940FFF73AFCD8B9DDF822
:1027700000C0DCF80C406378012B1E4628BF012600
:1027800073B1A31C02AA123417461868596808339B
:1027900003C7A3423A46F7D1186838609B88BB80CC
:1027A0006046FEF79FFFEE71002416260127EB79A5
:1027B000E0B2834202D8B3B1002012E008AB06FBBE
:1027C000003353F8182C33F8143C6946CDF8012037
:1027D000ADF805308DF80070FFF7F6FE01340028E3
:1027E000E5D009B0F0BD0021084609B0BDE8F040D1
:1027F000FFF724BF0000002010B50A4CE3790BB1AD
:10280000002010BDFFF792FF0028FAD1E379002BDA
:10281000F6D1FFF79BFF0028F3D1601CBDE8104004
:10282000FFF7A6BE000000200022034B99689A80A3
:102830001960024B1A7270474801002008110020ED
:10284000F0B505460F464FF0FF304FF0FF3187B02F
:102850001646FFF75FFA0446C0B106210C3005F0BA
:1028600024FB468000264770057006714671094AB0
:10287000204603A905230095FFF73AFA3246214680
:1028800042F24200FFF7ACFB07B0F0BD6FF068000A
:10289000FAE700BF8800002038B50546407A0C46AC
:1028A000FFF760FA2073A87AFFF75CFA607395F976
:1028B0000C30A37195F90D306371EB7A2371EB89BC
:1028C00063812B88103BDBB20B2B8EBF0523054A9F
:1028D000D35CE3712B8883F0100303F01F03238183
:1028E00038BD00BF4CA4000008B50C4B024640099F
:1028F00003EB800005F0FCFB02F01F0340FA03F33A
:1029000013F0010006D122B9054805F0F1FB40F3B0
:10291000C01008BD6FF07700FBE700BF840A0020FD
:10292000880000202DE9F04788B000220023874866
:1029300003F096F8002840F09780854805F0D8FB12
:1029400010F00103824D4AD02B1D93E8070008AB1D
:1029500003E907007F4805F0CBFBC0F340137C4838
:1029600005F0C6FB024600286FD073B10C227A49ED
:1029700005A807F080F8002871D000221146104603
:10298000FFF75EFF044600286AD19DF8153019074D
:1029900003F004056BD5002D40F08F8028462E46AD
:1029A000BDF81A3043B16B4BD3E8EF1F41F0400143
:1029B000C3E8E21F002AF7D10DF1030105F08BFBFC
:1029C000044600284CD14FF0FF304FF0FF31FFF7A5
:1029D000A1F9074600287BD16FF0680440E05D480C
:1029E00005F086FB10F0800F5C4A0ED04FF4807427
:1029F0009089D1891269ADF81440ADF81600ADF890
:102A00001810ADF81A300792A4E7554C05AB2068B2
:102A1000616803C3A068186092F891304C481E07A3
:102A200044BF05238DF8153005F062FB840706D5F9
:102A30003023ADF818306023ADF816308AE74448EB
:102A400005F056FB4007F3D484E743B10146FFF796
:102A5000F7FE044620B9404B2861C3E90100002479
:102A60003A4803F075F8204608B0BDE8F087BDF895
:102A700016309DF81400ADF80530BDF818308DF80B
:102A80000400ADF80730D5B101AEBDF81C200AB97D
:102A9000BDF81620BDF81E300BB9BDF818309DF8F2
:102AA0001410ADF80D208DF80C10ADF80F305EB19C
:102AB0003078012808D103AD72E70026E5E7421E11
:102AC0005042504101AE6BE74B1E58425841F2E76D
:102AD00000F10C090321484605F0E7F99DF80330A1
:102AE0009DF815800370C8F34003824684704370DC
:102AF00036B10123052283703146484605F0DBF9E3
:102B000055B19AF80230052243F00403294648469D
:102B10008AF8023005F0CFF90022394642F241002E
:102B2000FFF75EFA044600289AD10120BDF81A206A
:102B300008F00101FFF784FE0446002890D1064BFF
:102B400008AA12E9070083E8070088E7A00A002026
:102B5000840A002088000020940A00200000002041
:102B6000F49F00002DE9F3470546384805F0C0FA08
:102B70001446C2070E46994602D50B895B0761D4FD
:102B8000284605F008FA002846D02946684605F090
:102B9000F7F92F4F3B68A3B1204605F0C6F905466B
:102BA000B4F80480A4F80490234668463F68F2799C
:102BB00096F90510B847A368A4F8048013FA85F5C0
:102BC0002560244BC6F800D01B68002B38D01D6848
:102BD00005B1083D53F8082CAAB12F46A3F108050A
:102BE000204605F0A2F98046B4F804A0A4F80490A9
:102BF0002B683D46214630469847A368A4F804A0B8
:102C000013FA88F32360DDB1AF682B68B7B1083FD2
:102C1000002BE5D13D46F7E72B78FF2B09D10E4B72
:102C2000186800909A889B79ADF804208DF80630DA
:102C3000AFE7294605F032FA0346F1E7002BCFD182
:102C40000023336002B0BDE8F08700BF840A002093
:102C5000D00A0020C80A0020FBA200000022024B7C
:102C60001A60FFF7E1BD00BFD00A002010B5094C83
:102C700044220021204606F0F6FE04F11C0006F076
:102C8000CBFB04F1300006F0C7FBBDE81040FFF7B6
:102C9000E5BF00BF840A0020032870B5054603D1B4
:102CA000BDE87040FFF73EBEFFF71EFE0446B0B918
:102CB000012605F01F039E400A4B6D0903EB8505B5
:102CC000D5E8EF3F3343C5E8E23F002AF8D1FFF7EC
:102CD00029FE044618B1F143284605F00CFA2046B7
:102CE00070BD00BF840A0020032808B50AD0012166
:102CF00000F01F039940054B4009C94303EB8000D6
:102D000005F0F9F9BDE80840FFF70CBE840A002081
:102D100010B50020FFF7E8FF20B103F02FFC0020E2
:102D2000FFF7E2FF6FF04001114805F0E4F96FF49E
:102D300080710F4805F0DFF90E4B1B68B3B11C68BA
:102D400004B1083C53F8043C03B1984774B1A2683D
:102D5000234642B15B68A2F10804002BF5D1F6E7E7
:102D6000BDE8104018476368002BF9D110BD00BFC3
:102D700088000020C80A00202DE9F04F00F10C095E
:102D8000074685B0484605F0C8F806464A4D46B3A2
:102D90004A4805F0ADF9C30707D4474B1B7A03B384
:102DA00005B0BDE8F04FFFF73FBD3B8A172B18D9A0
:102DB0001821484605F0A9F83A8A90F817B0B0F8FB
:102DC00000A05A45CAF3411804460AF0100A0BD273
:102DD000384605F02EF8BAF1000F02D10222364B28
:102DE0001A7205B0BDE8F08FBAF1000F0FD0694636
:102DF000FFF752FD4A466946E37DA01CFFF7B2FE8D
:102E00004846E17D05F079F8013EF6B2BFE795F856
:102E100008A0BAF1000F05D1B8F1000F18D169462A
:102E20002046E5E7C17AEA7991420BD1811C07225D
:102E3000284606F020FE28B9B8F1020F16D1FFF798
:102E4000F3FCDDE7B8F1000FE9D0BAF1010FD7D0FC
:102E5000B8F1020FF3D0D4F80210E27A2960E188C9
:102E6000EA710122A980217A2A72A971DFF850A0A3
:102E7000BAF80420BAF806105A448A4205DD022343
:102E80002B72B8F1010FBBD0D9E72A7A022AF8D009
:102E90005A465046F96805F00EF8B8F1010FB3D064
:102EA00069462046FFF7F8FC52466946BAF80430F6
:102EB000A01CFFF757FEC2E708110020840A00207B
:102EC000480100202DE9F04300F10C07064685B0CB
:102ED000384605F022F80546DFF88480DFF8849054
:102EE00015B905B0BDE8F083404605F001F9C30708
:102EF000F7D5338A082BF4D90921384605F005F8AF
:102F0000037A328A01339A420446EAD30123ADF8A8
:102F10000C307F238DF80630037A694603445B7AD0
:102F200001308DF80530FF238DF804300023ADF813
:102F30000A3010F8012C013D042A98BF19F802301C
:102F40008DF80720ADF80830C3793A46FFF70AFE3E
:102F5000217A3846013104F0D0FFEDB2C0E700BF5E
:102F6000840A002058A40000F8B50546224805F060
:102F7000BFF843070F463CD52A78012A03D96FF0E2
:102F800015042046F8BD6B780F2BF8D843F6FC7477
:102F90006888031F9BB2A342F1D8A9880B1F9BB27C
:102FA000A342ECD88842EAD37AB90022002313481E
:102FB00002F056FD04460028E3D1FFF795FC0446D5
:102FC00040B10E4802F0C4FDDBE705F082F80028AE
:102FD000EBD1D4E728686968094E0A4B03C6A86894
:102FE0001F6030602046FFF757FE044606F12400BC
:102FF000E8E76FF00A04C4E788000020B40A002064
:10300000880A0020D00A00202DE9F74F1746D2F891
:1030100010A002780646042A0D4601F1FF3325D0A0
:10302000052A78D0022A4DD1032B4BD90022002348
:103030000820FEF731FD0446002843D00422D6F8CC
:10304000013000F10C0840460DEB0201019304F041
:1030500032FFBDF80630053D9D424BD1404604F09D
:1030600068FF854246D82A46711D49E0012B29D9BF
:1030700043783E2B2CD1C378022B26D00D2B27D1A1
:103080000379012B24D1B0F805B0CBF3001BB6F8BF
:103090000130033DB5EB132FADF8043012D1BBF175
:1030A000000F18D04FF000084FF0000942464B4681
:1030B00059469DF80400FEF707FD044670B9BBF1C0
:1030C000000FF3D003B0BDE8F08F4FF0010BDEE747
:1030D0004FF0000BDBE74FF4A028E5E700F10C0808
:1030E000022201A9404604F0E6FE404604F021FF1A
:1030F000854203D92046FEF7F5FAE3E72A46F11C9C
:10310000404604F0D8FE21463846DAF8003003B0D5
:10311000BDE8F04F1847032BD4D90022002320200C
:10312000FEF7BAFCDFF83890044698B10422D6F8CE
:10313000013000F10C0840460DEB0201019304F050
:10314000BAFE0023C9F80030BDF80630053DC3F3D0
:103150000D0381E7D9F800300133C9F80030B1E739
:10316000D40A0020102208B5034B0120C3F84024E4
:10317000FEF7F0FB002008BD00300050084B70B592
:10318000C31A0D4607499B1004465943402206487E
:1031900005F02AF82B4601462046BDE87040184746
:1031A000EC0A0020B76DDBB63C9C0000402373B5F1
:1031B0000B4C0093041B0B460D460A49A4106143B7
:1031C0000646094A094805F03BF8011E05DA304673
:1031D0002B4602B0BDE87040184702B070BD00BF7A
:1031E000EC0A0020B76DDBB6AB8200003C9C00000F
:1031F00010B5EFF31184202383F31288BFF36F8F90
:10320000074A136823F00201DB07116002D4012092
:1032100005F0B1F984F31188BFF36F8F10BD00BFC3
:103220008C0B00202DE9F8430022012106460520E1
:10323000FDF7D8FE114801F0B7F8114B984219D1AB
:1032400001F0C2F800244FF01C090C27DFF834808D
:103250003569414609FB045004F068FA002807DB91
:10326000012307FB04551C44042CAB67F0D100205C
:10327000BDE8F8836FF00400FAE700BF893300006F
:103280000000AD0B2CA100007FB500220123CDE989
:10329000022304ABCDE90433094A6B46CDF800D0D4
:1032A000CDF804D004F0FAFF002805DB4FF480428B
:1032B0000023684602F008FD07B05DF804FB00BF7C
:1032C000E18200000C22104B014602FB003300207B
:1032D00030B4D3E91C521867EFF31180202484F333
:1032E0001288BFF36F8F9C6F04F0C00444F0020497
:1032F0009C6780F31188BFF36F8F1DB12B4630BCE4
:103300000248184730BC7047EC0A00203C9C000083
:1033100010B4EFF31182202383F31288BFF36F8F71
:103320001748016841F002040460C80707D482F31B
:103330001188BFF36F8F012010BC01F05DB84FF012
:103340005021D1F80C04D1F80C14C907EFD5EFF3D4
:10335000118083F31288BFF36F8F0A498B6F03F0DC
:10336000C00343F002038B6780F31188BFF36F8FB4
:1033700082F31188BFF36F8F002010BCFFF7A2BF4C
:103380008C0B0020EC0A0020092813D8DFE800F09D
:1033900005101212121212120E0C074B986F10F039
:1033A000070007D1FFF78EBF0220FBE70320F9E7F4
:1033B0000120F7E7704700BFEC0A00202DE9F0413B
:1033C000012207463649D1E8EF3FC1E8E02F002847
:1033D000F9D133B9334934484B60CB608A6004F08B
:1033E000B8F97B1E012B2BD8012F07D14FF05023AA
:1033F000D3F81C3403F00303022B21D006F032F97A
:103400000546F8B9294B1B78E3B14FF0502302224F
:103410000646C3F808234FF05024DFF89480D4F810
:103420001824D4F81834D20315D503F00303022B63
:1034300001D0012F0FD16DB386F31188BFF36F8FC9
:10344000BDE8F081EFF31186202383F31288BFF3E8
:103450006F8F0125DFE7C5B1304604F0A6FCD4F834
:103460001835DBB2012BDAD1D4F80421002AD6D0EA
:103470000022C4F80421D4F804210222C4F818253B
:103480002022C8F88021A360C9E70021212006F08E
:1034900088F9E4E74FF050230222C3F80423CFE772
:1034A000E80A0020D80A0020080B0020F8110020AC
:1034B00000E100E008B5074805F046FF38B10648CE
:1034C000FEF72EF80448FCF745FF002008BD6FF01A
:1034D0001200FBE7BC9C0000DD3400000A2838B570
:1034E0000446074D04D1AB680D2128465B68984718
:1034F000AB6803485B68E1B29847204638BD00BF1F
:10350000BC9C0000F0B51646426801F01F04107B19
:1035100087B044EA40141069002871D0B6F5001F46
:1035200002F1100506D12146284605F0A4F8002036
:1035300007B0F0BD0027B6F5800F01A801974760DE
:1035400039D1B3F1007F14BF052304238DF8043073
:103550000023CDE90403039393680DF1030723FAD5
:1035600001F111F001013DD1B6F1A07F3AD104F093
:103570001F03620903F1800328D0012A46D1254A9E
:1035800052F82330DB072DD43A462146284601F075
:1035900039FA214B98421BD002972146284603AAAC
:1035A00001F0ECF81D4B98422DD10122214628460E
:1035B00001F08AFABBE7B3F1C06F05D0B3F1007F29
:1035C00014BF01230223C1E70323BFE7144AD7E74F
:1035D0003946284601F072FA104B9842DCD06FF061
:1035E0000B00A5E73A462146284601F00BFA0B4BA3
:1035F0009842D2D128469DF8031001F059FACCE741
:103600006FF0850094E76FF0150091E751F82330D3
:10361000FFDE00BF002884500400AD0B0000AD0B9E
:10362000002584504209034670B502D0012A17D004
:1036300070BD0D4E326951680029F9D0012503F0A3
:103640001F030C689D400029F2D08A682A4002D0EE
:1036500030464B6898472CB1236821461C46F2E758
:10366000024EE7E72346F8E77C9C00005C9C0000E4
:1036700038B545682B69B3B11035284601F00EFA0C
:10368000044680B90146284601F0D6F9084B984215
:103690000BD122462846074901F0AEF92246052102
:1036A0000D20FDF79FFC002038BD6FF00400FBE704
:1036B0000000AD0B253600002DE9F04340F2063541
:1036C0004668D00648BF0320337B02EA050558BF91
:1036D000C2F3401087B001F01F07B5F5837F144691
:1036E00047EA43178DF8030044D00DD8062D16D0B5
:1036F00005D8A5B1022D3FD06FF0150037E0B5F524
:10370000807FF9D101250AE040F20222954235D0AE
:10371000B5F5407F34D0B5F5007FEDD1022501230A
:10372000220303FA01F12DD573689960326982BBD7
:1037300007F01F037F092AD0012F77D13D4A02EB02
:10374000830284F48033D2F80012C3F30043C4F33D
:10375000404444EA430421F4706144EA800421F0C7
:103760000F0144EA05230B43C2F80032002007B0E2
:10377000BDE8F0830725D2E70425D0E70525CEE78D
:103780000325CCE7630344BF7368D960CEE72A4AB8
:10379000D5E71036394630460DF1020201F032F914
:1037A00014F4403F80460CD13946304604F061FFA6
:1037B000224B9845DAD130469DF8021001F078F995
:1037C000D4E74FF0000901AB3946304603AACDE9F2
:1037D0000439CDE90199CDF80C9000F0CFFF174BDB
:1037E0009842C3D114F4003315D09DF8033084F40B
:1037F0008034C4F300448DF80E3039464B463046D1
:1038000003AA8DF80C508DF80D4001F073F80B4BA6
:103810009842ABD1CCE7CDE9043339460DF103032F
:10382000304603AA039300F0A9FFF0E7803352F873
:103830002330FFDE00288450002584500000AD0BAB
:1038400010B504460269A2B0C2F8800016490020F3
:1038500001F06AFA002201212A20FDF7C3FB84222D
:10386000002101A8646806F0FEF80023012001AAE7
:1038700061680432D940C90744BF00FA03F142F835
:10388000041C2168D940C90748BF00FA03F103F1BD
:10389000010348BFD163102BEAD101A801F05CFA03
:1038A000002022B010BD00BF8D830000036803F02C
:1038B0001F025B09026004D0012B034818BF0020DF
:1038C00070470248704700BF00288450002584508C
:1038D0002DE9F04F1546834640F2FF18DFF8889136
:1038E000DFF888A185B000EB8101594503D10020A4
:1038F00005B0BDE8F08FDBF80030C3F3C322082A1F
:10390000C3F3080400F2AA801B0E444508BF4FF021
:10391000FF3419F80270222B00F2A380DFE803F0D5
:1039200012191F22252B22A1A1A1A13A67A1A1A1B1
:10393000A1A1A1A1A1A16A7F8285A1A1A1888F9245
:1039400095989B00C5F80C45601C5DD10BF1040BEC
:10395000CBE7C5F81445621CF8D000265DE0C5F839
:103960000845F1E7C5F81045F5E7631CC5F80845BB
:10397000ECD0002604E0661CC5F80C45E6D0012614
:1039800003A80394FFF792FF0122039B02FA03F3BB
:10399000C36008E0C5F80845002FDCD1631CD5D012
:1039A000002606273246DBF80030039403F400407B
:1039B000002818BF002203A818BF01260193009217
:1039C000FFF774FF039C019B00EB8400D0F80042DA
:1039D000C3F3412C009A3B0243EA8C03134304EAED
:1039E0000A04234343EA4603C0F80032AEE7C5F8B1
:1039F0000C45D1E7C5F86045601CDBF80030A5D068
:103A0000C3F30043002BBAD0012603A80394FFF7A9
:103A10004DFF039B06FA03F383603246C3E7C5F804
:103A20006445E9E7C5F86845E6E7C5F86C45E3E7AE
:103A3000C5F82445621C89D001260022B3E7C5F8E9
:103A4000284581E7C5F83045F4E7C5F83445F1E786
:103A5000C5F83845EEE7C5F83C4575E76FF0150049
:103A600046E76FF0850043E7B1A40000F0F0FCFFEB
:103A70002DE9F04104460D46476805F0F3FD4FF08F
:103A8000200888B9264B1B7873B16426606804F05F
:103A90001DFDF0B9012004F05BFD013EF6D10021CF
:103AA000212005F07EFEF0E7EFF31186314688F322
:103AB0001288BFF36F8F606804F008FDA8B986F321
:103AC0001188BFF36F8FEFE786F31188BFF36F8F15
:103AD000E5E7EFF31186314688F31288BFF36F8F65
:103AE000606804F0F3FC0028EED0FB6900201D7034
:103AF0006368FA691B68C3F844250122C3F84825A6
:103B0000C3F82001D3F82041C3F85801D3F8580175
:103B10009A6081F31188BFF36F8FBDE8F08100BF19
:103B2000F8110020F7B50546002201210820FDF715
:103B300059FA0820FDF726FA6B681A691868C0F868
:103B40002425997D5A7D0A43198B1B7D0B43134312
:103B5000C0F86C356E68D6E9004313F0010348D015
:103B60002F6907F1080000F09FFB304B98425AD1B3
:103B7000387A04F10C0204F5907104F0F5FC387AFF
:103B8000012707FA00F000F089FB0823C4F800358C
:103B9000F369C4F844350023C4F84835A760D4F865
:103BA0005831002BFBD00021C4F800156B6801AA26
:103BB000DC68204604F05DFC002805DB019B2268E0
:103BC00019791868FFF784FE08216A681368C3F83A
:103BD0000015117A51B9126AC3F834250122C3F8CD
:103BE0003825C3F81011D3F810111A60002003B063
:103BF000F0BD0822C4F80025F269C4F84425C4F8D1
:103C000048350123A360D4F82031002BFBD00023DA
:103C1000C4F82031D4F820310123E3604FF48073DD
:103C2000C4F80433BBE76FF00400E0E70000AD0B1D
:103C30000123834070B5DC430B4AD2E8EF1F01EA51
:103C40000405C2E8E65F002EF7D14FF480328240CF
:103C50000648C0F80823BFF35F8FBFF36F8F0B4296
:103C600014BF0120002070BD400C00200050015006
:103C700070B40E4922F07F46D1E90034D01AC3183F
:103C800044F10004C1E90034A6F50013B3F5400F78
:103C900009D2074B1B681A0A1B069C19054B42F1F7
:103CA0000005C3E9004570BC02F020BF8807002072
:103CB000440C002090070020D9B101230D4A834015
:103CC000D2E8EFCF4CEA030CC2E8E1CF0029F7D1EC
:103CD0004FF48033084A8340C2F80433074BD3E8DB
:103CE000AF3FC340DB0742BF4FF40012044BC3F8A1
:103CF00000217047400C0020005001503C0C002077
:103D000000E100E00D4B1868010A0006BFF35F8F69
:103D10000B4BD3F80435181841F10001B3F5801F9F
:103D20000AD2084BD3E90023904271EB030303D27C
:103D300010F1807041F10001704700BF440C002079
:103D400000500150900700202DE9F04F85B0164635
:103D50001F4604469DF840A0FFF76AFF0190FFF759
:103D6000D1FFB04271EB070352D23B4B301A67EBE5
:103D70000101984271F100014DD2384B03EB04135D
:103D8000D3E902239F4208BF964258D04FF48038AF
:103D9000334908FA04F8204626F07F4BC1F84883DF
:103DA00004F0C5FB4FF00309584604F15005AD007F
:103DB000ADB205F1502504F5A87305F580350293E1
:103DC000029A20F07F4341F82230C1F84483D1F8B1
:103DD0000435244AC01A033820F07F4090422ED97F
:103DE000286868B1D1F80435A3EB0B0020F07F40C0
:103DF000B0F5000F039322D9204604F098FB039BF3
:103E0000BAF1000F07D109EB030009F10109D7E767
:103E1000BAF1000F09D06FF0150520460199FFF7A0
:103E20004BFF284605B0BDE8F08F01230E4AA340A2
:103E3000D2E8EF0F1843C2E8E10F0029F8D1074993
:103E40000E982301C8500F9B01EB04120025C2E914
:103E500002675360E1E700BF01008000780700209F
:103E600000500150FDFF7F003C0C00207FB5002575
:103E70004FF0FF304FF0FF31194C1A4B0226C4F8B7
:103E80000833C4F84833184BC4F80855C3E9020195
:103E90004FF480334FF40012C4F80433134B012164
:103EA000C4F804631520C3F880212A46FDF79AF868
:103EB0001520FDF767F801230D4AA3602360136006
:103EC0000C4B0D4A009328460023CDE90155FFF71E
:103ED0003BFF3046FFF772FA284604B070BD00BFC2
:103EE0000050015003000F007807002000E100E0BF
:103EF000400C0020713C0000FFFF7F002DE9F743DC
:103F00002E4BD3F8042390070BD5D3F8042142B1EC
:103F10000022C3F804212A4AD3F80431136801337C
:103F20001360264AD2F80433D90326D5254BD3E8AB
:103F3000EF1F21F00100C3E8E40F002CF7D1CB07FD
:103F400002D4D2F84031C3B100251C4CC4F8405112
:103F5000D4F84031FFF7D6FEEFF31182202383F32C
:103F60001288BFF36F8F184BD3E90267B042B94193
:103F700006D282F31188BFF36F8F03B0BDE8F083E0
:103F80004FF0FF38D3E900104FF0FF391D60C3E94F
:103F900002894FF48033C4F84833C4F84051D4F850
:103FA000403182F31188BFF36F8F0029E5D0009074
:103FB00032463B4628468847DFE700BF00500150A5
:103FC000440C00203C0C00207807002030B5431C36
:103FD000124C85B005D08442A8BF0446012CB8BF5E
:103FE0000124FFF78FFE0E4B0C4DD3E90013401A4E
:103FF000B0F5000F0FD22218AA4228BF2A4600208F
:1040000052180849CDE90100009143F10003FFF780
:104010009BFE05B030BD2A46F1E700BFFFFF7F00E1
:1040200088070020713C000008B5FFF76BFE024BCB
:104030001B68C01A08BD00BF880700204FF47F032B
:10404000D3F83021D3F83431072A05D1023B032BB2
:1040500002D8024AD05C704700207047CCA4000010
:1040600008B5FFF7EBFF58B1644BD3F8202A3AB9F3
:104070000D21C3F8201A0121C3F81C19C3F81C290B
:104080000022D30003F57F03D3F80013013107D0DA
:10409000D3F800130132D3F80433202A0B60F0D197
:1040A000FFF7CCFF002840F0A080FFF7C7FF40B12A
:1040B000534B544AC3F830254FF050230122C3F824
:1040C00058254FF47F03D3F83021D3F83431072A31
:1040D00009D1023B032B06D84B4AD35C1BB100220B
:1040E0004A4BC3F84C25FFF7A9FF50B14FF05023BE
:1040F000D3F80024D10742BF0022C3F81421C3F82B
:1041000018214FF47F03D3F83021D3F83431072A34
:1041100009D14FF05023D3F80024D20744BF6FF0E9
:104120000102C3F80024FFF789FF18B16522334B61
:10413000C3F80C274FF47F03D3F83021D3F8343180
:10414000072A16D1314BD3F82034002B11DA4FF067
:1041500050230322C3F8182501229A60D3F80421C2
:10416000002AFBD00022C3F804210122DA60C3F840
:1041700018254FF47F03D3F83021D3F83431072AC0
:1041800023D1023B032B02D8214AD35CEBB17E2220
:104190001A4B1B49C3F80C27C3F83C297F231D4A3F
:1041A000C2F818310023C1F8043EC1F8083E01F5F9
:1041B0004821C1F81031C2F82431C2F82C3102F57F
:1041C000FF1202F58052C2F8A032134AD2F88C30A6
:1041D00043F44063C2F88C30104A114B1168C3F8A5
:1041E0004415D269C3F84C2508BD2922034BC3F8F6
:1041F0000C270322C3F83C2757E700BF00400050BC
:10420000009003504400EFBEC8A4000000200350FB
:10421000C4A400000020005000ED00E00080FF007A
:104220000060005030B50468ACB1B4FA84F30122E8
:10423000C3F11F03DBB29A4024EA0202D0E8EF5F29
:10424000A54204D1C0E8EC2FBCF1000FF6D1EAD1B1
:1042500002480B7030BD0248FCE700BF0000AD0B08
:104260000200AD0B10B50368CB40DB0710D401236F
:104270008B40026843EA0201D0E8EF4F944204D138
:10428000C0E8EC1FBCF1000FF6D1F2D1014810BD1F
:104290000148FCE70000AD0B0400AD0B014BC3F877
:1042A00004057047007001500146014800F044B910
:1042B000A40100200328F7B506462ED84FF0502160
:1042C000364B374A33F81000925DC1F808030025D9
:1042D0000A44012142F210744FF05027314B116013
:1042E00033F816308E4203F150231D601B688DF8A1
:1042F000071008BF0DF10705022E32D0032E40D063
:10430000012E1CD0D7F8183403F480333DB923B103
:10431000012004F01DF9013CF0D103B0F0BDD7F845
:10432000182402F003022A70002BF6D09DF8070033
:104330000128F2D104F00CF9013CDDD1EDE7D7F80A
:104340000C3403F480333DB9002BE6D0012004F097
:10435000FFF8013CF3D1E0E7D7F80C2402F00102AA
:10436000E1E7D7F85C3403F480333DB9002BD4D0B7
:10437000012004F0EDF8013CF3D1CEE7D7F85C243E
:10438000ECE7D7F85434DB03C7D5002DCED101209C
:1043900004F0DEF8013CF4D1BFE700BF1CA200002E
:1043A000D0A4000014A20000044B1A7922B9012203
:1043B00018601A710248704702487047480C002084
:1043C0000000AD0B0C00AD0B08B50A4B1B6833B1F8
:1043D0000520FCF7F9FD10B90520FCF7D3FD4FF0DF
:1043E00050230122C3F81825C3F81425C3F88025EB
:1043F00008BD00BF480C002010B5032845D8DFE8F1
:1044000000F01802554F00224FF480730121002064
:1044100003F1502318601C68012402F1502214603B
:10442000284A1268002A47D04FF05023C3F80413DB
:104430002BE04FF05023D3F81814D3F81824C903F5
:1044400012D502F00303022B05D0012B02D000206D
:10445000FFF730FF01234FF050220221C2F8183538
:1044600008224FF48273D2E7D3F81424D207F1D58F
:10447000D3F81C2402F00302013A012AE7D8114ABA
:1044800012681AB10222C3F8042310BDD3F8042124
:10449000002AFBD00022C3F80421D3F80431F4E74A
:1044A00018224FF490734FF48071B0E720224FF43C
:1044B00092734FF40071AAE71A68002AFCD01860C2
:1044C0001B68E2E7480C0020F8B54FF050230125A7
:1044D0000026D3F80443174F04B9F8BDB4FA84F0AA
:1044E000C0F11F00830003F580739BB203F15023DA
:1044F00005FA00F2196892B224EA02040029EBD00E
:104500001E601B684FF05023022AC3F808230DD108
:10451000D3F81814D3F8181401F00301012905D1B8
:10452000C3F81825C3F804239960D5E73B68C0B2E7
:104530009847D1E7480C00200079024B03EB0010AC
:10454000FFF770BEAC010020036803F01F025B0997
:10455000026004D0012B034818BF002070470248B6
:10456000704700BF0028845000258450034A430947
:10457000D35C00F01F001844C0B27047D4A4000000
:1045800070B50546FFF7F2FF0C4C083034F81030D8
:104590000E46DA0508D5C3F3432304EBC3022846CD
:1045A00054F8333052689847A3682BB131462846F7
:1045B000E268BDE87040184770BD00BFBC01002034
:1045C00008B5FFF7D3FF034B083033F81000400B5A
:1045D00008BD00BFBC01002008B5FFF7C7FF034BB3
:1045E000083033F81000C0F3400008BDBC010020C3
:1045F00008B5FFF7BBFF034B083033F81000C0F3DA
:10460000401008BDBC010020034611F0010010B5A8
:10461000CCB20BD1A207C4F340000DD5074A106AF3
:1046200058601062003818BF012005E004490A6A8A
:104630001A600A62002AEDD010BD00BF0028845025
:104640000025845010B5FFF791FF124A083032F868
:104650001030D9051CD5C3F3432123F4F85322F8B5
:104660001030002002F10E0434F8023F13F4807F72
:1046700003D0C3F3432399420AD001303028F3D149
:10468000002342F831300448BDE81040FFF7EABD8E
:1046900010BD00BFBC01002034020020F0B505466B
:1046A00000200126044607468C420BD1114BD3F85B
:1046B0007C2132B10022C3F87C21D3F87C3140F058
:1046C0000040F0BDE3B29B0003F580729B0806FA40
:1046D00003F31D420BD002F1A04202F55042D2F882
:1046E00000C0BCF1000F02D01760126818430134FB
:1046F000DAE700BF00D00050F7B506460846FFF7DE
:1047000035FF1A4F00F1080537F815300C46DB0766
:104710002AD5304603F089FF2046FFF769FF58B1DC
:104720002046FFF74DFF0022316800B201EB800305
:10473000C3F81025C3F810252046FFF783FF002398
:1047400001A827F815300194FFF7FEFE019B00EB4E
:104750008300D0F80022064B134043F00203C0F858
:104760000032044803B0F0BD0348FBE7BC01002061
:10477000F0F0FCFF0000AD0B0400AD0B2DE9F043A1
:104780001646804685B00846FFF7F0FE0D463168B4
:10479000044609B32846FFF71FFF18B12846FFF764
:1047A00027FF10BB00230DF10F02CDE900338DF878
:1047B0000E308DF80F3028460B460DF10E0103F038
:1047C000DCFE484A04F1080132F8113023F00203FC
:1047D00043F0010322F8113073687BB328461F7839
:1047E0005968FFF7F9FE10B1E9B13F4829E03D4AA9
:1047F00004F1080032F8103023F02003DB04DB0C56
:1048000022F8103079B1032FEFD87168D1F804E0A5
:10481000D8F800109EF800C001EB8C01A7B9C1F8D0
:104820001075C1F810752F4A04F1080132F81130E3
:1048300023F01C0343EA870322F81130B3683BBB23
:104840002A4805B0BDE8F083D1F810E543EA4C33BF
:104850002EF0030EC1F810E5D8F8001043F0200345
:1048600001EB8C0EDEF8101522F8103021F44F31D8
:1048700021F44071CEF810152902DEF8108501F4FC
:104880007C5141EA074141EA0801CEF81015CAE718
:104890002846D3E90067FFF7D5FE002ED0D0114D92
:1048A000D5E90023964203D19F4201D1002209E0BD
:1048B0000F480DF10F01FFF7B5FC0C4B9842C0D12A
:1048C0009DF80F2005EBC20308345F6035F8143003
:1048D00045F8326043EA422343F4807325F81430EC
:1048E000AEE700BFBC0100200400AD0B0000AD0B23
:1048F000340200202DE9F0430C46804685B0204666
:1049000011461D46FFF732FE064629B32046FFF743
:1049100063FE18B92046FFF76BFE18BB334F06F154
:10492000080937F8193013F01C0F02D04B78012B0F
:1049300018D001238DF80F3000234A1CCDE9001355
:1049400020468B1C0DF10F0103F017FE37F81930CC
:1049500043F0030327F81930002D44D02046FFF719
:104960003BFE18B9224805B0BDE8F083002295F857
:1049700000C0D8F800301D4F03EB8C03C3F810259E
:10498000C3F8102506F1080237F812104FEA8C0E12
:1049900021F02001C904C90C27F812106E7816B353
:1049A000D8F80000AD787044D0F81035360423F400
:1049B000991323F4F853C0F81035230203F47C5301
:1049C00006F440362D05D0F810E5334305F4801584
:1049D0002B4341EA4C3143EA0E0341F02001C0F879
:1049E000103527F812100348BDE700BFBC010020B6
:1049F0000400AD0B0000AD0B014BC3E90212704780
:104A0000BC01002010B508461446FFF7F1FD50B177
:104A10000846FFF7ABFD054B083033F8103004486B
:104A20005B0B237010BD0348FCE700BFBC010020F6
:104A30000000AD0B0400AD0B70B5154D064695F8A2
:104A400080401CBB2146602205F1100005F00BF8E8
:104A5000214630682E6F8E420ED10023C0F87C3183
:104A6000D0F87C3140F30730FCF78CFA0123094879
:104A700085F88030AB6770BDCBB29B0003F58072C8
:104A80007C2B04BF845083580131E4E70248F2E7ED
:104A9000BC0100200000AD0B0C00AD0B034B93F8E4
:104AA0008000003818BF0120704700BFBC01002003
:104AB0000148FFF7D7BB00BF300200200148FFF7D5
:104AC000B1BB00BF3002002073B503681646D3F8AF
:104AD00004230546002AA8BF4FF000420846A8BF9D
:104AE000C3F804230C46FFF783FD00B30846FFF725
:104AF00073FD0146D8B92046FFF762FD04B2A40059
:104B00000346286804F58072815029688258214440
:104B1000D1F8102542F00102C1F810252EB1012272
:104B2000296802FA03F3C1F8043302B070BD2046CD
:104B3000FFF71CFD0E4B083033F81030C3F382032F
:104B4000042B11D0052B11D001A80194FFF7FCFC18
:104B5000019A0369D34003F00103991C204602B077
:104B6000BDE8704003F052BD0321F7E70221F5E7ED
:104B7000BC0100202DE9F04F674BDFF8A091D3F87E
:104B80000403D9F87010C0B289B040F00040FFF7BC
:104B900085FD051E2EDACA4600235AF87C1F06A89A
:104BA000CDE90633FFF730FD4FF0000B5C4B0DF104
:104BB00018080193019A12F8013B0192DA081AF8D9
:104BC000022003F0070322FA03F3DA071BD408F1EB
:104BD0000408BBF1000F13D000214FF00040FFF795
:104BE0005DFDD9F87C1006A8FFF70EFD0028DBD18B
:104BF00025F000450124002D76D109B0BDE8F08FE5
:104C00004FF0010BD6E7474B5B440293D8F80010F6
:104C10000029DCD091FAA1F1B1FA81F1029B1C7854
:104C200041EA44142046FFF7A1FC083039F810701F
:104C3000C808BB080393012318F8002001F00701FE
:104C400003FA01F122EA010208F8002005A8059400
:104C5000FFF77AFC059A039B803250F82220C7F3B5
:104C600082065B073746C2F3014222D52046394609
:104C7000D6B2FFF785FC05A80594FFF765FC059BF8
:104C8000803350F82330C3F301439E4207D1002103
:104C9000204603F0BBFC3146204603F0B7FC05A8D4
:104CA0000594FFF751FC0122059B02FA03F303620E
:104CB000ACE7022A0CD10321204603F0A7FC06F042
:104CC0000503012BEBD139462046FFF759FCE6E7F7
:104CD00002212046039203F099FC032EF3D0039A9D
:104CE000032ADCD1022EEDE795FAA5F3B3FA83F39C
:104CF00004FA03F29B0003F1A04303F55043D3F8F9
:104D00001005D3F81015C0F30520C1F3014125EAC1
:104D10000205FFF735FC6EE700D00050BC01002013
:104D2000E4A40000E4A4000070B5084C0E4623790A
:104D3000154643B92A20FCF725F9012304482371BD
:104D40002660A56070BD0348FCE700BF500C002042
:104D50000000AD0B0C00AD0B002330B50D4A50F830
:104D6000234003F5A2710133102B42F82140F6D104
:104D70000023084A00F13C0103F5B27451F8045FC6
:104D80000133102B42F82450F6D1D0F88030C2F80D
:104D9000043330BD00A002500123024A8340C2F810
:104DA0000433704700A002500123024A8340C2F836
:104DB0000833704700A00250F8B5012600270B4BBE
:104DC0000B4DD3F80C4304B9F8BD94FAA4F0B0FA33
:104DD00080F006FA00F324EA0304064B82009F5099
:104DE0002B68002BEFD0A9689847ECE700A0025091
:104DF000500C002000A102502DE9F0410E4617464C
:104E00000C4D55F81C4FAC4203D16FF01200BDE8B9
:104E1000F081314654F8440CA4F14408FBF79AF9A8
:104E200030B9C7F800804046BDE8F04103F0F5BC5A
:104E30002468E8E75C0C002010B5D0E909124A604C
:104E4000416A00F124031160C0E909334368044654
:104E500003B19847054A936833B11279062A03D9FA
:104E60000720226802499847002010BD5C0C0020F2
:104E7000E6A400002DE9F04107460D460B4E56F81A
:104E80000C4FB44202D16FF001000AE0394654F8E9
:104E9000240CA4F12408FBF75DF920B91DB1C5F875
:104EA0000080BDE8F0812468EBE700BF5C0C0020C7
:104EB00038B5044600B30068F0B10378E3B10021CF
:104EC000FFF7D8FFD8B104F11C03C4E907330D4B39
:104ED00004F12402196903F10C00A16260621A61F5
:104EE0000A609D6835B11B79062B03D9072022681B
:104EF0000549A847002038BD6FF01500FBE76FF0AB
:104F00001000F8E75C0C0020E8A4000038B5114C54
:104F10000546216819B100200131216038BD2422E5
:104F2000204604F0A0FD2B682846A3602B7923714E
:104F300004F10C03C4E9033304F11403C4E9053399
:104F400004F11C03C4E9073300F018F80028E5D188
:104F50002168E0E75C0C002038B5074D2C68013C67
:104F60002C6044B900F012F821462846BDE83840CC
:104F7000242204F078BD38BD5C0C002008B502483E
:104F8000FFF796FF002008BD400200200148FFF710
:104F900053BF00BF400200200EB4431E062B33B5A2
:104FA00088BF0020094B05AC54F8045B53F820106F
:104FB000074802F052FB214628460194FBF7D0F93E
:104FC00002B0BDE8304003B0704700BFD0A1000080
:104FD00003A5000010B50A46044619B1024B002192
:104FE0001B68984710BD00BF6C02002037B50D4DFF
:104FF0000C466B78022B12D12B78072B0FD1002394
:105000000A460193014601AB281D03F010FC20B9AC
:10501000019BA34218BF6FF0930003B030BD6FF047
:105020008800FAE7800C002010B5114C237858074F
:1050300044BF23F0040323702378990705D500F0BB
:1050400059F8237823F00203237063781BB10023FF
:10505000084A636053600023082106486370FFF725
:10506000B9FF2378DA0744BF23F00103237010BD92
:10507000800C0020840C002038B5184C627823780E
:10508000022A01D1072B09D09B070AD52378DD0717
:1050900013D562782378A2B158071AD5002528467F
:1050A00038BD00F01FF82378054643F00203237053
:1050B0000028EBD0FFF7B8FFF1E743F001032370BE
:1050C000E7E7D907E8D5064962604A6002226270C4
:1050D000E2E743F004032370E0E700BF800C002008
:1050E000840C00200122024B002083F840247047EA
:1050F0008C0C00202DE9F0410A4C002526464FF08B
:10510000010803272046C4F81C802776013503F0E8
:10511000A9FB102D04F14404F4D1002386F8403497
:10512000BDE8F0818C0C00202DE9F04F87B01746C8
:105130009B460446DDF840A000284BD0056A35B1F7
:105140002D6825B1AC4607B0BDE8F04F6047E36A73
:105150009F4242D80026BE4203D1002007B0BDE8DE
:10516000F08F182303FB06F8D4F83090A26909EBFE
:1051700008052B1D0593CAB9686969680368B5F805
:105180000CC0C91AAB680CF1030E5D1E05EB0C15C3
:105190005B4205EB4E051D4005EBCC0385680633ED
:1051A000A94228BF4FF0FF3103F004FB59F8083043
:1051B00020460293236AB1B29B6A01935AF82630C3
:1051C00000935BF82620059B03F087FB0028C5D1E0
:1051D0000136C0E76FF01500C0E70148BEE700BF29
:1051E00040F4FFFF10B5044690B1028D43899A4206
:1051F00009D0084A936833B11279032A03D9426867
:105200000549042098472046BDE8104004F017BC2B
:1052100010BD00BF5C0C00209EA5000030B5448985
:105220008C4212D9436A013C5D882C4003EBC403D5
:1052300059609A60BFF35B8F426A53880133538091
:10524000438D01334385002030BD0148FCE700BF9A
:1052500041F4FFFF70B4039E144660B1006A50B180
:105260004BB1013407D0002E05DBD0F8844014B1D7
:10527000A44670BC6047014870BC70472DF8FFFF22
:1052800070B4039E144660B1006A50B14BB1013452
:1052900007D0002E05DBD0F8944014B1A44670BCB2
:1052A0006047014870BC70472DF8FFFF2DE9FF47AC
:1052B000DDF834800E4691469A460546002876D0A1
:1052C000002974D0B8F1000F71D001F1640738469D
:1052D00003F093FCBAF1FF3F49D1346E06F150025E
:1052E00004F18000844204F01F0C07D2C4F3411182
:1052F00052F8211021FA0CF1C90736D4012104F02B
:105300007F04600952F8203004F5806A01FA0CF13C
:1053100004F201440B4304F07F0442F82030346669
:105320006B6C4A4603930E9B2946CDE901830C9B87
:1053300030460093534603F00FFD384600F08AFCD8
:105340002C7874B196F8A4405CB1AB6A013330D1CB
:105350000021284603F090FC044610B1284603F0D3
:1053600061FC204604B0BDE8F0870134BAE7BAF525
:10537000806FD5D3AAF580637F2B06F150010FD83B
:10538000580951F8204003F01F0324FA03F2D20712
:105390000BD4012202FA03F3234341F82030BFE784
:1053A000054C384600F056FCDBE7044CF9E7024CAC
:1053B000D7E70024D5E700BF2DF8FFFF29F8FFFF4E
:1053C00008B583681A0C0AD1094A93682BB112797F
:1053D000022A02D9032007499847002008BDA3F5F7
:1053E000803383601B0C0CBF01200020F6E700BF58
:1053F0005C0C0020C0A5000038B50446E0B100F107
:105400006405284603F0F9FCD4F8B4309B6953B91D
:10541000D4F8A840103C002C00DC084C284603F0CF
:10542000EAFC204638BD012BF7D1D4F8BC0003F0CC
:10543000CCFBA0F11004EEE7014CF2E72EF8FFFFE1
:105440002DF8FFFF38B50446E0B100F164052846A9
:1054500003F0D3FCD4F8B4309B6953B9D4F8AC4012
:10546000103C002C00DC084C284603F0C4FC20460D
:1054700038BD012BF7D1D4F8B80003F0A6FBA0F19A
:105480001004EEE7014CF2E72EF8FFFF2DF8FFFFC6
:105490002DE9F04385B00F46904603A90D9A0546C5
:1054A000994603F06BFE0446E0B10C9E039BD5F8D1
:1054B000C0009E42A8BF1E460168D0F808C0611A0D
:1054C00033464A46614528BF4FF0FF3103F038F9B3
:1054D0002346424639462846009603F0EFFD05B0C4
:1054E000BDE8F0830048FAE72EF8FFFF2DE9F0470A
:1054F0008AB00D46DDE9129716469846044620B953
:10550000954E30460AB0BDE8F0870029F8D0002B50
:10551000F6D00021A822C0F8D01004F0A4FA01228D
:1055200004F16400114604F02DF88C4BC4F8B4501B
:10553000E667AC62C4F88430894BC4F88830894B84
:10554000C4F88C30884BC4F89030884BC4F8943041
:10555000874BC4F89830874BC4F89C30864BC4F80E
:10556000A030AB693BB9002FCAD097E8070004F11F
:10557000A80383E80700AB69012B04D02B6A03BBA7
:105580006FF00506BDE7D4F8B400002800F0E08015
:10559000036A002BF4D09B68002BF1D09847420699
:1055A0000CD50021D4F8B40003F015FC0646002801
:1055B000A7D10021212004F0F4F8E4E74307F8D54F
:1055C000DCE71B69002BDBD028469847AB69012B31
:1055D00004BF0023286100F0010008BF6B6184F85C
:1055E000A400AB69DBB93B7A002B00F0838009F1A2
:1055F0000C03C4F8C430B9F1000F81D0D9F80820E9
:10560000002A00F0A3809B68002B00F09F805B4B7A
:1056100004935B4B05935B4B06935B4B0793AB6922
:10562000012B07D1564B0493544B0593564B0693CD
:10563000544B0793002104F1C803C4E9323306AB8D
:10564000C4F8C080022200932846019104ABFFF702
:105650006BFD064600287FF454AFAB693BB92B6B5A
:105660001B68C4F8B8302B6B9B69C4F8BC30AB69BD
:10567000012B07D12B6B9B69C4F8B8302B6B1B68CF
:10568000C4F8BC30D4F8BC0003F03AFA2B6B1B68AA
:10569000C3F82C802B6B9B69C3F82C80D5F818A01D
:1056A000BAF1000F07D1D4F8AC300993D4F8B83070
:1056B0005B89534520D894F8A430C4E9004463B111
:1056C00000230293314B204601933523304A039443
:1056D000009304F1080103F03FFBAB69002B7FF45A
:1056E00010AF0421284603F076FB074600283FF45C
:1056F00008AF26E04B467CE74846D4F8AC1003F0F0
:105700002EFD0746E0B1D8F800100890411AD8F8ED
:1057100008000022814228BF4FF0FF31D4F8AC309E
:10572000404603F047F8009701230022D4F8B80060
:1057300008A903F0FFF8074618B90AF1010AB5E70E
:10574000144F284603F040FB3E46DAE6114ED8E6F9
:105750006FF01506D5E600BF2DF8FFFF915400004D
:105760004F8E0000BD8F00007D910000BD900000B5
:10577000078E000045540000F9530000E1A5000029
:10578000E7A50000F18F0000F58D0000738E00008A
:10579000EDA500002EF8FFFFF0B505460E461746B2
:1057A00087B0074A03AC07CA84E807000C9A314661
:1057B000009228463A460194FFF798FE07B0F0BDE4
:1057C000E89F000038B5EFF31185202383F312889A
:1057D000BFF36F8F064B9C6803F0C9FD85F31188FA
:1057E000BFF36F8F2046BDE83840FBF773BB00BFA7
:1057F000D010002038B50A4B53F82040013053F840
:105800002050A54200D838BD606830B1037FDB0767
:1058100001D403F0AFFD0834F3E723689847FAE7B3
:10582000F0A10000012270B52A4B032086B01A7047
:10583000FFF7E0FFFBF7D0FF01F02AFA0420FFF7A3
:10584000D9FF254C254D2646AE4204F1300410D335
:1058500000F044FE204C224EAC4226D300F052FE13
:10586000FAF71EFD1F4A137B23F00103137306B0E2
:1058700070BD54F80C3C059354F8103C049354F854
:10588000143C039354F8183C029354F81C3C0193C5
:1058900054F8203C009354E90A2354E90C0100F029
:1058A0000FFC54F8303C5E65CDE7D4E90A23B3F130
:1058B000FF3F08BFB2F1FF3F05D052EA0301206865
:1058C00003D100F0DBFE3034C6E73146183001F07A
:1058D0007DF8F8E7F8110020649F0000649F000045
:1058E000659700001808002008B50348034A002106
:1058F000121A03F056FD08BD50030020FC110020D1
:105900000023012270B586B0CDE904230F22019354
:10591000CDE9023214234FF4A0720E4D0E4E03FB5C
:1059200000550E4906EBC016044602FB00110C4B55
:105930003046009500F0C4FB737B2C7423F0040305
:105940007373084B013403EBC423EE606B6006B045
:1059500070BD00BFD010002098070020B0220020AA
:10596000F3930000B01A0020BFB50020FFF742FFFC
:105970002A4B03F5006282F3088883F30A88002427
:10598000E023274D274F85F82230EC772C766C7674
:10599000AC7685F820406B6A43F4E0236B6285F8AF
:1059A0002340FBF761FAFBF799FB4FF0FF33AB6243
:1059B000EB62FBF71FFDFBF7B5FB1B4800F0EAFBB2
:1059C00003F0C1FCFBF7EAFE0120FFF713FF022002
:1059D000164DFFF70FFF00F0C9FD154B15495D612E
:1059E000154B4FF40062059301232846CDE903438C
:1059F000CDE901443B46009400F062FB06466A7B19
:105A0000284622F004026A7303F06FFE2046FFF777
:105A100077FF3A4631462846FBF740FBB01A002094
:105A200000ED00E02558000038090020180800208B
:105A3000D0100020F0230020F0A5000038B5064C5F
:105A4000064DAC4201D3002038BD2046D4E90112F6
:105A500003F0ABFC1434F4E78C020020A002002019
:105A60002DE9F341044617461E46EFF31188202323
:105A700083F31288BFF36F8FC368334A7BB18068AA
:105A80009168884219D057EA060318D188F3118823
:105A9000BFF36F8F6FF00F0002B0BDE8F081916827
:105AA00091F90E100133E36093682161A36088F3DC
:105AB0001188BFF36F8F0020EEE72169F2E791F9BB
:105AC0000E1090F90E306FF07E029942A8BF194671
:105AD0009142B8BF11468B422DDD03F095FC05467F
:105AE00022464146CDE90076184800F03DFC0028EA
:105AF000E1D0EFF31186202383F31288BFF36F8F79
:105B0000A068D0B1236821699C420AD04BB193F9B7
:105B10000E309942A8BF19466FF07E039942B8BF74
:105B2000194603F071FC40B13146084800F0B0FC62
:105B30006FF00A00B0E70025D2E7002DF4D186F31C
:105B40001188BFF36F8FF3E7D0100020F911002008
:105B5000F8B583680546002B3FD0234A92689342EC
:105B60003ED1C368012B03D9013BC3600020F8BDBF
:105B7000EFF31187202383F31288BFF36F8F01693E
:105B8000806803F041FC2C68A54207D10023C5E9D9
:105B9000023387F31188BFF36F8FE7E7002CF5D04E
:105BA000D4E90032002613605A60637BC4E90066C2
:105BB00023F002036373A66004F1180003F051FEA2
:105BC000AC6094F90E3020462B61E66703F08DFD42
:105BD0003946064800F05CFCC8E76FF01500C6E7E0
:105BE0004FF0FF30C3E700BFD0100020F9110020B4
:105BF00037B51146EFF31185202282F31288BFF3E7
:105C00006F8F04689CB12368426823F003039442B9
:105C1000036008BF43600121204603F082FC044674
:105C200085F31188BFF36F8F204603B030BD51EA72
:105C30000302F5D000F10802CDE900131046294611
:105C400000F092FB0028EFD1014B9B681C69EBE749
:105C5000D010002070B5EFF31186202383F3128853
:105C6000BFF36F8F0468A0421AD0CCB1D4E90032E0
:105C7000002513605A60637BC4E9005523F00203DA
:105C80006373A56004F1180003F0EBFD2046E5679F
:105C900003F02BFD3146BDE870400A4800F0F8BB28
:105CA000D0E902329A4218BF0133022183601030DA
:105CB00003F08EFE0028EDD186F31188BFF36F8FBD
:105CC00070BD00BFF911002013B5EFF3118120243E
:105CD00084F31288BFF36F8F846844B1013C846001
:105CE00081F31188BFF36F8F002002B010BD52EA1C
:105CF000030406D181F31188BFF36F8F6FF00F009B
:105D0000F3E7CDE900230246014800F02DFBECE764
:105D1000F911002007B5074B4FF4006200930649C4
:105D20004FF0FF33054800F04FF9002003B05DF855
:105D300004FB00BF08A20000F02B00209808002000
:105D40002DE9FF41044620274E4EEFF3118887F3DB
:105D50001288BFF36F8FD4F88450F5B9022104F193
:105D60009C0003F01FFC002868D004F19405002279
:105D70000121284603F03CFD0028F8D100234FF014
:105D8000FF3202934FF0FF334146CDE900233E48F6
:105D900004F18C0200F038FDD7E7D4F888202B6896
:105DA0009542C4F8843008BFC4F88830D4F89C30D9
:105DB00043F00203C4F89C30EB6823F0040343F083
:105DC0000103EB606B6888F31188BFF36F8F28467F
:105DD0009847EFF3118887F31288BFF36F8FEB6852
:105DE000D80623F0010236D4EA60EB689A0716D58C
:105DF000306823F00203EB6088B10021036870B1C2
:105E00004268954235D1036869BB7268336082424B
:105E100000D17360002340F8083BFFF71BFFD4F864
:105E20009C3023F00203C4F89C3088F31188BFF340
:105E30006F8FDB0589D400F0A1FB86E7D4F89C3096
:105E4000D9069BD5C4F89C0088F31188BFF36F8FE7
:105E500004B0BDE8F08123F01103EB6005F1100000
:105E6000FFF7F8FEC1E70B607368834208BF7160FB
:105E7000D0E723B11A68014618461346BFE71A4611
:105E8000F9E700BFF0100020F9110020F8B5C36851
:105E900004469A070F46C3F340062ED45B071CD472
:105EA0000B680BB983680B60E368DD0742BFA3682A
:105EB00002263B603D6858BF0126002D3CD0204B98
:105EC0009A68D5F880309A420AD0D5F89C30D80725
:105ED000C3F3800214D46FF0120600233B6025E068
:105EE00003F0C0FBD5F89C300028F0D1D907C3F3EC
:105EF000C002F0D552B15B0708D46FF00F06ECE793
:105F0000002AFAD1C3F3C003002BF6D1002323608B
:105F1000D5F8883063B9C5E92144284603F04EFB23
:105F2000E36843F00403E3603B68A3603046F8BDD8
:105F30001C60C5F88840F0E76FF01506CDE700BF9C
:105F4000D0100020F8B5C368064603F00503002B07
:105F50000C4614BF012700271CD0856801220021B0
:105F600004F1100003F00EFB2046134903F02DFB53
:105F7000E36843F01003E360F3685B0712D533680E
:105F800023606BB9D5F8883033B9C5E92144284678
:105F900003F014FB3846F8BD1C60C5F88840F6E7EE
:105FA0003460F4E7D5F884302360D5F88830C5F83C
:105FB0008440002BEBD1F0E7BB950000014601487F
:105FC00003F01FBB98080020F0B50446002089B0FC
:105FD000C4E921000E9D04F18C00C4E9230004F102
:105FE0009400C4E9250055B32879002840F2011037
:105FF00008BF0120C4F89C0000204FF0FF364FF08E
:10600000FF37CDE90330CDE90100CDE90667204631
:106010000C4B009400F092F855B1296811B120465C
:1060200003F026FB6B791BB1237B43F00103237341
:10603000204600F023FBC4F8804009B0F0BD0120E9
:10604000D8E700BF415D000030B50A46044685B080
:10605000EFF31185202383F31288BFF36F8FD0F8FD
:106060009C3013F0060F1DD1B1B143F00C03C4F8FE
:106070009C30204603F0A2FA00234FF0FF32029337
:106080004FF0FF332946CDE900230C4804F1940278
:1060900000F0BAFB05B030BDD0F8840048B143F041
:1060A0000403E4E743F00401C0F89C10002AE0D0A8
:1060B000DBE785F31188BFF36F8FEBE7F911002061
:1060C0002DE9F043984685B000F15803C0E9163336
:1060D000109B002603730423073222F00705437345
:1060E0000F9B01EB05090F4683734946C0E906661D
:1060F0008660C6730446FAF755FD0E9B073020F004
:106100000700E066C4E9197502930D9BA9EB00092D
:1061100001930C9B4A460093394643462046FAF7C2
:10612000A1FF054B66659B6803B11B6F484623675B
:1061300005B0BDE8F08300BFD0100020F0B5002509
:1061400087B00595109DDDE9127604950F9D0446F4
:1061500003950E9D02950D9D01950C9D0095FFF7F1
:10616000AFFFB6F1FF3F08BFB7F1FF3F05D056EADA
:10617000070305D1204600F081FA204607B0F0BDA4
:106180003A46334604F11800014900F01FFCF4E7D9
:106190006597000040F201138381002310B5044687
:1061A000C0E9193300F066FD014B9C6010BD00BFD3
:1061B000D01000206FF00A01084A9368D967084997
:1061C00098674B6843F080534B60002383F311883A
:1061D000BFF36F8F9368D86F704700BFD010002057
:1061E00000ED00E070B590F90D20437B002A36DB0E
:1061F000D90634D11B4C63F07F032246437352F817
:10620000183FE169934207D1C0E900210860E061CD
:1062100011E09942F8D01B68002BF5D090F90E5090
:1062200093F90E60B542F4D0AE42F2DD5968C0E990
:10623000003108605860A569954200D005B9E5684D
:10624000A3685A7BD20604D1DA897F2A01D9AA69C8
:1062500032B1AB4202D0284600F016FB656170BD3A
:106260006361FCE7D010002038B590F90D2001469D
:10627000002A437B04DA03F07F03437303F0FBF946
:106280000D4D2A4652F8184FAB68944200D004B91D
:10629000EC688B4207D05A7BD20604D1DA897F2A78
:1062A00001D9A2692AB1A34202D0204600F0ECFA3B
:1062B00023466B6138BD00BFD0100020B3F1FF3F13
:1062C00008BFB2F1FF3F03D00249183000F07EBB97
:1062D000704700BF6597000070B590F90D2001462A
:1062E000002A437B04DA03F07F03437303F0C3F90E
:1062F0001C4C4B7B224663F07F034B7352F8183FD4
:10630000E069934207D1C1E900200160E16111E039
:106310009842F8D01B68002BF5D091F90E5093F9F4
:106320000E60B542F4D0AE42F2DD5868C1E90030EB
:1063300001605960A569A368954200D005B9E56878
:106340008B4207D05A7BD20604D1DA897F2A01D941
:10635000AA692AB1AB4202D0284600F095FA2B4632
:10636000636170BDD0100020F8B5DDE906670D4B04
:106370000C46986811460C4A1060EFF311822022F7
:1063800082F31288BFF36F8F9D68284603F085F96A
:10639000284632463B46FFF791FF2046BDE8F840CD
:1063A000FFF708BFD0100020F8100020F8B5044611
:1063B000EFF31187202383F31288BFF36F8F437BA2
:1063C00049B203F01F02002A0CBF0126002639D172
:1063D00003F07F032D4D437303F04DF92A46437BB1
:1063E000817363F07F03437352F8183F934227D1C0
:1063F000E869C4E900200460EC610FE09842F8D03D
:106400001B68002BF5D093F90EC06145F6D08C4582
:10641000F4DD5968C4E900310C605C60AC699442F9
:1064200000D004B9EC68AB689C4202D0204600F072
:106430002BFA6C6187F31188BFF36F8F3046F8BD7C
:10644000E869DEE79B071ED5856803F014F98173C0
:106450002B689D4209D16B68C4E900531C606C60D5
:10646000E8E76A689342F6D01B68002BF3D093F9F3
:106470000E209142F5D08A42F3DD5A68C4E9003219
:1064800014605C60D6E78173D4E700BFD0100020B1
:1064900049B9EFF3058030B9054B5A699B689A42B8
:1064A00001D0FFF787BE81F31188BFF36F8F70476C
:1064B000D0100020034648B9EFF3058232B9064AEE
:1064C00051699268914201D0FFF774BE83F311883D
:1064D000BFF36F8F704700BFD0100020EFF3118122
:1064E000202383F31288BFF36F8F054B9A68D37B09
:1064F000013BD37381F31188BFF36F8F704700BFE7
:10650000D010002070B5EFF31186202383F312889A
:10651000BFF36F8F144DAB68DA7B0132DA732A4612
:1065200052F8184F944200D004B9EC685A7BD20656
:1065300004D1DA897F2A01D9A2692AB1A34202D003
:10654000204600F0A1F923466B6186F31188BFF362
:106550006F8FEFF31180202383F31288BFF36F8FC7
:10656000BDE87040FFF7A6BFD0100020024B03F13A
:106570001802C3E906227047D010002070B5EFF36F
:106580001186202383F31288BFF36F8F1B4CA16801
:10659000E0690B68814214BF1A46002249680B600B
:1065A0005960A368E1692AB9154AC3E900210B6063
:1065B000E3610CE093F90E0092F90E50A84218D056
:1065C000854216DD5168C3E900210B605360A5695F
:1065D0000B4B9D4200D005B9E568A3689D4202D0EF
:1065E000284600F051F965613046BDE87040FFF77C
:1065F000E1BD8A42D8D01268D5E700BFD010002094
:10660000E8100020F8B550EA010306460C4603D115
:10661000FFF7B4FF0020F8BDEFF31187202383F3C9
:106620001288BFF36F8F124D124BA8681860FFF7E6
:106630001BFEA868234632460F49183000F0C6F901
:10664000AA680446537B384643F004035373FFF7AC
:10665000B1FDAB68D3E90A23B3F1004F08BF002AAC
:10666000D8D103F026F9201A20EAE070D3E700BF62
:10667000D0100020F81000206597000038B50446BF
:10668000EFF31185202383F31288BFF36F8F437BD1
:106690005B070FD5183003F0E4F8637B204623F046
:1066A00004036373FFF79EFD2946BDE838400448A4
:1066B000FFF7EEBE85F31188BFF36F8F38BD00BFC3
:1066C000F9110020014B9868704700BFD0100020DE
:1066D0002DE9F8430446077BEFF31185202383F36C
:1066E0001288BFF36F8F437B190705D585F3118897
:1066F000BFF36F8FBDE8F883D90943F008025AD180
:106700004273A36813B1204602F0BDFF04F11800E4
:1067100003F0A7F8A66D04F15808B04511D04FF06A
:10672000000976B1304602F0AEFF06F1180003F022
:1067300098F83046C6F87C90FFF754FDA66DB0453A
:10674000EFD1DFF8B880D8F808309C423BD1EFF3A6
:106750000589B9F1000918BF4FF00109D8F8186090
:10676000274A964200D00EB9D8F80C60B34202D046
:10677000304600F089F8C8F81460B9F1000F02D073
:106780002048FFF707FDD8F808309C4231D1EFF3DD
:10679000058373BB227BD20718D42846FFF70AFD76
:1067A000FB07A7D5002383F31188BFF36F8F042362
:1067B000184602DF9EE703F07F0343F008034373AC
:1067C00002F059FF9DE74FF00009C7E785F31188F4
:1067D000BFF36F8F83F31188BFF36F8F04231846C5
:1067E00002DFEFF31180202383F31288BFF36F8F52
:1067F000D4E785F31188BFF36F8FD1E7D010002065
:10680000E810002038090020D3B5DDE90667089CB0
:10681000CDE90067FFF7A8FD1CB1034B9B681B691E
:10682000236002B0D0BD00BFD01000200122044B75
:10683000C01A044BC0105843034B1A54704700BF92
:10684000B8090020ABAAAAAAF9110020C3897F2B9E
:1068500012D80A4B1B6863B1094B90F90E201B68D4
:106860009A4209DB437BDB0606D1064BC31A18BFED
:10687000012303F0010070470023FAE770020020B3
:10688000FC1000209807002070B50E4B0E4C1E7CAB
:10689000054606EB460304EBC304204602F0E1FF85
:1068A00000220A4B28469A55FFF7D0FF48B1084B03
:1068B0002046BDE870401A680649013AD31700F037
:1068C00085B870BDD0100020B8090020F911002053
:1068D000700200202D68000038B5EFF311852023E9
:1068E00083F31288BFF36F8F104B114A9C681068B6
:1068F000A04206D1FFF7C8FF85F31188BFF36F8F61
:1069000038BD00211B7C11600A4AD35C002BF3D0F8
:106910002046FFF79BFF0028EED0637BDB0602D109
:106920002046FFF7D9FC2046E4E700BFD010002046
:10693000F8100020F9110020074808B5074A084957
:10694000121A02F030FDBDE808400648064A074921
:10695000121A02F028BD00BF0000002050030020E2
:1069600038A60000000000200000002038A600002B
:10697000024B1868984208BF00207047740200203C
:10698000034B1B680BB9FDF74FBB0020704700BFDE
:106990000011002030B570B10B4B5B6898420AD0F3
:1069A000036843B1D3E90421D0E90445121941EB4E
:1069B0000501C3E90421D0E9003213605A600023C5
:1069C000C0E9003330BD00BF74020020B3F1FF3FC7
:1069D00008BFB2F1FF3F2DE9F84F0446994615462E
:1069E0001F467AD08160EFF31188202383F3128849
:1069F000BFF36F8FB9F1000FDFF8E4A020DBFFF7E2
:106A0000BFFFDAE90027013549F100092D1849EBEC
:106A1000E07306464FF00109C4E90453AD1843EB97
:106A20000707FFF7A5FF0346DFF8B8E0DEF804A08C
:106A3000EBB9C4E900EACAF80040CEF8044028E007
:106A40006FF00103DAE900125B1A4FF0FF3161EBDE
:106A500002025B1B62EB0902012B72F10001BCBF59
:106A6000012300224FF00009C0E90432D9E7D3E93D
:106A7000041CD4E904208A4270EB0C0B24DA891A36
:106A80005A686CEB0000C3E90410C4E900321460DA
:106A90005C60FFF76DFF84420ED1134B1B685BB93E
:106AA000B9F1000F02D1FFF76BFF0646304602F046
:106AB000C1FE0021FDF78AFA88F31188BFF36F8FBA
:106AC00028463946BDE8F88F521A60EB0C009A450B
:106AD000C4E90420ADD01B68AAE700252F46EFE7E4
:106AE000D009002074020020001100202DE9F04799
:106AF000EFF31185202383F31288BFF36F8FDFF844
:106B0000A0900026C9F800000027FFF731FFDFF84A
:106B10009480D9F80030D8E900ECD91750B1D0E909
:106B20000442A34271EB020A1BDAE41A62EB01028F
:106B3000C0E90442002413EB0E034CEB0101204694
:106B4000C8E90031C9F8004002F074FE2146FDF7A3
:106B50003DFA85F31188BFF36F8FBDE8F047FFF76B
:106B6000BBBE14EB0E024CEBE473C0E90467C8E94A
:106B70000023FFF70FFF85F31188BFF36F8F836842
:106B80009847EFF31185202383F31288BFF36F8FAB
:106B9000D9F800301B1BC9F80030FFF7E9FEB8E751
:106BA00000110020D009002010B5EFF3118420233C
:106BB00083F31288BFF36F8FFFF7E2FE0346054AA7
:106BC000D2E90001181841EBE37184F31188BFF397
:106BD0006F8F10BDD009002038B50346EFF3118543
:106BE000202282F31288BFF36F8FC1600121816080
:106BF0000068834206D185F31188BFF36F8F0024AC
:106C0000204638BDD0E9003213605A600023C0E945
:106C1000003302F09AFE294604460248FFF738FC8A
:106C2000EEE700BFFA1100202DE9F04105460E46BF
:106C3000174602F017FD28B9074B9B681C6F14B963
:106C4000BDE8F081054C3B46324629462046BDE86A
:106C5000F04102F0DCBE00BFD01000208C0200200A
:106C600002460021014B024802F0D1BEA17500008E
:106C70008C020020014B0367704700BF8C0200208C
:106C80000146024A0020FFF7CFBF00BFA1750000F8
:106C9000014800F0E2BC00BFFEA500000CB430B516
:106CA0008BB004460D462022002102A802F0DBFE34
:106CB0000223002D06948DF80A300C4B039312DB4F
:106CC00001D06B1E1C440FAA0E9902A807940192D2
:106CD00000F00EF815B1069B00221A700BB0BDE84B
:106CE000304002B070470024EDE700BF9F9B0000DA
:106CF0002DE9F04F43688DB01546804602938378A6
:106D00009A0740F10D8100240E78002E00F00A81D0
:106D1000252E0BD04B1C0393013441463046029B79
:106D200098470028C0F2F6800399EDE74E788B1C57
:106D3000252E0393F0D00027B946BB46BBF11F0FA9
:106D400038D8A6F12003102B0AD8DFE803F02A096F
:106D500009300909092109090928092D09091F0014
:106D6000A6F13003092B33D92A2E37D11BF0400F5F
:106D700055F8043B40F08280002BA7BF4BF0200B5E
:106D80009946C3F100094BF0280B01E04BF0010BD1
:106D9000039B13F8016B0393002ECFD130E04BF02F
:106DA000020B4BF0040BF3E74BF0080BF0E74BF052
:106DB000100BEDE7BBF17F0F19D8A6F13003092BBB
:106DC000D2D81BF0400F03D00A2101FB0737DFE7C1
:106DD0000A214BF0200B01FB0939D9E72E2E06D1F1
:106DE0001BF0400F40F09E804BF0400BD0E76C2E24
:106DF00031D02BD8682E36D06A2E3CD04C2E3AD0CB
:106E0000002F46F02003B8BF2BF04002A3F165012C
:106E1000BCBF00271FFA82FB022901D9612B2FD1A9
:106E200007350727DFF8ACA225F0070508351BF06A
:106E3000080F66D00AEB070B56465E4563D1A4EBFC
:106E40000A0AA9EB070906EB0A026FE1742E9FD02C
:106E50007A2E9DD0D4E71BF0800F18BF4BF4007B37
:106E60004BF0800B94E71BF4807F18BF4BF4007B42
:106E70004BF4807B8CE74BF4207B89E71F4687E748
:106E8000A6F16301122900F2F080DFE811F013008F
:106E90004F00EE00EE00EE00EE004F00EE00EE00C0
:106EA000EE00EE00EE00FE00E900EE00EE001B003A
:106EB000EE00AF0055F8043B01270DF1180A8DF8DC
:106EC0001830B4E755F804AB834BBAF1000F08BF94
:106ED0009A461BF0400F504614BF39464FF0FF3121
:106EE00002F0FBFD0746A2E741462020029B98479F
:106EF00000280FDB013EB742F6D34C44B146A41B39
:106F000098E74E46F7E7414616F8010B029B984773
:106F1000002892DA98F8023043F0040388F802302F
:106F20004FF0FF3420460DB0BDE8F08F1BF0800F0E
:106F300034D01BF4007F2CD0073525F00705AA4676
:106F400069685AF8080B2BF010050029ADB237DA42
:106F5000404245F4806561EB41010DF1180B0A23B5
:106F60005A4602F0C6FDA0EB0B0301936B0662D5F7
:106F7000019B25F001019F4289B240F3A180002EC0
:106F800000F0998015F0100240F09C80BB460D4641
:106F900023E0AA465AF8040BC117D4E7AA461BF40B
:106FA000807F5AF8041B01D10846F5E71BF4007FE7
:106FB00019BF48B241F3C01108B241F3C031C2E772
:106FC00050EA0103C9D11BF0400FC6D0002FC4D135
:106FD0002BF01102BB46019795B240F2064115EA2B
:106FE00001021CBF0BF1010B00222CE02BF0100260
:106FF0000A231FFA82FB1BF0800C49D01BF400719E
:1070000015BF0735AA4625F007055AF8040B1EBF21
:10701000AA4669685AF8080B50EA010545D12BF0D9
:1070200016051BF0400FADB242D0002F40D12BF01F
:107030001702019795B215F0100248D0019B002E5F
:1070400042D103F1010B29075AD4EB0706D5D945E4
:107050006FDDA9EB0B030199CB465F185B4649E056
:107060004BF0100B10237826C5E7782B04D1C6F11E
:10707000780343F01003BEE741462520029B984762
:107080000028FFF647AF023447E608230026B2E7A0
:10709000AA461BF480715AF8040BBDD01BF4007192
:1070A0001ABFC0B2614680B2B6E72BF0060295B2B5
:1070B0000DF1180B54E725F01105BB46ADB28CE776
:1070C0000D46B8E73B460D4603F1020BBBE7DDF882
:1070D00004B082E72DA6000026A60000CDE9043208
:1070E00041462020029B98470028FFF613AF049BDF
:1070F000059A01339945F1DCA4EB0B019B46CC18B2
:107100000AB341463020029B98470028FFF602AFA1
:107110008EB901342744391B019B994224DC1D465A
:1071200055BB019AA9EB0B095546224414469144DC
:1071300033E0019F92E7023441463046029B984774
:107140000028E7DAE6E640F206410D42E2D015F00B
:10715000020F04F10104414614BF2B20202015F436
:10716000806F18BF2D20E9E741463020029B013493
:1071700098470028CFDACDE606AB013D4146585D81
:10718000029B98470028CBDAC4E641462020029BA8
:10719000013498470028FFF6BDAEA9EB0403002B8D
:1071A000F3DCC1E5704710B502780B46083A012AB6
:1071B0000FD8447841681F2C28BF1F241846224648
:1071C00002F044FC012203460020185583F82020D9
:1071D00010BD0120FCE7836800EBC101B3F5004F4F
:1071E0002CBF51F8220031F81200704700EBC101AA
:1071F0008068B0F5004F2CBF41F8223021F81230E2
:107200007047012208B5FFF7E6FFD04008BD83684C
:1072100000EBC101B3F5004F08D34B681AB143F03E
:1072200001034B60704723F00103FAE74B881AB162
:1072300043F001034B80704723F00103FAE753004A
:107240000122FFF7D3BF8368B3F5004F34BF042397
:107250000823C91A081AC0087047B0F5004F34BF98
:1072600004230823481C0833A0EBD300B0FA80F0B5
:10727000C0F11F0070472DE9F041174603220E466A
:107280000446FFF7A8FF8642054607F104080AD125
:107290000122E368BA4023EA0203E360002344F8D2
:1072A0002830BDE8F081314602222046FFF793FFE7
:1072B00006462B4601460322204644F82850FFF795
:1072C00095FF334629462046BDE8F0410222FFF7EC
:1072D0008DBF70B50D4686680446FFF792FFB6F580
:1072E000004F014601D3012809D03046FFF7B5FF12
:1072F000294602462046BDE87040FFF7BCBF70BD7E
:107300002DE9F04705468068FFF7A7FF05EB800AE7
:10731000DAF8109088460646B9F1000F1BD0032713
:10732000DAF8104028462146FFF76BFF404507D3A7
:10733000324621462846FFF79EFF2046BDE8F087EB
:10734000032221462846FFF746FF013FCAF81000F6
:1073500001D08145E4D14FF0FF34EB680136B440F1
:107360001C40EAD094FAA4F2B2FA82F2131D55F846
:107370002340DEE72DE9F04114460E460546FFF7AF
:1073800040FFA4EB0608371B074442463146284617
:10739000FFF755FF3A4621462846FFF750FF434680
:1073A000002221462846FFF721FF21462846FFF705
:1073B00028FF3B46211800222846BDE8F041FFF790
:1073C00015BF2DE9F041164604460F46FFF719FF99
:1073D000314605462046FFF714FF05442A46394644
:1073E0002046FFF72CFF31462046FFF70AFF2B46C9
:1073F000311800222046BDE8F041FFF7F7BE2DE925
:10740000F0410D4686680446FFF7FBFEB6F5004FD7
:10741000014601D3012832D03046FFF71EFF04EBAE
:1074200080010E6996B90122E36882401343E3604C
:1074300002220D612B4629462046FFF7D7FE032284
:1074400029462046BDE8F041FFF7D0BE0222314672
:107450002046FFF7C0FE0746034629462046FFF7B1
:10746000C5FE0322334629462046FFF7BFFE3946B4
:107470002B462046FFF7BAFE02223146E1E7BDE87F
:10748000F081F8B50C460546FFF7BBFE2618012231
:1074900031462846FFF79FFEC3070CD431462846E5
:1074A000FFF717FF21462846FFF7ABFE21462218BB
:1074B0002846FFF786FF002221462846FFF78BFE6D
:1074C000271A012239462846FFF785FE10EA0206F0
:1074D00013D139462846FFF7FCFE2146324628469E
:1074E000FFF779FE2246211A2846FFF76AFF214658
:1074F00032462846FFF76FFE241A21462846BDE88B
:10750000F840FFF77CBF38B571B105680022284606
:10751000FFF799FE044601462846FFF778FE21460C
:10752000BDE83840FFF7ADBF38BD70B5056809B993
:10753000002070BDAB6801F00704B3F5004F2CBF0D
:107540000822042207341444E40804EBD1049C42CA
:1075500028BF1C4628462146FFF7D2FE06460028D3
:10756000E6D001462846FFF74CFEA04209D9344434
:10757000314628462246FFF7FDFE21462846FFF702
:107580003EFF284601223146FFF741FEAB68B3F5C6
:10759000004F34BF0423082303EBC6031844C8E795
:1075A0001146FFF7C2BFB2F5802F2CBF082304237A
:1075B0002DE9F0410026D21A8C18CD1D25F00705C3
:1075C00024F00704641BE408056021462046AC60F3
:1075D000EE60FFF742FE421D9200013002F1070704
:1075E0004FEAD7073146A2F1100205F11000B8BFEB
:1075F000324602F038FA3A4631462846FFF71FFE77
:107600003346324631462846FFF7F0FDA4EB070823
:10761000284631460122FFF7FAFD42463946FFF778
:107620000EFE3B46324639462846FFF7DFFD21462F
:107630002846FFF704FE4346324621462846FFF718
:10764000D5FD214628460122FFF7E1FD3946BDE878
:10765000F041FFF7D4BE002070470FB407B504A96E
:1076600051F8040B0191F8F77BFE03B05DF804EBD1
:1076700004B070470FB407B504A951F8040B019189
:10768000F8F76EFE03B05DF804EB04B07047038BAF
:1076900013F0070305D10368002B0CBF0020032063
:1076A0007047022B05D1408BB0FA80F04009800072
:1076B0007047012B05D10368002B0CBF002005206B
:1076C00070470020704710B50C4600B111B96FF03B
:1076D000150010BD081D00F0B7F80028F9D1A36807
:1076E000032BF6D9F3E72DE9F0410D46074619467D
:1076F000281D90461E4600F0BBF8044638B13346BC
:10770000424629463846A446BDE8F0416047BDE8F8
:10771000F08110B4EFF31182202484F31288BFF3B8
:107720006F8F416110BC0121F8F74CBE38B50C4693
:10773000054658B151B10B6843B14B6833B11C22B7
:10774000002102F090F900202C6138BD6FF0150087
:10775000FBE770B505460E46FFF7B5FF041E14DBC8
:10776000EFF31182202383F31288BFF36F8F4FF65C
:10777000FF716B8B2C8B8B4204F0070407D182F3D3
:107780001188BFF36F8F6FF00A04204670BD022C82
:107790000CD101336B8382F31188BFF36F8F002309
:1077A000224631462846FFF79EFFEEE7062C14D806
:1077B000DFE804F004131313041A040000233360F9
:1077C0006B683BB9C5E90066ACB902212846F8F7F9
:1077D000F9FDDAE71E606E60F6E782F31188BFF309
:1077E0006F8F6FF00404D0E782F31188BFF36F8FBF
:1077F0006FF08504C9E782F31188BFF36F8FC4E788
:1078000010B5EFF31182202383F31288BFF36F8F3B
:10781000048B04F00704022C0AD0012C0CBF6FF07B
:1078200004006FF0850082F31188BFF36F8F08E0CA
:10783000438B013B9BB2438323B92146F8F7C2FD3A
:10784000204610BD2046EEE7034640B1426802F0F4
:107850000302022A06D0032A04D0012A05D06FF0C1
:10786000150070471A68002AF9D000209860704708
:1078700010B54268034602F00302022A4FF00004EA
:10788000816007D0032A02D05C60002001E0186804
:107890005C6010BD18685C600028F6D0FFF79CF9AA
:1078A000F3E7704720B183682BB11B6833B11847E9
:1078B0006FF0150070476FF004007047184670476E
:1078C00020B183682BB15B6833B118476FF01500A6
:1078D00070476FF0040070471846704730B450B1DD
:1078E00049B142B1846854B1E56845B141F8040B2F
:1078F000E36830BC18476FF0150030BC70476FF07C
:107900000400FAE710B5044650B1006858B1836826
:1079100063B11B6953B16168984700B9206010BD1D
:107920006FF01500FBE76FF00100F8E76FF004005F
:10793000F5E730B41346044650B1006860B1826880
:107940006AB195685DB10A46AC46616830BC604773
:107950006FF0150030BC70476FF00100FAE76FF070
:107960000400F7E70369D3F8780370476FF08500E8
:107970007047084608B5114618B101F0A0F900207B
:1079800008BD6FF00100FBE7084608B5114618B1C5
:1079900001F08CF9002008BD6FF00100FBE713B582
:1079A00004460846216901F55D71D1E8AF1F02293F
:1079B00009D15BB168B100931346D0E90912FDF714
:1079C0005FFC02B010BD6FF00F00FAE76FF04C00E3
:1079D000F7E76FF00100F4E72DE9F8431C46DDE915
:1079E0000853164698460F46006939B34AB344B364
:1079F0006A1C43F10003022A73F1000324D22268B7
:107A000042B1D0F878339A4204D96FF00B0023606A
:107A1000BDE8F88305EA080909F101035A425A4111
:107A20002146384601F054F988B9B8F1FF3F08BF44
:107A3000B5F1FF3FF0D06FF06800E9E76FF00100AB
:107A4000E6E76FF01500E3E76FF08500E0E73060F0
:107A50000020DDE701F0A1B938B50D46044600F17C
:107A600048012846F8F776FB30B1284604F1C001FA
:107A7000F8F770FB20B90120782303FB004038BDE4
:107A80000020FCE702F5307102F5347001F0B9BD59
:107A9000D0F8B030A0F53070003B18BF012300EBE8
:107AA0008300D0F8AC0201F0A2B8C86828B1096917
:107AB00083681B680BB1002218477047FEF748B86F
:107AC000D0E8EF3FC0E8E21F002AF9D1704710B5B7
:107AD000436804691B68C4F8703304F5EC7001F066
:107AE0009BFC002104F55D70FFF7EAFF084610BD1E
:107AF0002DE9F74317460D4691B30B7883B3D0F8C1
:107B0000C440A4F5E27914344FF0FF324FF0FF3354
:107B10002046FDF7A5FF2A46484601A9F8F78CFD47
:107B2000019E80462EB9204603B0BDE8F043FFF722
:107B3000C5BF58B12046FFF7C1FF3B462A46314634
:107B4000484603B0BDE8F043F8F754BD1F2229466C
:107B500006F1480001F0B1FF86F86780B766E2E7FA
:107B600003B0BDE8F083030103EB4003093323F0C6
:107B7000030303EBC00348430330083320F0030042
:107B80001844400070472DE9F84306464FF00108BD
:107B90000569D0F8049005F55D77D7E8EF3F022B33
:107BA00003D1C7E8E28F002AF7D141D195F86C30B4
:107BB000002B40D195F8E430002B3CD12846D5F875
:107BC000701300F054F8044680BB73683669D3E93B
:107BD000050183681B693BB322469847044628BBCE
:107BE000414606F53470FEF72FFAD6F8500305F536
:107BF000F876F9F76FF93046D9F8001000F072F80E
:107C0000044698B90146D022304601F02CFF2146A7
:107C10004FF4F672284601F026FF21463846FFF75A
:107C20004FFF2046BDE8F8836FF057040221F5E7C7
:107C30006FF07704F5E76FF00F04F2E710B5084630
:107C4000029B114652B993F86C202AB901221846BA
:107C500083F86C20F8F7DCFD002010BD1A6F9468E3
:107C6000002CF9D05A6FA047F6E701F096B838B566
:107C70000D46044660B1F03001F02EFB0DB100203E
:107C800038BDC4F8C451C4F8C851C4F8CC51F6E7A3
:107C90006FF01500F4E70268D2F8C83013B1D2F8DB
:107CA000C41018477047704783690BB9C36B1970CC
:107CB0007047012070478369012B03D1C36B18788B
:107CC000C0B270470420704738B5C41DE400204698
:107CD000FEF7C6FF054618B12246002101F0C3FE9B
:107CE000284638BD38B504463822002101F0BBFED5
:107CF0001822002104F1A40001F0B5FE1822002191
:107D000004F18C0001F0AFFED4F8C000FDF76AFA70
:107D1000D4F8BC00FDF766FAD4F8803004F15405BD
:107D20000BB12846984738220021284601F09BFED7
:107D3000FDF712F9002038BD012801D1EFF30583CA
:107D4000FDF740BD01460068FFF7F6BF08B5F8F73C
:107D500025FFBDE80840F8F745BF00210120FFF7E7
:107D6000EBBF436E83F30B88704761B662B680F356
:107D70001188BFF36F8F704708B572B6002383F385
:107D80001188BFF36F8FF9F7D7FC50B1BFF34F8F56
:107D900030BF00BF00BF00BF00BF00BF00BF00BFBB
:107DA00000BF62B6BFF36F8F08BD10B5044672B650
:107DB000002383F31188BFF36F8FF9F7BDFC50B137
:107DC000BFF34F8F20BF00BF00BF00BF00BF00BF89
:107DD00000BF00BF00BF84F31188BFF36F8F62B68E
:107DE00010BD40E800F313F4803FD8B208BF6FF035
:107DF0001500704730B50C684B6885B00A894D890D
:107E00000094013B24F01F04234402F01F0242EAC5
:107E1000451223F01F0369468DF808200393F9F7F4
:107E2000B7F905B030BD08B5F9F772FB002008BD01
:107E30007047002303824369C3607047416A8968C1
:107E4000F9F7D2BBEFF31182202383F31288BFF33B
:107E50006F8F00230B60436833B9C0E9001182F3D0
:107E60001188BFF36F8F704719604160F7E70346D1
:107E700010B5EFF31181202282F31288BFF36F8FC8
:107E8000006828B15C680268A0421A6008BF5A60A6
:107E900081F31188BFF36F8F10BD027A0132027235
:107EA000704783680B4403607047838802681944F5
:107EB0008180D018704730B484880568A318838007
:107EC000281930BC01F0C2BD10B5838802685C1C63
:107ED0008480D154D01810BD034600689A88401A97
:107EE00011441860998070470268531E03608388AC
:107EF0000133838002F8011C704703468288521ABE
:107F000082800068084418607047034600689A88B9
:107F1000521A01449A801960704710B50368012114
:107F20001C78FFF7EAFF204610BD02688068101A2F
:107F300070478388C2888168D21A03685B1AD01A96
:107F400070474FF05023012270B50C460546C3F828
:107F500014260020F9F780FC28462346BDE870402F
:107F600000211847012310B50621044600F8013B03
:107F700000F0D4F818B9A37963F03F03A37110BDE2
:107F80000B6803608B8883808B798371037823F07F
:107F90000203037070470078C0F34000704738B5A3
:107FA0000446807AF9F7F6FA6169054649B1637AC1
:107FB000DB0704D4436A20461B689B68984700236C
:107FC000636121462846BDE8384001F0CDBAF7B5D7
:107FD00004460E461746A388012B01D803B0F0BD16
:107FE0002046FFF79AFF05460028F7D0A388834272
:107FF000F4D32046FFF791FF23688DF80000013D80
:10800000394668468DF801500193B0470028E5D005
:1080100029462046FFF771FFDDE7034610B5D3E898
:10802000EF0F40EA0102C3E8E42F002CF7D110BDA6
:1080300001210C30FFF769BF30B40446084602EB5B
:10804000C3039A4201D130BC7047114611F8085B56
:10805000A54206D1018A53789942F4D330BC5368C3
:1080600018470A46EDE7D0E8EF3F0B40C0E8E23F93
:10807000002AF8D1704708B500200021F9F758FF11
:1080800018B1BDE80840F9F709BF08BD072208B5D7
:1080900001F0F1FCB0FA80F0400908BD00280CBFE7
:1080A00008460020704707B580B90621684600F0F1
:1080B00035F840B99DF80530684603F03F038DF868
:1080C0000530FAF755FA03B05DF804FB6FF01500C0
:1080D000F9E70120704710B50C4631B10020FFF7D9
:1080E000E2FF08B90123237010BD6FF01500FBE714
:1080F000D0E8AF0F7047034610B5D3E8EF0F00EAA2
:108100000102C3E8E42F002CF7D110BD08B5FCF73D
:10811000B3FF002818BF6FF0040008BD08B500F0D9
:10812000BEFB002818BF6FF0040008BD00692830AE
:10813000FDF790BDF8B504260C460769374438466C
:10814000228AE168FFF7F5FB10F10C0F054604D118
:108150004B2001F0F4F8013EF1D12046F9F7C2FAC4
:1081600005EAE570F8BD38B5046900200D46FAF758
:10817000F9FFB0B9206CFFF795FB10B110F1780F43
:108180000FD1206C04F10C02211DFFF7A7FB40B9B1
:108190004FF48032002304F12800FDF795FD00B96B
:1081A000256038BD10B50469201DFFF7ABFB034601
:1081B00048B9206CFFF784FB034620B900F005F8AE
:1081C000034600B92060184610BD08B50020F9F735
:1081D000C1FB002008BD0C220369C9B201FB0233B8
:1081E000986F00F00700704770B5C9B20369EFF3EC
:1081F0001185202484F31288BFF36F8F0C2606FBB1
:108200000134A46F14F0C00408D0A24206D085F354
:108210001188BFF36F8F4FF0FF3070BD012206FB56
:1082200001339A6785F31188BFF36F8F436803EBBF
:10823000C1035B6898470020EFE78022FFF7D4BFB7
:10824000F8B5069F0469C9B2EFF31186202585F3BE
:108250001288BFF36F8F0C2505FB0144A56F05F055
:10826000070CBCF1010F0CD1A76786F31188BFF38F
:108270006F8FC4E91C23436853F8313098470020BE
:10828000F8BD05F0C005AF4286F31188BFF36F8FCC
:108290000CBF6FF077004FF0FF30F1E713B580248B
:1082A0000094FFF7CDFF02B010BD10B41C2400698C
:1082B000CBB203FB0400002110BC10470320FCF7E5
:1082C0009BB80220FCF798B80020FCF795B8032073
:1082D00000F051B9022000F04EB9002000F04BB977
:1082E0001046FDF7B7BC0020704708461146FAF764
:1082F000C5B8436800205B681B690B607047436822
:1083000002EA01005B6821EA020198600020D9605E
:108310007047436800205B6899607047436800209D
:108320005B68D960704743685A68536821EA030064
:108330000B4090600020D360704710B50369586807
:10834000F8B1884219D19C680868A142586000D1F0
:108350009860002008602AB15A680A609A685960DB
:1083600002B99960002010E0814206D108682060BF
:1083700098688142EDD19C60EBE7044600680028D4
:10838000F2D1002AE8D16FF0150010BD30B451F8D9
:1083900020500C4601EB80023DB10146AC46D4F8BA
:1083A0008000002330BC126C604730BC704710B5B1
:1083B00000690F299FBF00EB810440F8212023644E
:1083C000002088BF6FF0150010BD002070471020FE
:1083D00070470F290ED843685B68CB40DB0709D58F
:1083E00001228B00DBB203F1A04303F52833002008
:1083F0001A6070476FF01500704738B50F290C46AA
:10840000056933D843681B68CB40DB072ED5D5F808
:10841000841021FA04F303F001031AB99BB96FF039
:10842000770022E0002BFAD111B92A20F8F7AAFD33
:108430000122D5F88430A2401343C5F88430E0B25D
:10844000FCF7AAFC0AE0E0B2FCF7AEFC0122D5F88A
:108450008430A24023EA0203C5F88430D5F8843082
:1084600013B92A20F8F79CFD002038BD6FF01500E5
:10847000FBE730B543681360057A446804EBC50434
:10848000A34202D36FF0010030BD5C798C4201D071
:108490000833F0E70020F7E743681B68D3F880044F
:1084A000C3F88004704742681368D3F8100150B1D4
:1084B0000020126A12780A70C3F81001D3F8102154
:1084C00001221A6070474FF0FF3070470268034680
:1084D000D2F8580140B95B68DB0706D4D2F8200116
:1084E000003818BF012070470120704743681B689F
:1084F000D3F80423D20517D5D3F82021A2B1EFF386
:108500001182202181F31288BFF36F8FD3F82011DD
:1085100031B10021C3F82011D3F820110121D96015
:1085200082F31188BFF36F8FD3F858317047002260
:1085300000F150039B009BB203F1502303F58033FD
:108540001A601B68704708B5FBF7DCFB08BD0047E5
:1085500000F0F5BE40F00040C1F88000704740F0E8
:108560000040C1F88000704740F00040C1F8800032
:10857000C2F880007047FBF79DBEF7B51646DDE9EF
:108580000847019001A81D46FBF7DEFF019BB6F1ED
:10859000000C18BF4FF0010C00EB83000B1E18BF3E
:1085A0000123002D43EA4C0314BF4FF00C0C4FF095
:1085B000000C002C43EA0C0314BF4FF4706C4FF016
:1085C000000C002F43EA0C0314BF4FF4403C4FF063
:1085D000000CD0F8002243EA0C0322EA030301B1A5
:1085E00009780EB13678760019430DB12D78AD00BB
:1085F00031430CB12478240229430FB13F783F0462
:108600000C433C43C0F8004203B0F0BD1FB50DF170
:108610000F03019300238DF80F101A46194600939B
:10862000FFF7ABFF05B05DF804FB38B5054608461B
:108630000C46FBF7DDFFB0B10846FBF7CDFF90B964
:108640000846FBF7BDFF01232A688340C2F80833C0
:108650002A6803B202EB8303D3F8102522F0030249
:10866000C3F8102538BD2046BDE838400021FFF78B
:10867000CDBFFCF741B8FFF7D8BF2DE9F04389B073
:10868000109E0446894690460021202268461F46D7
:10869000129D01F0E8F91F2E97BF01234FF0FF3321
:1086A000B34003F1FF332361119BC4E90098C4E98F
:1086B00002766361183445B10FCD0FC495E80F0001
:1086C00084E80F0009B0BDE8F0836D46F4E773B5A8
:1086D0000468661C31D08568A9422ED264182CD05B
:1086E0005E18AE4288BF6B1A056A35B10093052348
:1086F000A8470346184602B070BDBFF35B8F19460A
:10870000A41A101919B140EA0205AD070AD10329CC
:108710000DDC013811448A42ECD010F8014F02F808
:10872000014BF8E70078013902F8010BE9E750F84E
:10873000044B043942F8044BE9E76FF02103D9E711
:1087400073B50468651C32D08568A9422FD26418BD
:108750002DD05E18AE4288BF6B1A456ACDB100932A
:108760000523A84702B070BD12F8015B01390570FE
:108770001546A01819B140EA0206B607F4D103293C
:108780000ADC013D014488420CD1BFF35B8F1846DF
:10879000E8E71946A41AEBE755F8042B043940F82A
:1087A000042BECE715F8012F00F8012BEBE76FF035
:1087B0002100D7E773B51C46036815465A1C29D01B
:1087C0008268914226D25B1824D066189642866A47
:1087D00088BF541A36B105232A460094B047204674
:1087E00002B070BD184622464AB9294601F03BF94D
:1087F000BFF35B8FF3E700F8015B013AF4E783070F
:10880000F9D14FF001336B43032AEEDD40F8043B0E
:10881000043AF9E76FF02100E2E70020704708B55D
:10882000FCF72AFC002818BF6FF0040008BD70B5E3
:108830000D4614461E4611462846F9F70DF918B1A3
:1088400021462846F9F7BEF83460002070BD10B507
:10885000036C04461BB120210844FCF7BBFB00203D
:10886000206410BD38B50546FFF7F1FF2B7E0446A6
:10887000012B0ED0023B012B0ED8EB69012B18BF48
:108880006FF0960444220021284601F0ECF82046BF
:1088900038BDEB69002BF2E76FF09604F2E7FCF7C6
:1088A000A5BB10B4046B02460B4684B9C1681F29EE
:1088B00098BF23FA01F4416861B18068834209D20C
:1088C0001069184051F82430184410BC70472346F2
:1088D00010BC18474FF0FF30F7E730B5059CC4E9EE
:1088E0000002039A21811989E260049A618121853D
:1088F0006261D3E9002502EB0113C4E906128A1C68
:10890000236203EB42036A1C13446D422B406362F3
:10891000836953B90139E2698B4202EB031206DB2A
:10892000002393736FF07F03D373002030BD0133B6
:10893000D381F0E72DE9F04FB0F830A0044655465A
:10894000002685B002EB030891460E9A00EBCA039D
:108950001FFA88FB9A63A3F83CB008F1FF32C369A1
:108960000F1D0192B0451ADC238D2586A3EB0B0366
:108970002385236A61895A8801390A4003EB42033F
:10898000A3F804A0BFF35B8F0020226A5388013351
:108990005380638D0133638505B0BDE8F08FE06AD5
:1089A0002A0157F8041C03EB051502930368039290
:1089B000C91A83680837994228BF4FF0FF31FFF783
:1089C00070FFDDE90232985000226A6057F8082CE7
:1089D000AA60019A9642ACBF00220122B145D8BFDD
:1089E00042F00202AA810136ED89BBE7F0B550B32F
:1089F000456A448E6B88A34230D0631C438643890A
:108A0000BFF35B8F013B1C4005EBC4056B689EB256
:108A100009B1AD680D60D0F81CC09BB20CEB03111E
:108A200000EBC3039D8F078D2F44013D07859D8774
:108A30008D896F070ED5058ECD8100210686986B36
:108A4000996302B11480F0BD9D8FC989013D0CEB83
:108A500001119D878D89ED07F6D4ECE70020F2E740
:108A6000C36903EB01139868704770B5C369C56AA1
:108A700009015E586B6BE3B92C69621C09BF6B6816
:108A800034401C68341B21462846FFF70AFF864203
:108A900007D02B6901331C44AB689C42F3D34FF0E1
:108AA000FF342868431C09D0AB68A34206D9204490
:108AB00070BD3146284698470446F2E70020F7E7A4
:108AC00070B5BFF35B8F0D46016A1646838E4A88E8
:108AD00004469A4212D05A1C82864289013A1340B7
:108AE00001EB43018988298089B2FFF7BEFF2A88FC
:108AF000E36903EB02139B68336070BD0020FCE761
:108B000010B5026893691269920017D543B9438E74
:108B1000026A81694489013B1B1B02EB410293807D
:108B200003689B69012B08D1838E426A8169408961
:108B3000013B1B1A02EBC102938010BD23B9026AEC
:108B4000138843F00103138003689B69012B01BF65
:108B5000426A138843F001031380EEE710B5BFF3B8
:108B60005B8F036804461A699B6912F0005F1AD094
:108B70007BB9036A426A5B888169013B02EBC102EF
:108B800092889B1A628D9BB29A4214D80023638507
:108B900010BD012BFAD1436A026A5B888169013BEF
:108BA00002EB4102ECE763B9436A1B88DB4303F045
:108BB0000103002BEAD06369002BE7D020469847D9
:108BC000E4E7012BE2D1036AEFE7036A828E59885A
:108BD00091420AD0418901390A4003EB42039A8845
:108BE000C36903EB02139868704700207047BFF316
:108BF0005B8FC36803B1184770474FF0FF324FF0E7
:108C0000FF33FDF761B810B1C36A0133C362704727
:108C100038B1C26A013AC2621AB9026B02B1104796
:108C20000262704770B50446056A05F16406304675
:108C3000FFF7E3FF636AA3F580637F2B0BD8012264
:108C40005909503503F01F039A4055F8213023EAA3
:108C5000020345F82130D4E90F124A60E16B04F1B8
:108C60003C0311602046C4E90F33FFF7D1FF3046C3
:108C7000BDE87040FCF7EEBF10B5436A8CB00A93B4
:108C80002023044602460B9102A8194600F038FB47
:108C900028230122CDE9003220463522616A02AB49
:108CA000FCF7D8FA00EAE0700CB010BD30B1006AF1
:108CB00020B119B1D0F8883003B11847704730B1EE
:108CC000006A20B119B1D0F88C3003B11847704751
:108CD00030B1006A20B119B1D0F8903003B1184713
:108CE000002070472DE9F843064688461746994606
:108CF0000468A64201D1002520E07A1CA4F13C05BD
:108D000002D06B6ABB4219D0B8F1000F22D02022EA
:108D10004146284600F0BFFEE0B9B9F1FF3F02D05E
:108D2000AB6A4B450AD07B1C0BD02468B442E2D01E
:108D300054F8183CA4F13C059F42E8D12846BDE810
:108D4000F883AB6A0133F9D02468B442D3D0A4F1DC
:108D50003C05D9E72468CCE770B505460C461E46AD
:108D6000CAB120232046194600F0CAFA0123E36263
:108D7000049B6662A362059B25626363069BA363F3
:108D8000079B63646A6804F13C03C4E90F526B609B
:108D9000226C136070BD0A70E8E710B5044690B10C
:108DA000036A83B102784AB193F8A43033B1436ABD
:108DB000B3F5806F02D30121FFF75EFF2046BDE8C7
:108DC0001040FFF72FBF10BD20B1036A13B15B68DD
:108DD00003B11847704708B530B1036A3BB1DB688F
:108DE0002BB19847002008BD6FF01500FBE76FF02E
:108DF0000500F8E77047FCF72DBF4FF0FF324FF04A
:108E0000FF33FCF761BFF8B50C4600F16407054677
:108E1000A4F110063846FFF7F0FF3046FCF7D0FA11
:108E200080B154F8083C24F8083CD5F8CC3044F81C
:108E30000C3C05F1C80344F8103CC5F8CC6054F86C
:108E40000C3C1E603846FFF7D6FF0020F8BD38B551
:108E50000D4600F164042046FFF7CFFF55F8083CAB
:108E6000204603F5803345F8083CBDE83840FFF75D
:108E7000C2BF2DE9F04188B00E9C282A8846D4F85C
:108E8000C0006ED101688568A8EB0101A94228BF26
:108E90004FF0FF3120236A46FFF719FC04F1640606
:108EA000D8F820703046FFF7A8FF3B464FF0FF325E
:108EB00069462046FFF716FFD8F824300546E0B192
:108EC000D0F8308003F00103B8F1000F02D0DBB915
:108ED000AF6230E0002BFBD04FF0FF3383623046AF
:108EE000FFF789FFAB6B83BBD4F88030002B38D001
:108EF0003A4669462046984733E0DB071FD43046A0
:108F0000FFF779FFE36FF1E74FF0FF338362FFF77D
:108F10007AFE3046FFF76FFFAB6BA3B9D4F8803011
:108F20001BB13A466946204698473046FFF765FF31
:108F30002846FFF76DFE3046FFF75DFF11E0304633
:108F4000FFF759FFD0E74FF0010828469847D4F8BB
:108F500080301BB13A46694620469847B8F1000F69
:108F6000E3D1002008B0BDE8F081F0B504468E687A
:108F70000D46B6B23146D0F8B80085B0FFF770FDA7
:108F8000D4F8B43007469A6942B90095CDE9025049
:108F90000123D4F8B80002A9FFF7CCFCD4F8B43010
:108FA0009B69012B08D13A463146D4F8B80005B088
:108FB000BDE8F040FCF732B905B0F0BD70B500F186
:108FC0006406A1F1100504463046FFF716FF284657
:108FD000FCF7F6F938B120462946FFF7C6FFD4F86A
:108FE000B800FFF7BBFD3046BDE87040FFF703BF98
:108FF0002DE9FF4103689E6A06F164084046FFF7C9
:10900000FCFED6F8B4309B693BB1012B12D0404630
:10901000FFF7F1FE04B0BDE8F081D6F8B8000DF11D
:109020000A0203A9FFF7E2FCD6F8B43004469B69B4
:10903000012B07D1D6F8B80003AA0DF10A01FFF7FA
:109040003FFD0446002CE2D0BDF80A3000216268E2
:10905000A36030464FF0FF33FFF744FE0546FFF7AD
:10906000D2FDA368404603F58033A360FFF7C3FE3B
:1090700075B1AB6A696C013308BF2368284608BF25
:10908000AB622368A28900916F6B04F11001B847AD
:109090004046FFF7B2FE2846FFF7BAFD2046FCF730
:1090A0008FF938B130462146FFF75FFFD6F8B80098
:1090B000FFF754FD4046FFF79EFE9FE72DE9F04184
:1090C000A3F1100653F8085C002388B00693ADF8AE
:1090D0001E3004461023CDE904120E9FD0F8C000C4
:1090E000ADF81C700168D0F808C0711A0DEB0302CE
:1090F000614528BF4FF0FF3104F16408FFF720FB02
:109100004046FFF77AFED4F8B430ADB29B69CBB9D4
:10911000D4F8A820D4F8B430D4F8BC009B69C3B903
:10912000CDE902620096012202A9FFF703FCD4F800
:10913000BC00FFF713FD4046FFF75DFE384608B060
:10914000BDE8F0812946D4F8BC00FFF789FC02464F
:10915000E0E7012BEBD12946FCF760F8E7E710B513
:1091600048B149B143688B4206D382680468D21A79
:109170005B1A4360A01810BD0020FCE72DE9F347FF
:109180000546D0F8B4000E46904618B9002002B04B
:10919000BDE8F087036A002BF8D09B68002BF5D060
:1091A00098474307F2D543F69823B8F1000F18BF4C
:1091B000984605F1640705F1C8093846FFF71DFE1A
:1091C000D5F8C8404C452BD054B3D4E900235360A4
:1091D00022681A60C4E90044D5F8B43021899B693B
:1091E000ADF806107BB1012B14D03846FFF703FE13
:1091F000BDF8063004F1100003F58033A360336836
:10920000103B3360C3E7D5F8A8303360D5F8B430ED
:109210009B69E8E7D5F8BC00FFF722FC3060E4E783
:10922000D5F8B430D3F818A0BAF1000F36D13146D2
:10923000D5F8BC000DF10602FFF7D8FB0446002864
:10924000D3D1D5F8BC301B8DB3B93846FFF7D3FD69
:10925000B8F1000F9AD0D5E92D32182112891B6B75
:1092600001FB0233D5F8D02022BB2120002100F0E1
:1092700098FA08F1FF38A0E7D5F8A810D5F8C4008F
:10928000FFF76DFF0446D5F8A830ADF806A03360AF
:109290003846FFF7B0FD002CDAD0A9E7BAF1010F8C
:1092A000D3D13246D5F8BC000DF10601FFF708FC1A
:1092B0000446EDE71969284690476FF4FB6398422E
:1092C000D3D000283FF479AF60E720B119B112B1D3
:1092D000C0E901220160704738B5044618B938BDAD
:1092E0003C38FFF75AFD20688442F9D10025D4F8B4
:1092F000B400C4E92E55FFF767FDC4F8B450EEE79B
:1093000070B505461C4699B18B4228BF0C46661CB9
:10931000013E05D012F8013B00F8013B002BF7D1CC
:10932000A14207D9091B8A19002100F09CFBA11B4F
:10933000084670BD00230D4405F8013CF7E708B16D
:10934000F8F778BA7047704740B1C368587810F0A2
:1093500001001EBF1878B0FA80F040097047EFF3A3
:109360001183202383F31288BFF36F8FFEE708B5C4
:10937000FFF7F5FF10B54369044633B90020E268F2
:10938000537843F00103537010BD98470028F5D07F
:109390000028B8BF4042FF28A8BFFF20E36818702C
:1093A000EDE700F060BB00F051BB10B400F10C041D
:1093B000C0E9034410BCFEF7F6B838B50446EFF335
:1093C0001185202383F31288BFF36F8FFEF79BF87C
:1093D00004F10C0000F0D2F930B1294604F1140078
:1093E000BDE83840FDF754B885F31188BFF36F8F9F
:1093F00038BD202408B5EFF3118384F31288BFF33E
:109400006F8FFEF7B9FCF6E790F90E308B4201D072
:10941000FCF7CCBF0020704703460020C3E90033AF
:10942000C3E902007047D0E9003213605A6000239C
:10943000427BC0E9003322F002024273836070472E
:109440002DE9F843914604460D469DF8202000F191
:109450000807EFF31186202181F31288BFF36F8F85
:1094600002B14568D4F80880474518D0B8F1000F1C
:1094700015D04046FFF7D7FF08F1180000F0F1F9CA
:1094800000234046C8F87C30C8F8109000F02DF951
:1094900038463146FCF7FCFF0020BDE8F883A3B155
:1094A0000820FDF7EDFB002838D00122C0F8049019
:1094B0000260016801F003015DB922680A4302609D
:1094C000626820606AB960600BE04846C9F8003005
:1094D000EFE72A68032A16D80160616869B9C4E910
:1094E0000000042104F1100000F072FA0028CFD12E
:1094F00086F31188BFF36F8FCFE70A6802F003028B
:1095000002430A60DFE722F003020A4302602A688E
:1095100002F0030240EA02032B60E2E76FF00B0067
:10952000E6E710B5044630B10268930703D04468FB
:1095300009B100F084FA204610BD0023C0E90033D1
:1095400000F10803C0E9023300F11003C0E904335D
:109550007047012307B5009300230A461946FFF719
:109560006FFF03B05DF804FB002307B50A460093C4
:109570001946FFF765FF03B05DF804FB00210068A2
:10958000FFF7CFBF5AB18A4209D300F11003C0E9F7
:109590000212C0E90000C0E90433002070476FF0F8
:1095A00015007047012302688B4022EA0303036021
:1095B00022FA01F000F001007047704720B100224C
:1095C0008C30114600F014B9704738B504460D468A
:1095D0001022002100F047FA656038BD13B50190F4
:1095E0000846EFF31184202383F31288BFF36F8FB3
:1095F00001A9FCF74BFC84F31188BFF36F8F02B015
:1096000010BD10B5FFF7EAFF041E08DDEFF311806F
:10961000202383F31288BFF36F8FFCF74BFF2046A4
:1096200010BD70B50D46EFF31186202383F3128829
:10963000BFF36F8FFCF786FC044686F31188BFF3F7
:109640006F8F38B14FF0FF324FF0FF3305F110004C
:10965000FCF73AFB204670BD08B5A022002100F0BF
:1096600002FA08BDEFF30580003818BF01207047EB
:109670006FF057007047D0E9003213605A60002342
:10968000C0E90033704708B5FFF7F5FF437B23F0CF
:10969000020343730023836008BD38B504460D46BA
:1096A000FCF7E2FD637B43F002036373E5B1A56061
:1096B0002B689D4209D16B68C4E900531C606C6043
:1096C00012E06A689A42F6D01B68002BF3D094F936
:1096D0000E2093F90E108A42F3D09142F1DD5A68C0
:1096E000C4E9003214605C6038BD10B5EFF311843A
:1096F000202383F31288BFF36F8FFCF773FD84F38D
:109700001188BFF36F8F10BD08B5EFF311812022D0
:1097100082F31288BFF36F8F83680BB1FFF7B3FF3B
:1097200081F31188BFF36F8F08BD014610B5EFF3C9
:109730001184202383F31288BFF36F8F437B13F0D0
:10974000280F0AD183680BB1FFF79DFF4B7B0846BA
:1097500023F004034B73FCF745FD84F31188BFF33A
:109760006F8F10BD01211838FFF7DFBF10B5FFF76D
:10977000CBFFBDE81040183000F073B838B505468F
:1097800004680020AC4200D138BD002CFCD020463B
:10979000FFF7ECFF2046FFF7A8FF2C680120A54249
:1097A000F1E738B504460D46FCF72CFFB5F1FF3F55
:1097B00008BFB4F1FF3F0246204618D000204FF406
:1097C0007A7447F6FF730146C2FB0431B3F5004FCC
:1097D00071F100020BD36FF400429A4243F6FF721C
:1097E0008A4132BF6FF00040D80B40EA414038BD9B
:1097F00038B5EFF31185202383F31288BFF36F8F01
:109800000468A04212D09CB1E16722612046FFF7B4
:109810003AFF04F1180000F024F82046FCF7E2FCBF
:10982000012085F31188BFF36F8F38BD0020F8E762
:109830002046F6E708B50246FDF79AF870B1D0E980
:1098400004319B1A61EBE272B3F1004F72F1000137
:1098500004DA002AACBF1846002008BD6FF00040B3
:10986000FBE7024638B5EFF31185202383F3128816
:10987000BFF36F8F0368CBB1FDF77AF8044610464B
:10988000FDF788F800224FF000438442C0E904232A
:1098900006D1FDF775F8FFF7CDFF0021FAF796FB2B
:1098A000002085F31188BFF36F8F38BD6FF015006E
:1098B000F7E708B5FDF778F908BDFDF775B9B3F11D
:1098C000FF3F08BFB2F1FF3F70B506461D46144684
:1098D00014D01A4316D0002B08DBFDF765F90419E4
:1098E00041EB0501C6E90041304670BD6FF0010350
:1098F0001C1B4FF0FF3363EB0501F3E74FF0FF3420
:109900002146EFE70024FBE7B3F1FF3F08BFB2F1C8
:10991000FF3FF8B5074616461C4610D054EA02032E
:1099200011D0FDF741F9B0420A46A14103460AD2DF
:10993000F31A64EB0204C7E900343846F8BD4FF06F
:10994000FF331C46F7E70023FBE72DE9F04184686D
:1099500005460E46D4B16378012B22D114F8533C4E
:109960009A0711D5A4F160073846FFF7FFFE082ECD
:109970000CBF6FF003030023E36114F8533CDB06D4
:1099800002D13846FFF7B1FE002323700020EB68B8
:10999000A860C3F38632164366F39433EB60BDE8E8
:1099A000F081022BF0D12378002BEDD054F8048CF9
:1099B000B8F1000FE8D004F11400FFF752FF0023C4
:1099C000A4F1140739464046E362FFF707FEDBE7E0
:1099D00038B5EFF31185202383F31288BFF36F8F1F
:1099E0000468A04211D0D4E9003213605A60002309
:1099F0002046C4E90033FFF7A8FF85F31188BFF3C1
:109A00006F8F201E18BF012038BD0024F5E70432F7
:109A100070B504460ED2EFF31185202686F3128826
:109A2000BFF36F8F41F00401984785F31188BFF3AE
:109A30006F8F08B9002070BD40F8044BFBE720B1E0
:109A4000011F50F8040CFFF7B8BC70470A44431ECE
:109A5000914200D1704710B511F8014B914203F8C3
:109A6000014FF9D110BD02440346934200D1704723
:109A700003F8011BF9E70139024410B5904201D106
:109A8000002005E0037811F8014FA34201D0181B14
:109A900010BD0130F2E710B56AB10139841810F831
:109AA000012B11F8013F9A4203D1A04201D0002AB4
:109AB000F5D1D01A10BD1046FCE710B501390446A7
:109AC00032B111F8013F013A00F8013B002BF7D108
:109AD0000021FFF7C8FF204610BD0246014410B523
:109AE0008A42134603D01C780132002CF8D1181A90
:109AF00010BDF0B5C3F13707044603F01F0310464D
:109B0000FFB2082BE6B232D0102B3DD06508A40876
:109B100045EAC17544EA81748A082D1942EB510265
:109B2000290941EA02716D1842EB1212290A41EA31
:109B300002616D1842EB1222290C41EA02416D18B4
:109B400042EB1242AD1842F10002EC0844EA4274C2
:109B5000D10804EB8402A6EB4205EDB2092D0CD925
:109B60000134A5F10A0541F10001EDB212E0E4086B
:109B700006F0070544EA4174C908303554EA010289
:109B800000F8015BBDD1F0BD240906F00F0544EAE1
:109B900001740909092D84BFED19EDB2EDE7D1E992
:109BA000043293421EBF5A1C0A61187070470000AD
:109BB0000148006870470000080A0020E105000025
:109BC00000000000000000003C9C00003D5A000026
:109BD00000000000000000007C9C0000000000006D
:109BE0005C9C0000000000009C9C00000000000045
:109BF000BC9C0000B5340000000000006D3E000079
:109C000000000000AD190000000000003915000040
:109C10000000000000000000DC9C00001F88000025
:109C200000000000155D00000000000000000000C2
:109C3000FC9C0000000000001C9D000074A40000BB
:109C400038A10000B09F000080020020EC0A002034
:109C50002532000000000000000000008EA400007B
:109C600058A100006C9F000084020020900B00208F
:109C70007136000000000000000000009AA40000FF
:109C800070A100006C9F0000860200209C0B002049
:109C90007136000000000000000000007FA40000FA
:109CA00000000000649F000082020020000000000D
:109CB000E78200000000000000000000BAA40000DD
:109CC00088A10000CC9F00008A020020300C0020F8
:109CD000253B00000000000000000000A6A40000DA
:109CE00098010020909F000088020020A80B00200F
:109CF00041380000000000000000000064A40000E3
:109D0000EC00002008A000007C0200205803002086
:109D1000CF7A000000000000000000005DA40000F9
:109D200000000000A49F00007E02002054010020DB
:109D30000000000000000000000000000000000023
:109D40005B7D0000000000005B7D00000000000063
:109D50005B7D0000000000005B7D00000000000053
:109D60005B7D0000C94400004F850000000000003A
:109D70005B7D0000000000005B7D0000BC9C0000DB
:109D8000ED840000000000005B7D0000000000008A
:109D90005B7D0000000000005B7D00000000000013
:109DA0005B7D0000754B00004F8500000000000047
:109DB0005B7D0000000000005B7D000000000000F3
:109DC0005B7D0000000000005B7D000000000000E3
:109DD0005B7D0000000000005B7D000000000000D3
:109DE0005B7D000000000000FD3E00000000000060
:109DF0005B7D0000000000005B7D000000000000B3
:109E00005B7D0000000000005B7D000000000000A2
:109E10005B7D0000000000005B7D00000000000092
:109E20005B7D0000000000005B7D00000000000082
:109E30005B7D0000000000005B7D00000000000072
:109E40005B7D0000000000005B7D00000000000062
:109E50005B7D0000000000005B7D00000000000052
:109E60005B7D0000000000005B7D00000000000042
:109E70005B7D0000000000005B7D00000000000032
:109E80005B7D0000000000005B7D0000B94D00001C
:109E90004F850000000000005B7D00000000000016
:109EA0005B7D0000000000005B7D00000000000002
:109EB0005B7D0000000000005B7D000000000000F2
:109EC0005B7D0000000000005B7D000000000000E2
:109ED0005B7D0000000000005B7D000000000000D2
:109EE0005B7D0000000000005B7D000000000000C2
:109EF0005B7D0000000000005B7D000000000000B2
:109F00005B7D0000000000005B7D000000000000A1
:109F10005B7D0000000000005B7D00000000000091
:109F20005B7D0000000000005B7D00000000000081
:109F30005B7D0000000000005B7D00000000000071
:109F40005B7D0000000000005B7D00000000000061
:109F50005B7D0000000000005B7D00000000000051
:109F60005B7D0000EB82000000000000B9360000BD
:109F7000F3820000FF820000138300001D830000B5
:109F800027830000053500003B830000000000002F
:109F9000D3830000AF830000CB830000CF83000099
:109FA000FB83000067810000A5810000358100006F
:109FB000893200003B8200009D820000000000000A
:109FC000D78100000000000000000000A78400000E
:089FD000713A000099840000C1
:109FE000994F00000600000000020000000200007F
:109FF0000000000000010008120000000000000046
:10A000000338FDD87047000061060000877B000020
:10A01000410800008D080000790900006579000002
:10A02000D97900006D7900009F79000089790000DE
:10A03000737900000000000000000000B77C000001
:10A04000A97C0000B37C0000A77C00000000000099
:10A05000000000000000000000000000977C0000ED
:10A0600000000020000000000600010002000000C7
:10A0700074A0000000000000E4A200000600000040
:10A08000E0FF0F0000000020ECA200002100000013
:10A09000E0FF0620C515000000000000317E000032
:10A0A000AD180000437F00000000000094A00000F5
:10A0B000B8A0000002010000F043002094A00000BE
:10A0C000C8A000003D0000001C4F002094A000002C
:10A0D000D8A00000020100001C5000200E03000068
:10A0E000D52400000F04000011250000FF0100002E
:10A0F000251B00003E010000451B00001001000070
:10A100003180000002010000C52E00001100000097
:10A11000112D00000D010000792D000094A0000019
:10A1200028A100000301000038510020AD310000DB
:10A130007D3100000000000011330000F13100000B
:10A14000C9820000DB820000C3820000D5820000CB
:10A15000BD820000CF820000FFFF00000028845075
:10A16000000000000100000000D0005000000000CE
:10A17000FFFFFFFF002584500000000000000000EA
:10A1800000D00050000000000080005001000000DE
:10A1900000000000ACA100000000D601000000009B
:10A1A00000000000F7110020F61100200080005090
:10A1B000B8A1000001000000C0A1000004000000E0
:10A1C000140000001300000216060001150600032B
:10A1D00006A5000019A500002CA500003FA5000061
:10A1E00052A5000065A5000078A500008BA5000021
:10A1F000BC9B0000BC9B0000FC9B00000C9C000072
:10A200003C9C00003C9C0000F5A500000001000003
:10A2100000000000040100012401200102000100EF
:10A220000002000147616C6178792053323500707B
:10A2300075626C69630072616E646F6D0070756247
:10A240006C69632D69640072616E646F6D2D696461
:10A250000030782530327800253032583A253032B7
:10A26000583A253032583A253032583A253032584B
:10A270003A25303258202825732900544152474549
:10A28000542C25732C25642C25730A005345454E08
:10A290002C25732C25640A00302E3100424F4F5478
:10A2A0002C25732C7461726765743D25730A004513
:10A2B00052524F522C62745F656E61626C652C2540
:10A2C000640A004552524F522C7363616E5F73747F
:10A2D0006172742C25640A005343414E2C25752C61
:10A2E00025750A00464C4153485F30005352414D9A
:10A2F0005F30000000000121202524000000000044
:10A300000000FFFFFFFFFFFF00000000000001044E
:10A310000002000000020000000000000005000034
:10A32000000000000000000000000000000557458C
:10A3300053545F544F504449522F7A657068797274
:10A340002F7375627379732F626C7565746F6F7498
:10A35000682F686F73742F6863695F636F72652E0F
:10A36000630062745F6863695F6576745F676574D4
:10A370005F666C616773286864722D3E6576742928
:10A380002026202831554C203C3C2028312929000A
:10A39000415353455254494F4E204641494C205B4E
:10A3A00025735D20402025733A25640A0065767484
:10A3B0005F666C6167732026202831554C203C3C39
:10A3C0002028302929006275660073756363657300
:10A3D000730009636F6D6D616E64206F70636F64ED
:10A3E00065203078253034782074696D656F757418
:10A3F0000A00657272203D3D20300009436F6E7483
:10A40000726F6C6C657220756E726573706F6E73AF
:10A410006976652C20636F6D6D616E64206F70636B
:10A420006F6465203078253034782074696D656FED
:10A4300075742077697468206572722025640A003B
:10A4400042542052582057510001020403050200D3
:10A450000501050505050404030502000A62745F91
:10A460006863695F69706330006E72665F62745F13
:10A4700068636900636C6F636B4035303030006532
:10A480006E74726F70795F62745F68636900677081
:10A49000696F40383432383030006770696F403847
:10A4A0003432353030006D626F7840326130303098
:10A4B0000000010203040506070B75617274403841
:10A4C00030303000000000010101000001000000F8
:10A4D0000C04241C0020303030303030303030302C
:10A4E000303030300001756E726567697374657263
:10A4F0006564202573206275730A0067656E657256
:10A500006963002573006D6574616C3A20656D6543
:10A510007267656E63793A20006D6574616C3A20EC
:10A52000616C6572743A2020202020006D65746192
:10A530006C3A20637269746963616C3A2020006D23
:10A540006574616C3A206572726F723A2020202027
:10A5500020006D6574616C3A207761726E696E6778
:10A560003A202020006D6574616C3A206E6F74692A
:10A5700063653A20202020006D6574616C3A206983
:10A580006E666F3A202020202020006D6574616C7B
:10A590003A2064656275673A2020202020002573E8
:10A5A0003A2066726565696E67206E6F6E2D656D07
:10A5B000707479207669727471756575650D0A001D
:10A5C000756E65787065637465642062756666652E
:10A5D000722068656C6420636F756E7465720D0A15
:10A5E0000072785F76710074785F7671004E530068
:10A5F0006D61696E00737973776F726B71002A2ACF
:10A600002A20426F6F74696E67205A65706879728C
:10A61000204F53206275696C642076342E322E30C0
:10A62000202A2A2A0A00286E756C6C29002A666C7A
:10A630006F61742A000000000000000000000000AC
:10A64000000000000000000000000000000000000A
:10A6500000000000000000000000000000000000FA
:10A6600000000000000000000000000000000000EA
:10A6700000000000000000000000000000000000DA
:10A6800000000000000000000000000000000000CA
:10A6900000000000000000000000000000000000BA
:10A6A00000000000000000000000000000000000AA
:10A6B000000000005924000000000000000000001D
:10A6C000000000000000000000000000000000008A
:10A6D000000000000000000000000000000000007A
:10A6E000000000000000000000000000000000006A
:10A6F000000000000000000000000000000000005A
:10A700000000000000000000000000000000000049
:10A710000000000000000000000000001C9D000080
:10A720005776000000000000000007200000010034
:10A73000DC9C000000000000DC9C00000100000028
:10A740000200000000000000000000000002000005
:10A7500000000000277E0000000000000000000054
:10A7600000000000778000000000000000000000F2
:10A7700000000000651B0000000000000000000059
:10A78000111100200000E500111100200000000060
:10A79000000000000000000069A4000000000000AC
:10A7A0002D810000000000000930000000000000C2
:10A7B0001C9D00007C0100207C01002000000000A6
:10A7C000010000008C0100208C010020FC9C000096
:10A7D000FFFF0000FFFF00000090D0030070015059
:10A7E00000000000FFFFFFFF3F000000FFFFFFFF32
:10A7F0003F0000000000000000000000000000001A
:10A800000000000000000000000000000000000048
:10A810000000000000000000000000000000000038
:10A820000000000000000000000000000000000028
:10A830000000000000000000000000000000000018
:10A840000000000000000000000000000000000008
:10A8500000000000000000000000000000000000F8
:10A860000000000008000000FF00000000000000E1
:10A870000300000000000000FBA400000000000036
:10A88000F94D000000000000000000000000000082
:10A8900000000000000000000000000000000000B8
:10A8A00000000000679A000090020000740200207F
:10A8B0007402002000000000000000000000000002
:10A8C0000000000000000000F03300200010000035
:10A8D0000000000000000000000000000000000078
:10A8E000A8020020A8020020B0020020B002002030
:10A8F000030003000000000000000000BCA00000F6
:10A90000D44F00200000000000000000D40200200E
:10A91000D4020020DC020020DC0200200100010043
:10A9200000000000000000001CA100003C520020BC
:10A9300000000000000000000003002000030020D1
:10A9400008030020080300200A000A000400000099
:10A95000791A0000ACA00000044E002000000000A6
:10A96000000000002C0300202C03002034030020F2
:10A97000340300200100010000000000000000007E
:0CA98000CCA000002051002015E015E0E4
:020000040100F9
:10000000107700212D3E000157AA0101193E000181
:10001000193E0001193E0001193E000100000000D8
:10002000000000000000000000000000F13E0001A0
:10003000193E000100000000913E0001193E000140
:100040005940000159400001594000015940000148
:100050005940000159400001594000015940000138
:10006000712301015940000159400001594000012C
:100070005940000159400001594000015940000118
:100080005940000159400001594000015940000108
:1000900059400001594000015940000159400001F8
:1000A00059400001594000015940000159400001E8
:1000B000594000015940000153B94AB9002908BF0D
:1000C00000281CBF4FF0FF314FF0FF3000F00CB89C
:1000D000ADF1080C6DE904CE00F012F8DDF804E093
:1000E000DDE9022304B07047704700BF10F8012B10
:1000F00011F8013B012A28BF9A42F7D0D01A704765
:100100002DE9F04786468C460846089E15467446FB
:100110001946002B40F0C1808542B2FA82F245D9DF
:100120004AB1C2F1200300FA02FC954094402EFA35
:1001300003F343EA0C0C4FEA154EA8B2230CBCFBA8
:10014000FEF80EFB18CC08FB00F943EA0C43994576
:1001500028D9EB1808F1FF3704D2994502D9A8F144
:1001600002072B44A3EB0903A4B2B3FBFEFC0EFB76
:100170001C330CFB00F044EA0344A04214D92C19B0
:100180000CF1FF3304D2A04202D9ACF102032C449B
:10019000241A43EA07401EB1D44000233460736040
:1001A000BDE8F0874746DDE76346F1E792BB431BB6
:1001B00001214FEA154EAFB2200CB3FBFEFC0EFB43
:1001C0001C330CFB07F840EA0343984561D9EB1850
:1001D0000CF1FF3004D2984502D9ACF102002B4457
:1001E000A3EB0803A4B2B3FBFEFC0EFB1C330CFB19
:1001F00007F744EA0344A7424DD92C190CF1FF3309
:1002000004D2A74202D9ACF102032C44E41B43EA16
:100210000040C0E7C2F120039540944020FA03F16A
:100220002EFA03F34FEA154E9040AFB20343B1FBF1
:10023000FEFC0EFB1C10190C0CFB07F841EA0041F8
:10024000884522D969180CF1FF3004D2884502D9BB
:10025000ACF102002944A1EB08019BB2B1FBFEFC0A
:100260000EFB1C110CFB07F743EA01439F420ED91A
:10027000EB180CF1FF3104D29F4202D9ACF102011C
:100280002B44DB1B41EA004193E76046E3E761460C
:10029000F7E76046A4E76346B8E7834206D916B994
:1002A000002108467CE7C6E900E0F9E7B3FA83F7E6
:1002B0008FB9834201D3724508D8BEEB020460EBCC
:1002C000030301209C461EB9002169E73846FAE77E
:1002D000C6E9004CF8E7C7F1200CBB400EFA07F561
:1002E00022FA0CF42EFA0CF1BA401C4320FA0CF35B
:1002F000B8404FEA144901431FFA84FEB3FBF9F8F2
:1003000009FB18300B0C08FB0EFA43EA00439A4530
:1003100040D9E31808F1FF3004D29A4502D9A8F178
:1003200002002344A3EB0A0389B2B3FBF9F809FBEB
:10033000183308FB0EFE41EA03418E452CD96118A3
:1003400008F1FF3304D28E4502D9A8F102032144FB
:1003500043EA0040A1EB0E01A0FB02984145CE46C6
:10036000434602D306D14D4504D20138B9EB020E03
:1003700068EB0403002EA7D0B5EB0E0261EB03017E
:1003800001FA0CFC22FA07F3F9404CEA0303C6E930
:10039000003199E74046C5E74346D9E70000000031
:1003A0002DE9F8430F46D0E90718856901EB0804E9
:1003B0002F34A542164619D81BA3D3E90023DFF832
:1003C0007080A1FB0801FFF777FE0346601BA0FBCE
:1003D000080123F07F4414A3D3E90023FFF76CFE48
:1003E00020F07F403C603060BDE8F883DFF840904B
:1003F0000DA3D3E90023A5FB0901FFF75DFE0AA3C6
:10040000D3E900230A2104460A4824F07F44E8FB8C
:100410000901FFF751FE20F07F403C603060BDE8ED
:10042000F88300BFAFF300808D49FD1A070000007C
:1004300000CA9A3B00166BF1002800F050812DE9AC
:10044000F04FAD4C8DB094F85E2012F0010540F0F5
:100450009A81FF23607EA37600F0030011F00CFB6D
:1004600094F85E00420726D4627F94F8293004EBAA
:100470008202166A04EB8303D3F82C8086B13146DE
:100480009D480AF0E9F833785B0605D5062104F0AB
:1004900065FB002800F07981414697480AF0DCF8B6
:1004A000337813F00E0F40F0B28063698BB10C20EB
:1004B0000DB0BDE8F08F2A4604F15F01C0F3C00023
:1004C00011F078FCFF28A076CED0284611F01AFB58
:1004D000CAE707F0EDF88146002800F0678107F0D1
:1004E000F3F88246002800F05E810AF0F9FC054628
:1004F000002800F05D814FF6FF738384C06E05F124
:10050000100B002800F0478105F1600205F15C0145
:1005100004F030FB794B0027D3F8011095F87C21CB
:10052000C5F87D11C5F883117F2185F8B61013F841
:10053000011B28469B8801F00101A5F88131A5F82F
:1005400087314FF4C023C5F87031B5F8583061F3E6
:10055000861223F4EF6323F0070343F48C7343F014
:100560000103A5F8583095F8373061F3C71203F04E
:100570003F0363F07F0385F8373095F8723085F8D4
:100580007C2123F0070385F8723095F83C30C5E9EB
:10059000127723F00F0385F83C30EF66A5F87070F2
:1005A00085F839706F85C5F82E702F65A5F87671BE
:1005B000A5F86C710DF0B0F885F83871C5F83C916C
:1005C0000BF006F895F87C3160F3020385F87C3176
:1005D0000BF004F895F87C3160F3C50385F87C31A5
:1005E00095F8683105F1B80067F3410385F8683183
:1005F0000CF054FEC4E9159AC4F814B0C5E90277AA
:100600002F702D6112F0DAFC002840F0C080237EAC
:100610000121C3F342030DF12B008DF82B3004F0C0
:1006200049FC024600285CD098F80110304609F0D9
:10063000CDFD00253249334BA0FB0101C01841F12B
:1006400007012BA3D3E90023C4E902552570FFF766
:1006500033FDB4F85C70606006F0FEF800F1090844
:100660003FB9357805F00F05A5F10105B5FA85F517
:100670006D09207E636865F3000010F001052076A7
:100680004AD000200225204A04930992019306943F
:100690001E4F10601E4A0BAE0321059243462A46A8
:1006A000CDE902000090079708960B9505F08EFFA4
:1006B000314607F097F8A0B90B954AF2D835154A9C
:1006C0004346059203210122CDE90300CDE9010053
:1006D000079708960694009505F040FF45E009F05D
:1006E000C1BC6369002B3FF4E2AE09F077FCDEE6A3
:1006F0008D49FD1A07000000BC3B002132E40101D6
:1007000000CA9A3B8C49FD1AB03B0021F9690001EF
:1007100045A20001299D00014FF6FF7291214FF083
:10072000020903922848294A049303F247130694C6
:1007300002951360A7FB000301FB0731244B0992CC
:100740000793244B0BAE05931DA3D3E90023CDF8EB
:100750002C900896FFF7B0FC0146434601914A46AB
:1007600028460321009505F031FF314607F03AF89D
:100770000028B6D194F85E3043F0010384F85E306F
:100780000AF08AF958B1002092E6122090E609F0AA
:1007900025FC03208CE605F16400E866B4E6012040
:1007A00011F04CF9EFE7484606F088FF07207FE696
:1007B000504606F08FFF484606F080FFF6E700BF80
:1007C0008D49FD1A07000000002AE784B03B002194
:1007D000F969000145A2000170B50446237E8AB084
:1007E000C3F342030D460DF12300012116468DF897
:1007F000233004F05FFB71780246284609F0E6FCDE
:1008000022A3D3E900231C491C4DA0FB01C11CEB12
:10081000050041F10701FFF74FFC63680546984268
:1008200022D20022191A029102210192144A154B78
:10083000A21ACA40A3FB02320023D2080A4409913B
:10084000114909AE059118460321CDE903330696F7
:10085000D2B2009305F012FF314606F0C3FF38B95B
:10086000656000200AB070BDFBD90021EA1ADAE702
:100870000C200AB070BD00BF00CA9A3B8C49FD1A1B
:10088000BC3B0021F712DA4BF96900018D49FD1AD2
:10089000070000000000000070B51B4C9DF81060C0
:1008A00094F83CC01CF0010524D1E6462186912134
:1008B00063F3420E400194F82630F60000F0200C5D
:1008C00006F018064CEA060C104823F038034CEAF0
:1008D000030384F82630A2FB000384F83CE001FB0C
:1008E000023107A3D3E90023FFF7E6FB6063A063AF
:1008F000284670BD0C25284670BD00BFAFF30080B0
:100900008D49FD1A07000000A8080021002AE7848D
:1009100070B504469126124D02844FEA411CA3FB98
:1009200005019DF810E006FB03114FEACE0EA37DF2
:100930000EF0180E0CF0200C4CEA0E0C23F03803CD
:100940004CEA030C84F816C003A3D3E90023FFF795
:10095000B3FB606270BD00BF8D49FD1A0700000047
:10096000002AE784000000002DE9F047044690F8D3
:100970003C0094F82630C0F3400060F386138CB03E
:1009800004F1290184F8263005F0BAFF00279121EF
:1009900094F82620238E504802F0790284F826200D
:1009A000A3FB0002C4E9027701FB032148A3D3E9BA
:1009B000002327702461FFF77FFBA36B474D636320
:1009C0000933984298BF0346A4EB0505C5F3871584
:1009D000DFF80C918EBF63606060676305EB4502D2
:1009E00049F82230064605F037FF63694FEA450AA9
:1009F00000F10907002B4BD00DF12C089121AA44DE
:100A000009EB8A034FF000094FF0020A0993CDF871
:100A100020800694238E62682F480492A3FB000274
:100A200001FB03212F4BCDF82CA007932E4BCDF8C3
:100A30000C90059326A3D3E90023FFF73DFB104656
:100A400019464FF47A720023FFF736FB014604354E
:100A5000EDB202913B4603212A4648460196CDF865
:100A6000009005F0B3FD414606F0BCFE60B994F875
:100A70003C3043F0010384F83C3009F0C3FD08B377
:100A800000200CB0BDE8F0870C200CB0BDE8F0876A
:100A90000DF12C08CDE90A330320434661680AAA08
:100AA00001F096FA0028A9D109A3D3E900230B99F4
:100AB0000E48A1FB0001FFF7FFFA0A9B20F07F47D9
:100AC0001F449BE7504610F0B9FFD9E7AFF3008011
:100AD0008D49FD1A07000000002AE784A8080021BC
:100AE000403C0021F969000185A8000100CA9A3B39
:100AF0002DE9F04F05468BB08B4601200221994627
:100B0000144615F08BF8002202218246012004F0E1
:100B100083F84FF4C8723E49284604F00BF80646A5
:100B20003C4B0536F6B2009301214B46002032467D
:100B3000019505F0FBFD10F0FD0F0ED040F6B4035B
:100B4000354A3649364819F009FC002383F31188E9
:100B5000BFF36F8F0323184602DF324BA4FB034819
:100B600029A3D3E9002320464146FFF7A5FA07222F
:100B70002D4B20F07F47A7FB033102FB0711E01A42
:100B800068EB01014FF47A720023FFF795FACDE983
:100B900000B7029008950695696895F93740234893
:100BA000049123494B4631EA240128BF01464FF600
:100BB000FE7405911F4932460791002001210394DC
:100BC00005F0CCFC10F0FD0F0ED040F6C903124A20
:100BD0001249134819F0C2FB002383F31188BFF3B5
:100BE0006F8F0323184602DFBAF1000F02D10BB05A
:100BF000BDE8F08F0122022110460BB0BDE8F04F96
:100C000004F00AB8AFF300808D49FD1A0700000018
:100C1000E808002109AE0001A4D4010168D5010152
:100C200088CD010100CA9A3B8D49FD1A750A010160
:100C3000290C0101A9AD00014FF6FF732DE9F04128
:100C400084688CB0A28C9A4245D0054620460DF0AF
:100C500059F82B7D012B00F04381022B00F03581E8
:100C6000002B00F0148194F83871002F40F031818E
:100C70002B8ACDE90A77B4F82E8094F937206BB32C
:100C8000002AC0F28D810023A4F87231AB7CA68DBE
:100C900003F003030136012BB6B23AD0B4F8763133
:100CA000002B00F02681B34240F28F8100229B1B73
:100CB0009BB2062BA4F87631E28540F2178194F9B5
:100CC00037309342C0F28681002325E020469DF80C
:100CD00027100AF0CDFD0CB0BDE8F081002AB8BFA6
:100CE00084F85D71AB7CA68D03F003030136012B04
:100CF000B6B20ED0B4F87231002BCFD0B34240F26E
:100D000075819B1BA4F87231B4F87631002BCAD1DF
:100D100002E00023A4F8763194F83C20314663F3D6
:100D2000820284F83C2020460DF127020CF030FDB1
:100D30007430CBD0B4F870312BB1B34240F2208183
:100D40009B1BA4F87031B4F86C312BB1B34240F264
:100D50000E819B1BA4F86C31E58D17B9A84500F0F6
:100D6000FD800135ADB294F8B53013F0010131D1F9
:100D7000DDE90A030246002B40F00081002800F064
:100D8000EF8019461E46A28C24690090B8480532AF
:100D90000191059001210020CDE9035702960694A8
:100DA000D2B205F06BFC10F0FD0F94D006F044FDBC
:100DB000844290D040F28253AE4AAF49AF4819F016
:100DC000CDFA002383F31188BFF36F8F03231846F6
:100DD00002DF80E794F937206FF30003002A84F8DC
:100DE000B530C0F2A18094F85800C0F3C00100F003
:100DF000070011F0FBFE94F8583003F00703032BB3
:100E000000F2A08003F12806F6005B10DE4094F8A3
:100E10005930B6F5A07F03F0070338BF4FF4A07632
:100E2000032B00F2988003F12802D2005B10DA4015
:100E3000B2F5A07F38BF4FF4A0720721E38B03F215
:100E40003F130344334413448D488E4AE3FB00218F
:100E5000104685A3D3E90023FFF72EF9666820F03A
:100E60007F40864234BF811B361A606038BF00263F
:100E7000DDE90A0328BF00210246002B83D151EA95
:100E8000000C80D1002E6BD0184619467BE794F8F1
:100E9000723003F01803182B7FF4E5AE218DB4F8FF
:100EA0006E218B1D9A42D2BF1346931F5B1AB4F872
:100EB0006A11C8BF9BB2994200F0B480A4F86A31AD
:100EC000A4F86C31A4F87021CDE63D231F4684F8C8
:100ED0003831394620460CB0BDE8F0410AF0C8BCB4
:100EE0000023A4F87031A4F86C31BCE601273B461E
:100EF00012E7E28C42F21071052A8FBF40F2E24302
:100F00004FF4FA73013292B203FB02F2B4F8743177
:100F100001FB0323013BB3FBF2F39BB2A4F8763150
:100F2000002B7FF4C0AEF7E694F85900012100F0E1
:100F3000070011F05DFE94F8583003F00703032B0F
:100F40007FF660AF94F859304FF4296603F0070339
:100F5000032B7FF668AF4FF429626EE73D4602E748
:100F6000002D48D0002110460E460B460BE700230B
:100F70002046A4F86C310CF0ADFCEDE60E4602E71D
:100F800006F0EAFB0146002838D00023A4F87031AF
:100F90001B23A28C0371C280006806F0ADFBD2E671
:100FA00094F85D318BB3013B84F85D3104F1B806F0
:100FB00030460CF0B5F900283AD030460CF0B0F9C4
:100FC000002839D00023E3855DE6082120460AF099
:100FD0004FFC80E6B8F1000F14D1D4F860315A0804
:100FE00013F0010336D1C4F860216DE63E2120469E
:100FF0000AF03EFC6FE6002FB4D16CE60123A4F8A2
:101000007031A0E61346012786E60AAA28460BA9F6
:10101000FFF7C6F9DDE90A231343C7D0237884F824
:101020005D31C3E7B4F8701100297FF41CAE47E7C7
:10103000FF200AF0B5FBC0E70246D4E9170103F030
:10104000B1FD0028BED194F83C301B0744BF238D6E
:10105000E38518E642F000421F46C4F8602143468B
:101060005AE600BFAFF300808D49FD1A070000006B
:1010700065AD0001A4D40101B4D5010188CD010101
:1010800000CA9A3B8C49FD1A2DE9F04F87B0BDF894
:101090004440CDE9043201940378BDF84840BDF8DE
:1010A00040B00294BDF84C800446078E0091002B9E
:1010B00000F02D81013FBFB294F85800A7EB080360
:1010C0009DB2C0F3C00100F00700D4F8F49003957E
:1010D00011F08CFDE68C052E40F2208140F2E24AB0
:1010E00005FB06F6B6B24FF09613E3619623BBF10B
:1010F000050F238440F2048194F8582002F007027F
:10110000032A40F2DB8094F859204FF4296302F05F
:101110000702032A00F2E38002F12801C9005210FD
:1011200021FA02F2B2F5A47F38BF4FF4A47207216E
:10113000134400F2D5100344854A86485D46E3FB1C
:101140000021104680A3D3E90023FEF7B5FF40F24B
:10115000E24320F07F400AFB06F203FB05F5531E35
:101160002B44B3FBF5F31FFA83FA606005FB0AF02A
:101170008242564680F0B6807649801AA0FB010173
:1011800071A3D3E90023FEF797FF20F07F4081444D
:10119000638DB4F8FC201344984494F83730A8EBDE
:1011A00007084644DB09668500F0BF80236C03997D
:1011B00002FB033203FB01F10B46A16C40F2E24754
:1011C0000A44616C634E8A4294BFC3EB0203C3EBD3
:1011D0000103A36411F03CFF804694F85C01C0F366
:1011E000420011F037FF059B804407FB03F305FB2A
:1011F00008F8236508F57428574B08F23F28A3FB2D
:1012000008384FEA98430AFB03F02364A5EB030870
:10121000A36C6A080344963A934228BF1346C4E974
:1012200011230023A0FB0601C4F8643146A3D3E9CF
:101230000023FEF741FF049BA9EB00094748A0FBF0
:10124000033041A3D3E90023800A07FB00F0A0FB91
:101250000601FEF731FF20F07F46019B29462385DA
:10126000029B2046A4F87431A4F826B00CF0CCFA06
:101270003B4B218D2B44B3FBF5F3881D9AB2904272
:10128000A4F86E2104D2C1F57F41FA310A4492B22A
:10129000009BA4F86A2113B10023A4F876314B46D1
:1012A000424631462046FFF723FC94F8683143F06C
:1012B000010384F8683107B0BDE8F08F02F128031C
:1012C000DB005210D34094F85920B3F5A47F02F00C
:1012D000070238BF4FF4A473032A7FF61DAF4FF403
:1012E000296224E7121A1B48A2FB000116A3D3E9C6
:1012F0000023FEF7E1FE20F07F40A9EB000947E75D
:101300000BF101050A204FF4FA73ADB223E7438DC8
:101310001F44B0F8FC301F44BFB2CDE6039B4FF42E
:10132000FA7A06FB0336B6B2DDE6049B0948A84606
:10133000A3FB000104A3D3E90023FEF7BDFE20F0C8
:101340007F46013689E700BF8D49FD1A070000007E
:101350008C49FD1A00CA9A3B83DE1B435917B7D14B
:101360007FC3C901000000002DE9F04F04460B685F
:10137000D0F81E0095B0D3F800A0267F638C1290A1
:10138000487CADF84C30FF28C6F3801388461546DC
:1013900017680C908DF83F307DD199461A4612ABF4
:1013A00093E803000DF1400B1090ADF84410D4F811
:1013B00000C0F6090AF165015B4630460A91CDF896
:1013C0002CC00AF011F90A9900284CD197F87C3109
:1013D0000A9069F3C71366F3861387F87C31109877
:1013E000BBF80430C7F88301A7F88731DAF8653015
:1013F00005F12200C7F87D318B88A7F88131E18D96
:1014000094F830302981AB72D4F82A3005216B6012
:10141000D4F83A30C5F8223094F83E3085F82630BA
:1014200003F048FD95F8273000F03F0060F3050316
:1014300085F8273094F83F300128C3F3040185F87C
:101440002810A18E03F01F03E98289B20BD91B3348
:1014500003F01F030B2B06D840F67A43063989B2F6
:1014600099420A9A2AD900220126CAF8082095F83A
:101470002C30214662F3000385F82C30E5680B9888
:10148000267106F02DF9294628682E7106F034F9E8
:1014900015B0BDE8F08F0DF1400B5A460DF13F013C
:1014A0000FF0C6FF9DF83F90267F09F102095FFA11
:1014B00089F98DF83F9009F0010278E740F2E2499E
:1014C000D8F8003011465A60E38E38462B83628E7E
:1014D000EB8A0A9209FB03F60CF0AAF994F83F3064
:1014E00097F85C215B0963F3430287F85C2111F0F4
:1014F000AFFD034697F85C010D93C0F3420011F075
:10150000A9FD0D9BCE4A034406FB03F303F57423A8
:1015100003F23F23A2FB03239B0C2B637308963B30
:101520006B6394F83130314609FB03F36B64238F0E
:101530003846A7F874310CF067F9C24BC24A3344FD
:10154000B3FBF6F3C7F878219AB2A7F86E21298B7E
:10155000881D824204DDC1F57F41FA310A4492B20E
:101560002346A7F86A216A68C7F8602113F81C2F80
:10157000C2F34019DA0700F125814FF48073A38389
:101580009AF81A0010F02CFD04F12B03002800F04B
:101590001581626AC4F82B20228D9A800C9BFF2B48
:1015A00000F06A81BDF84C301298A4F82930C4F8D4
:1015B0002500BBF804301098A4F823309DF83F3084
:1015C000C4F81F00A377EB8A384663862B8BA3866B
:1015D000B7F87431E38697F85C31C3F3420384F8BB
:1015E000383009F089FC03462146AB820B98E38032
:1015F000D8F8044006F074F81C23AA8AD4F800B086
:10160000E2802371B9F1000F40F0F3802146584683
:1016100084F81C9006F070F895F8483003F0070342
:10162000032B00F2C88003F128094FEAC9095B10B7
:1016300029FA03F9B9F5A47F38BF4FF4A47995F8D6
:10164000490000F00700032800F2B28000F12804EE
:10165000E4004310DC40B4F5A47F38BF4FF4A47419
:10166000012111F0C5FA07214FF0961304EB090C84
:101670008346DFF8D891764C00F2D5106044E0FB49
:101680000941C5E903336CA3D3E900232046FEF7E3
:1016900013FD034640F2E24423F07F437B602B6B53
:1016A000DDF828C0F51AD8F80C60002204FB0C64A1
:1016B0000221012004F2B344E41A03F0ADFA5046CB
:1016C00008F084FF0246A4EB0B04A4FB09011446B6
:1016D00059A3D3E90023FEF7EFFC8146CDF804A01F
:1016E000D8F808305B4A3A3B009229F07F49A21CA7
:1016F00001210020D2B24B4405F018F8012800F077
:1017000085809AF81830DB076BD4384609F0F4FB73
:101710004E4B0446A5FB035A47A3D3E900232846B2
:101720005146FEF7C9FC0697D8F808300722A3F106
:101730003A084FF4F8734FF0000B08934649474BB3
:1017400020F07F460791A6FB0331E81A444B02FBC9
:10175000061105937B686AEB01014FF47A72CDE9BB
:1017600003B30023FEF7A8FC0534E4B2029043461D
:10177000224601215846CDE9009604F0EFFE10F014
:10178000FD0F0DD040F2F113364A3749374818F0B3
:10179000E5FD8BF31188BFF36F8F0323184602DF3B
:1017A00001220221104603F037FA15B0BDE8F08F90
:1017B0004FF4296454E74FF4296940E7C4F82B003B
:1017C0009880EBE6FD23274A2949284818F0C6FDF2
:1017D000002383F31188BFF36F8F0323184602DFC2
:1017E000CBE60023012218461146009304F062FF65
:1017F0008BE795F82730281D43F0400385F8273004
:101800000FF00AFC4FF001092885FFE606F014F8F6
:1018100082453FF476AF4FF42673124A15491348B8
:1018200018F09CFD002383F31188BFF36F8F03230F
:10183000184602DF65E700BF8D49FD1A070000006A
:1018400083DE1B437FC3C901404B4C0000CA9A3B57
:101850008C49FD1A350A0101010A01018D49FD1A61
:10186000750A010168DA010168D5010188CD01011D
:10187000ECD10101C4DA01010022C4F82520A4F84A
:10188000292096E6000000002DE9F04F04468DB0B7
:10189000BDF86850002016469B46CDE904549DF8DB
:1018A0005C80BDF86090BDF864A0069109F002F973
:1018B000002800F0658108F001070446384605F06D
:1018C0000FF80390002F70D15A463846169B0399A3
:1018D00009F08AFE002840F06481636904F1100277
:1018E00008930792002B67D063690BF001091D680C
:1018F0000793DDF81CA09AF84800C0F3C00100F07F
:10190000070011F073F9DFF840E300F2CF3207214E
:101910007046BAF80E30DFF834C31344E3FB0C0111
:10192000C7A3D3E90023FEF7C7FB034623F07F4399
:101930006B60304610F0C2F8FF2384F8283094F82A
:1019400027306FF3410384F82730002E00F01C810C
:10195000A8F10203012B40F22881DDE9052394F868
:101960003C1004F1100068F3420184F83C1094F834
:10197000271069F3000184F827101699049D09685F
:10198000A16116998988A584A18300210096FEF79C
:10199000BFFFA06311F012FB002840F01181204628
:1019A000FEF7E2FF0DB0BDE8F08F062103F0D6F898
:1019B000002889D11220F5E705F07AFE0990002869
:1019C00000F0738109F08CFA0546002800F06A8166
:1019D000143003F085FA05F110030793002840F056
:1019E0001C81032105F1180010F0BCFF4FF6FF73B6
:1019F000E86EA5F828A0A5F82690AB84002800F092
:101A00001B8105F1600205F15C0103F0B3F87F234F
:101A10004FF0000A85F8B630B5F85830C5F86CA01C
:101A200023F4EF6323F0070343F48C7343F00103C3
:101A3000A5F8583095F87230A5F870A023F0070388
:101A400085F87230A5F82AA0C5F82EA005F132005D
:101A50000FF08CFA95F83730012160F3050385F813
:101A600037300DF12F0010F07DFF049B4FF4C022A2
:101A7000A5F8743140F2E24303FB09F9744B9DF879
:101A80002F104B44B3FBF9F3C5F87021714A85F868
:101A900039A0A2FB0102D20802EB4202A1EB8201B3
:101AA00095F83720053102F03F0285F8372095F888
:101AB0003C2085F83810298D22F0070285F83C205B
:101AC000881D9AB28242A5F876A1A5F86CA1A5F866
:101AD0006E2102DD063A521A92B24FF0000AA5F8C2
:101AE0006A2128460BF018FE494628460BF08CFE6A
:101AF000099B85F838A1C5F83C3109F069FD95F8D6
:101B00007C310BF0010960F3020385F87C3109F0A8
:101B100065FD95F87C3160F3C50385F87C3195F857
:101B2000683105F1B8006AF3410385F868310BF0BC
:101B3000B5FB4FF0961295F87C31C5E9072269F3A1
:101B4000C713169A85F87C311268DBB2C5F8832179
:101B5000169A68F38613928885F87C31A5F8872158
:101B6000039A1368C5F87D319388A5F8813105F192
:101B700010036361C5E902AA85F800A02D61B8E6EB
:101B80000C200DB0BDE8F08F10F0E2FB00283FF410
:101B9000DFAE58463246169910F00CF984F828004A
:101BA000D6E60B200DB0BDE8F08F00200FF0AAFFA5
:101BB00094F82730B84643F0020384F82730CCE687
:101BC0006569EB6D73B140F22143234A23492448F0
:101BD00018F0C4FB002383F31188BFF36F8F032336
:101BE000184602DF05F1500105F14C0002F0C6FF76
:101BF0000646002838D02F68EE65D7F83C51002DF6
:101C000041D0284605F05AFD384609F06FF9002307
:101C1000032063610DB0BDE8F08FC1230E4A114966
:101C20000F4818F09BFB089B83F31188BFF36F8F5D
:101C30000323184602DFD4E605F16400E866E0E617
:101C40008D49FD1A070000008C49FD1A00CA9A3B15
:101C50007FC3C901ABAAAAAAF4DA010180D30101AA
:101C600088CD010140CE010140F22343104A1149C1
:101C7000114818F073FB86F31188BFF36F8F0323AD
:101C8000184602DFB7E740F22A43094A09490A48E1
:101C900018F064FB85F31188BFF36F8F0323184698
:101CA00002DFAEE7099805F009FD07207AE600BFDC
:101CB000F4DA0101F4D4010188CD01010000000033
:101CC0002DE9F04F0446238D077F8DB0406AADF8B3
:101CD0002C30E307C7F3C0180E4615460A90C7F329
:101CE000401700F108810023A383B37C707C13F0BC
:101CF000010318BFD4F81E3004F12B021ABFC4F838
:101D00002B30638CC4F82B30FF28938004F1250915
:101D100004F11F0200F0E18004F11E010FF088FBC6
:101D2000A37FBDF82C200A980233A377C4F82500BE
:101D3000A9F804203368D3F800A0EB8A63862B8BC4
:101D4000A386BAF82430E38611F080F984F83800CD
:101D5000D5F80090484609F0CFF803460021AB8241
:101D60004846E3800BF064FD21462068746805F066
:101D7000B7FC1C23AA8AD4F80080E2802371002FCC
:101D800040F0C98021464046277705F0B5FC40F277
:101D9000E24395F84800B5F816B0C0F3C00100F072
:101DA000070003FB0BFBF46810F020FF0022022168
:101DB000A4EB0008012002F02FFF504608F05CFE63
:101DC0005BA3D3E900235C4C0546A8FB04482046EE
:101DD0004146FEF771F90746CDF804A0B368574AAB
:101DE0003A3B009227F07F472A1D01210020D2B202
:101DF0003B4404F09BFC10F0FD0F0ED040F2413349
:101E00004F4A5049504818F0A9FA002383F311882B
:101E1000BFF36F8F0323184602DF4FF0000A03223F
:101E2000012153465046CDF800A004F043FC48463B
:101E300009F062F83EA3D3E9002305463E48053584
:101E4000ABFB0001FEF738F940F27131CDF81C9080
:101E5000B66809913D49834608913D49104606916F
:101E6000D9F804104FF47A72CDE904A11946002381
:101E7000FEF722F90722374BCDE902B0A7FB033169
:101E800002FB0711E01A68EB01014FF47A7200239C
:101E9000FEF712F93A3EEDB2019033462A4601218F
:101EA0005046009704F07AFB10F0FD0F0DD040F281
:101EB0007233234A2349244818F050FA8AF31188D0
:101EC000BFF36F8F0323184602DF01220221104661
:101ED0000DB0BDE8F04F02F09FBE0023BDF82C10FE
:101EE0000A98C4F82530A9F8043084F81E80C4F894
:101EF0001F0091801EE740F2BD23114A1649124887
:101F000018F02CFA002383F31188BFF36F8F03239B
:101F1000184602DFE7E695F82730281D43F0400316
:101F200085F827300FF078F8012728852AE700BFC9
:101F30008D49FD1A0700000000CA9A3BF10B010110
:101F4000F4DA010168D5010188CD0101F50B010129
:101F5000290C01018D49FD1AECD10101000000009E
:101F60000538C3B20F2B10D870B580B20D4608F0FB
:101F7000CBFF044638B190F93730002B07DA4368BD
:101F80002B60204670BD002070BD0020704790F887
:101F900058000D4EC0F3C00100F0070010F026FEFF
:101FA00007210A4A00F5B7501530E0FB062110461C
:101FB00003A3D3E90023FEF77FF820F07F43DFE798
:101FC0008D49FD1A0700000000CA9A3B8C49FD1A92
:101FD0002DE9F04F0024FF27A24693B0CDE90E442F
:101FE0000894054616463C46D046D3460B930B1D37
:101FF0000DF140098DF837700A93634B002005936B
:10200000624B294603930FAB01930EAB009302235F
:10201000CDF8189010930490334602900DF13702DA
:1020200004F0C2FB022812D0109BB3B9FF2C25D0BC
:102030003368434522D0002F52D0FF24013FFFB226
:102040008DF83740D9E72946002004F0F3FB109BB8
:10205000022BF8D0109B002BE8D040F2D9134C4A49
:102060004C494D4818F07AF9002383F31188BFF3E7
:102070006F8F0323184602DFFF2CD9D19DF837005C
:10208000FF283CD011A9FFF76BFF0028B5D09DF8C1
:1020900037000538C3B20F2B18D9FF2CDDF8388074
:1020A000119B0AD051464046099304F0D7FB0A9B86
:1020B00003EB0B029042099B23D89B460F9BC24621
:1020C0009DF83740D6F80080089396E780B208F074
:1020D0001BFF0028E1D090F93730002BDDDA8CE7C8
:1020E00040F2E1132A4A2C482C4918F037F987F3BB
:1020F0001188BFF36F8F0323184602DF9DE7FF2C83
:1021000038D007212648ABFB000301FB0B311CA391
:10211000D3E90023FDF7D0FF044600B13E3408990F
:10212000204AA1F57423A3F51073934218D8072110
:102130001B48AAFB000301FB0A3111A3D3E90023CA
:10214000FDF7BAFF0021089A174BA3FB022304EB0B
:102150009344044408460B9B1C6013B0BDE8F08F09
:1021600001F1E87303F5D43303F5A5730AF1FF3ADF
:102170000893DCE76FF00901084613B0BDE8F08F63
:1021800000CA9A3B00000000110F0101150F010168
:1021900040DB010184DB010188CD01018CDB010101
:1021A0008D49FD1ABFBDF07F83DE1B430000000098
:1021B0002DE9F043C6683E497368D0E900971A6874
:1021C000A7F57423A3F510738B42804683B007D91B
:1021D00007F1E87707F5D43709F1FF3907F5A57757
:1021E00073685168DD8A022006F1100301AACDF858
:1021F0000490FFF7EDFE002850D10199A1EB0903EF
:102200001B0238D40846494604F028FB26A3D3E92C
:10221000002304464FF0070C2649A0FB01010CFBEC
:102220000411FDF749FF34690444002C346109DBD3
:1022300040F2E24305FB03F3A34230D2E41AA34287
:10224000FCD334610721D8F800301A48A3EB090306
:10225000A3FB000201FB032113A3D3E90023FDF735
:102260002BFF154BA3FB0737A0EB974020443061B1
:1022700003B0BDE8F083484604F0F0FA0AA3D3E9BE
:10228000002304464FF0070C0A49A0FB01010CFB98
:102290000411FDF711FF3469241AC6E73469002CD4
:1022A000D0D103B0BDE8F08300CA9A3B0000000023
:1022B000BFBDF07F8D49FD1A83DE1B430000000087
:1022C000F0B5C4680546636883B0002B68D112F08E
:1022D00013FE002012F06AFE0021084612F042FEB2
:1022E00000222521082012F0C7FE494B01A80193C6
:1022F00012F0AEFE40F25B60464912F0B1FF237A65
:1023000020461A46C3F3420363F30612227211F009
:10231000C3F810F01DF870BB637A9B0721D12768C2
:102320002E68384610F00AFC03461E446A6806F11F
:102330000901012013F0E4F913F010FB204608F026
:1023400053F90146023132463846C9B210F0F8FB63
:10235000054680BB204610F089FB90B9002003B0F1
:10236000F0BD01200FF05EFB02464178023200789A
:1023700013F05EF9D3E7607A10F0030018BF012074
:10238000F0E740F22943244A2449254817F0E6FFA4
:1023900085F31188BFF36F8F0323184602DFDDE753
:1023A00093F82C309A0792D021461E4812F082FDF5
:1023B00012F0EAFED2E740F21143174A1A491848D0
:1023C00017F0CCFF0721194B0026A5FB030301FBE7
:1023D00005310DA3D3E90023FDF76EFE1449024633
:1023E000144817F0BBFF86F31188BFF36F8F0323E8
:1023F000184602DF1048214612F05CFD12F0C4FEC0
:102400006FF08B00ABE700BF00CA9A3B00000000F2
:10241000D6BE898E5555550060DF010170CF010190
:1024200088CD0101D12C010164CE01018D49FD1A35
:1024300010E00101E4DF0101613001010000000052
:102440002DE9F041C4688CB094F91630002BC0F22D
:102450000681636805460E46002B40F0F580A37D9B
:102460006FF30003A37512F047FD002012F09EFDEC
:102470000021084612F076FD00222521082012F0E6
:10248000FBFD012005F08CFA0746002800F0CD8006
:1024900007F11C0012F020FE8B4B0BA80B9312F0DF
:1024A000D7FD8A4940F25B6012F0DAFEA07DC0F3EE
:1024B0004100253010F056FB2146854812F0FAFC09
:1024C000A37D9B0603D46368002B00F0AB809620AD
:1024D00013F00AF900231A461946184613F054F867
:1024E0000FF036FF002839D1A37D13F0180F5CD10F
:1024F000D4F800802F68404610F020FB07446A683B
:1025000007F10901002013F0FBF813F027FA13F08C
:102510006BF8204608F0B8FA0146043140463A46C6
:10252000C9B210F00DFB8046002840F09F8016B91C
:10253000636A002B52D1636843B1664B01220221CA
:1025400000209D6002F09CFB002837D1204610F04F
:102550008DFAD0B900200CB0BDE8F081A07DC0F3A9
:10256000C0000FF05FFA07460DF12B000FF05AFD87
:10257000804679783878BA1C13F05AF80022414620
:102580009DF82B0013F094FAB2E740F20B23524A65
:102590005249534817F0E2FE002383F31188BFF33A
:1025A0006F8F0323184602DFD4E701200FF03AFAB9
:1025B0004178821C007813F03BF899E740F206233B
:1025C000454A4849464817F0C9FE002383F311885D
:1025D000BFF36F8F0323184602DFB7E740F2F31211
:1025E0000892414A00930792404A3B460592314681
:1025F0000322CDE90366CDE90166069403F0AEFF40
:1026000010F0FD0F97D04FF4FA73334A384934482D
:1026100017F0A4FE86F31188BFF36F8F03231846CB
:1026200002DF88E712F0C6FF5AE74FF4C5732A4A63
:1026300030492B4817F092FE87F31188BFF36F8F54
:102640000323184602DF23E7636893F82C30D90789
:1026500005D4636893F82C309A077FF500AF2146C4
:10266000254812F027FC12F08FFD73E740F2E513C6
:10267000194A22491A4817F071FE0721204B0025FC
:10268000A8FB030301FB08310DA3D3E90023FDF7E9
:1026900013FD1C4902461C4817F060FE85F31188A3
:1026A000BFF36F8F0323184602DF1848214612F04C
:1026B00001FC12F069FD6FF08B004CE7AFF3008076
:1026C00000CA9A3B00000000D6BE898E55555500C1
:1026D000B1270001D40100211CE0010170CF0101EC
:1026E00088CD010178CE0101293C0101D13C0101D5
:1026F000CCD20101ACDF0101D12C010164CE01017A
:102700008D49FD1A68E00101E4DF0101013B01018F
:1027100038B5044611F0A2F9A37DA27DC3F34103AD
:10272000013303F00303032B08BF002363F34202CA
:1027300014BF03F125002520A27510F013FA636879
:102740000BB1236953B904F087F801460020033127
:1027500013F050F8BDE8384013F000B913F094F8C6
:10276000054604F079F801460020033113F042F8E1
:1027700013F0F4F813F088F8294604F06FF80721F5
:102780000346094AA0FB020201FB032104A3D3E98B
:102790000023FDF791FC23691B1A236138BD00BF9C
:1027A00000CA9A3B000000008D49FD1A000000009D
:1027B0002DE9F04F8BB0044612F03CFDC0B250B989
:1027C00010F02AFA2146BE4812F074FB0BB0BDE8A7
:1027D000F04F12F0D9BC12F04FFD054612F05CFF2D
:1027E000074612F063FF814613F0C4F9064613F062
:1027F000A5F9824612F012FFEDB2804612F0EAFE11
:1028000010F00AFA002DDDD0012005F0C9F80546C8
:10281000002800F05B8117F0FF07F6B240F0E78078
:10282000002E40F0DE804FF0FF093A464B4631461D
:10283000204611F04FFB0028C4D000232A7F616896
:102840008DF823305FFA88F702F00F03002900F0BB
:10285000F080616891F82C10880700F1EA80072B5E
:10286000B0D0A17D090740F14081002B40F0C88025
:102870006B7F063B1F2BA5D8042005F091F800289C
:10288000A0D013F083F8636A804643B940F2712206
:10289000238C02FB03F3B0FBF3F203FB12080721C6
:1028A00023685A68874BA2FB030301FB023182A312
:1028B000D3E90023FDF700FC6FF4427C00EB0C032E
:1028C0001F3B62EB0202434572F10002FFF47AAF54
:1028D00012F070FE6368484607930FF08FFBE37DAC
:1028E0008246990740F1DC81002800F0D9818346B7
:1028F0004FF0010812F0CEFCCDE9028B804609AB07
:10290000049305F11E0301932B7F0022C3F3801370
:10291000204641460093012311F0F6FA404612F09A
:10292000E1FB12F073FC002840F0C78121466648A5
:1029300012F0C0FA002F40F0BA81626892F82C3091
:1029400043F0010382F82C30A37D43F08003A3758C
:1029500005F042F84FF6FF7217210746C280017159
:1029600095F81CE04346CEF3401E00F11C0208F12E
:102970002008D3F800C05D689868D96810334345D3
:10298000C2F800C055609060D16002F11002F0D131
:102990001B6813603B7FBC606EF345133B7712F0FE
:1029A00073FF002E08BF4FF0FF093861099B87F8BD
:1029B00019907B61E37D13F0020303D0BAF10003A9
:1029C00018BF0123BA7E63F30002BA7605F004F85B
:1029D000394603463868FB600BB0BDE8F04F05F0A0
:1029E00029B85FFA8AF00FF099FB81461DE7A07DB8
:1029F0005FFA89F1C0F3C0000FF01EFB814614E7B7
:102A0000012B40F082806A7F0C2A7FF4DBAE1946EE
:102A100000232A7F20460193CDF80090D20905F1CA
:102A2000240311F0A5F900287FF426AF2B7F03F0D3
:102A30000F03002B69D16B7F052B7FF6C3AE252BCF
:102A40003FF6C0AEA27D02F02102202A09D16268C1
:102A5000002A00F0BA80052B7FF6B4AE252B3FF696
:102A6000B1AE63682BB12B7F03F00F03072B7FF40C
:102A7000A9AE03209DF8238004F092FF05460028AC
:102A80003FF4A0AE04F0A8FF4FF6FF73EB800523E0
:102A90002B71002F35D17F20002E08BF4FF0FF098A
:102AA000AB7E287668F3410329462868AB7685F823
:102AB000199004F0BFFF85E600CA9A3B00000000B1
:102AC000193B01018D49FD1A193D010140F2C7234F
:102AD000944A9549954817F041FC85F31188BFF356
:102AE0006F8F0323184602DF95E6B9F1FF0F8DF8CB
:102AF0002490C2F380184BD0227E91453FF4B5AEAE
:102B000097E712F07BFDC0B2C6E7062B93D04521B4
:102B1000D94011F0010139D1012B10D16B7F0C2B61
:102B20007FF450AE2A7F0DF1230301932046CDF8A8
:102B30000090D20905F1240311F01AF908BB2B7F8C
:102B400003F00F03042B7FF43DAE6B7F063B1F2B7E
:102B50003FF638AEA37DDB077FF534AE12F09AFB6B
:102B60002B7F0278C3F38013B3EBD21F7FF42AAE1E
:102B70000622083005F11E0119F04EFE00287FF4F0
:102B800021AE6B7F002B7FF46CAF1BE66B7F62E79F
:102B900005F11E0A5146404609AA0FF07DFB0028A8
:102BA0003FF444AFE37D03F0010343457FF43EAFC0
:102BB0005146062204F1080019F02EFE00287FF489
:102BC00035AF2B7F03F00F034FE69620079212F0EC
:102BD0008BFD079A104612F0C3FC032004F0E0FEC0
:102BE000804600283FF4EEAD04F0F6FE4FF6FF738A
:102BF000A8F80630052388F80430002F6DD17F2314
:102C0000002E14BF4A46FF2288F8183098F81A3070
:102C100041466FF3410388F81A3088F81920D8F834
:102C2000000004F007FF12F035FB064603210C22DA
:102C30003378484661F3030333702B7F7270327828
:102C4000C3F3801363F3C71232700FF0D7F9E27D3C
:102C5000920746D5002844D03246317841F04001F1
:102C600002F8021B0168C6F8021083889380D5F829
:102C70001E303046B3606B8CB38112F033FA12F021
:102C8000C5FA00283ED112F069FE2146A37D2848EE
:102C900043F00103A3750BB0BDE8F04F12F00AB981
:102CA00094F8168004F1190BC8F3801822E612F08C
:102CB000A5FC079B83F8A6003FE640F2AF43194A04
:102CC0001C491A4817F04AFB002383F31188BFF30D
:102CD0006F8F0323184602DF28E612F08FFCC3B281
:102CE0008EE7A37D3278C3F3801363F386123346F5
:102CF00003F8022BD4F81920C6F80220B4F81D20DE
:102D00009A80B4E740F23353064A0A49074817F05D
:102D100025FB002383F31188BFF36F8F032318462D
:102D200002DFB0E71CE00101ACDF010188CD010149
:102D30002D3B0101B4DF01014FF6FF732DE9F04196
:102D4000C46882B0A28A9A4200F0E180054611F080
:102D5000F9F92B89628BA3831A440023208C92B249
:102D6000104494F8271080B2461C26844E066383D4
:102D7000E28304F1220300F1A38001F03F0094F804
:102D80002810009004F129000EF0FEF80646D4E960
:102D90000C31A28B002002FB0333A26B276C13447F
:102DA000E26B20648B4294BFD21852188A4228BF2B
:102DB0000A46616C94F849303944C4E90E026164F2
:102DC00094F8622094F82C10C3F3020363F3061105
:102DD00012F0040284F82C107CD012F08DF8002040
:102DE00012F0E4F8201D12F033F92389A17A40F2A1
:102DF0005B6043EA014112F033FA30460FF0B2FE55
:102E000021465D4812F056F8A08912F06DFC94F846
:102E1000482094F84900C2F3C003002102F00702E1
:102E200000F0070012F0B0FB204611F053FA2668BC
:102E30002F6830460FF082FE03461F446A6807F190
:102E40000901002012F05CFC804612F051FD0020C8
:102E500012F072FDE36B94F8490003F12F02636CEA
:102E6000012100F0070003EB420512F04DF994F840
:102E70004930454403F00703022B054428D0042BB6
:102E80000CBF4FF4BC72282218460121154412F0E1
:102E90003DF9284412F00CFD12F0A6FBA18A3A4637
:102EA00005313046C9B20FF04BFE0546002835D13A
:102EB00020460FF0DBFDD8B9002002B0BDE8F0815C
:102EC0001A4601F03F03218D0EF0AAF806465EE790
:102ED0001822D9E7D4E9130101F064FE00287FF439
:102EE0007CAF94F8623043F0040384F8623074E7F6
:102EF0004FF4B073214A2249224817F02FFA85F384
:102F00001188BFF36F8F0323184602DFD4E72146F1
:102F10001D4811F0CFFF12F037F9CDE74FF4AB7336
:102F2000164A1A49174817F019FA0721184B0026B4
:102F3000A5FB030301FB05310DA3D3E90023FDF736
:102F4000BBF814490246144817F008FA86F31188B2
:102F5000BFF36F8F0323184602DF1048214611F09C
:102F6000A9FF12F011F96FF08B00A6E7AFF3008014
:102F700000CA9A3B0000000079450101FCE0010114
:102F800070CF010188CD0101D12C010164CE010176
:102F90008D49FD1A50E10101E4DF0101AD2C010171
:102FA0004FF6FF73F0B5C46885B0A28A9A4200F06C
:102FB0008E80054611F0C6F82B89628BA3831A44D4
:102FC0000023208C92B2104494F8271080B2461C43
:102FD00026844E066383E28304F1220360D401F069
:102FE0003F0094F82810009004F129000DF0CCFF68
:102FF0000646204603A911F057FA039B94F8621085
:103000001A7861F3C3021A70039A94F86230117847
:10301000C3F3400363F38201117011F06DFF0020D0
:1030200011F0C4FF201D12F013F82389A17A40F299
:103030005B6043EA014112F013F930460FF092FD54
:103040002046039911F006FA21463B4811F032FF61
:10305000E08912F049FB94F8490000F0070012F0F3
:103060007FFA27682E6838460FF068FD03461E4435
:103070006A6806F10901012012F042FB12F06EFCB1
:10308000A18A324605313846C9B20FF059FD0546CE
:1030900020BB20460FF0EAFC50B9002005B0F0BD7F
:1030A0001A4601F03F03218D0DF0BAFF0646A0E756
:1030B0004FF48273214A2249224817F04FF985F3D1
:1030C0001188BFF36F8F0323184602DFE5E721461F
:1030D0001D4811F0EFFE12F057F8DEE7FA23174A09
:1030E0001A49184817F03AF90721194B0026A5FB91
:1030F000030301FB05310EA3D3E90023FCF7DCFF3A
:1031000014490246144817F029F986F31188BFF3D1
:103110006F8F0323184602DF1048214611F0CAFEC4
:1031200012F032F86FF08B00B8E700BFAFF3008009
:1031300000CA9A3B00000000654301015CE1010107
:1031400070CF010188CD0101D12C010164CE0101B4
:103150008D49FD1AACE10101E4DF0101AD2C010153
:10316000014815F011BC00BF4C03002138B5094DD2
:103170004FF0FF324FF0FF33284615F0D3FB0446E3
:1031800001F03CFC10B1204601F058FA16F0E4F8CA
:10319000EEE700BF7C0300210346F7B5064613F8AF
:1031A000010B0D46022801F1FF322DD0052845D034
:1031B000012855D1022A53D90322CDE90032002239
:1031C000002301F0E3FB0446002849D0F378043DD6
:1031D0009D4204D003B0BDE8F04001F02FBA00F1E9
:1031E0000C07384617F0FCFC854201D92046F1E770
:1031F0002A46311D384617F0CAFC2146194803B04B
:10320000BDE8F04018F02FBF032A29D9042000227E
:10321000CDE90030002301F0B9FB044600B3B6F855
:103220000330053D9D42D5D104F10C07384617F017
:10323000D7FC8542DAD82A46711DDBE7032A0FD96D
:1032400004221020CDE900320022002301F09EFB71
:10325000044628B1B6F80330053DC3F30D03E1E79A
:1032600003B0F0BD7C03002170B5214888B001F0A7
:10327000D1FB00220023CDE9062300236FF00802D2
:10328000CDE90133CDE9032300934FF48062194B5C
:1032900019491A4815F040FE1949184818F0EDFF71
:1032A000184817F0A9F9184A1849164817F0B2F942
:1032B0004FF0FF324FF0FF33154815F09FFB0C4ED7
:1032C000124D4FF0FF324FF0FF33304615F02AFB1E
:1032D00004462846228AE16817F0B0F9002803DB8B
:1032E000204601F0ABF9ECE716F036F8F1E700BF45
:1032F000640300216D310001906000211804002159
:1033000008E401017CCA0101100000218024002191
:103310004C030021014B1B68184700BF2C00002103
:10332000014B1860704700BF2C00002130B585B0FC
:1033300004460D4610220021684619F065FA022362
:103340008DF80230044B2A4621466846019316F058
:1033500031FC05B030BD00BF1533000180B5054616
:103360000E461746984616F09BF8034619F0E8FA01
:103370000446DFF81890424649F800303946304696
:10338000A84754F8090000F06DFD00BF08000000D8
:103390002DE9F047058B04462807904611D40229F1
:1033A00005F0070540F0CC80204616F0FFFF78B10D
:1033B0000138218B042811D8DFE800F0C2106D8598
:1033C000950001290CBF45F0100545F02005258327
:1033D00088F31188BFF36F8FBDE8F08701F0070A0B
:1033E000AA4500F0A5800027B9463E46A368002BF9
:1033F00000F0BC8041F00801218388F31188BFF3FD
:103400006F8FA168002900F0BA800D68002900F0D4
:10341000B680334652462046D1F80480C047002D7E
:1034200076D02B6829461D46F0E701F007035A1FA6
:10343000012A1BD8002221F00701062B276889B238
:10344000C4E9002209D13B4603E0628B013262836A
:103450001B68002BF9D141F002012046218316F0B0
:10346000A5FF00287AD041F0200176E0042B0AD194
:1034700021F0070189B22046218316F097FF10B191
:1034800041F020012183218B01F0070AAA454FD08A
:103490000027B946AAE7236921F0070141F0060198
:1034A000062DD3F8009021832DD1B9F1000F3FD024
:1034B00041F00801218388F31188BFF36F8F204604
:1034C0003949C84729E021F00701236941F0040187
:1034D00089B2042DD3F804902183E6D000274FF061
:1034E000040A3E4682E721F00701236941F0050105
:1034F00089B2052DD3F808902183D6D000274FF04C
:10350000050A3E4672E700274FF0060A3E466DE781
:103510002B4687E7B9F1000FD1D1EFF311882023B3
:1035200083F31288BFF36F8F238B23F00803238369
:10353000258BEA062ED525F01003238305F0070519
:103540006669218B002EBFF670AF00232768C4E99F
:10355000003321F0070141F001012183218B4FF05D
:10356000000901F0070AAA457FF440AF002F9CD064
:1035700041F00801218388F31188BFF36F8F002F7A
:10358000C8D03D68394633465246204616F03AFFC9
:103590002F46F4E7AB067FF51BAF25F0200323830E
:1035A00005F0070500E700BF31A4010130B50C4666
:1035B0000E4985B00291D0F8D4110546CDE900310D
:1035C00000F1F0014FF0FF33204614F009FD50B92F
:1035D000012384F86C30D5F8D03123B1204605B0F2
:1035E000BDE83040184705B030BD00BF5FA70101FE
:1035F00038B50C461146054617F0B3F8034638B9FE
:103600002846044917F0ADF803460020236038BD72
:103610000120FBE703E601012DE9F04F012381467C
:103620000569466889B005F55D77D7E8EF2F002A70
:1036300003D1C7E8E13F0029F7D10CBF1A460022A9
:1036400040F0B180B368B16A05F5F8781C1F1046E8
:1036500017F00EF984426FD8013A00F09E80B2FA5A
:1036600082F24FF00044D44072682046073222F0C4
:103670000302C5F83C22B16A17F0FAF8C5F8400217
:10368000B36A40466343033323F0030302EB430270
:10369000230103EB4403093323F0030303EBC403C7
:1036A000C5F834221A440832C5F830227368C5F8C8
:1036B0003842C5F82C323D4BC5E9AD63316800F0A6
:1036C000E5F90446002835D1D9F810B0D9F804A09E
:1036D000D9F800300BF53479CDE90600059348465A
:1036E000DAE90734012B08BF103C18F09BFDDAF82B
:1036F00024002F4905AB01EB80214FF4806248463E
:103700000093234615F01EFB2A490BF5307018F084
:1037100042FDDAE9050183685C684CB15B46264AE4
:10372000A047044630B9DAE9050183681B692BB963
:103730006FF05704002129E0013288E70122984701
:1037400004460028F6D11D4B2846C5F8D0311C4B45
:10375000C5F8D4311B4B0393D5F840320293D5F80A
:103760003C32CDE9008305F51173B26AD5F87013C8
:1037700000F054F904460028DCD105F1F00014F003
:10378000D5FC0028C5F878030ADB0221384617F07B
:103790001CF8204609B0BDE8F08F6FF00B04C9E7B4
:1037A0006FF01504C6E76FF07704F2E7B5A70101E3
:1037B000906400219BA701018FA70101C937000177
:1037C00047A90101FBA7010113B5044640B100233D
:1037D0000122CDE90032074BD0E9091214F0D4FBE5
:1037E000236F1B6823B1606F02B0BDE8104018471B
:1037F00002B010BD03E6010113B504460846216975
:1038000001F55D71D1E8AF1F022910D193B1A0B1CC
:103810000121CDE900311346D0E9091214F0B4FBBF
:10382000074B984208BF6FF00B0002B010BD6FF05D
:103830000F00FAE76FF04C00F7E76FF00100F4E7D4
:103840002EF8FFFF2DE9F34789461546066906F570
:103850005D73D3E8AF3F022B64D1136823B96FF0D7
:10386000150002B0BDE8F0871B78002BF7D0D6F822
:1038700070A3BAF1000F36D106F5EC774FF0FF32A6
:103880004FF0FF33384614F085FF30462A6801A90F
:10389000FFF7AEFE019C80461CB9384616F093FF38
:1038A000DDE705F108032367AB6984F86CA0636763
:1038B000646460B1384616F086FF21463046A36E38
:1038C0002A68FFF773FE0020C9F80040C9E71F22ED
:1038D000296804F1480018F0C1FF384684F8678071
:1038E00016F071FFEFE73046104916F03AFF044634
:1038F0000028B4D0002705F108030367AB6980F8FE
:103900006C70436740641F222968483018F0A6FF96
:1039100022460121304684F8677000F061F80028E3
:10392000D1D09CE76FF00F009BE700BF03E60101D9
:1039300010B50C46006900F55D73D3E8AF3F022B6C
:103940000FD189B10A4900F5307018F050FC2046BB
:1039500017F07BFF78220021204618F055FF002049
:1039600010BD6FF00F00FBE76FF00100F8E700BF3C
:10397000882400212DE9F04F05460E469046002789
:10398000D0F8C4A085B0AAF5BE7421463046FCF735
:10399000ADFBE0B9114BA4F1480B0293DAF81030FB
:1039A0003246CDE9008329464FF0FF335846AAF549
:1039B000E27914F015FB60B97823012203FB079329
:1039C00083F86C20DAF80C300BB1584698477834FD
:1039D00017B105B0BDE8F08F0127D6E775A9010141
:1039E0001FB5144690B18AB1012912D10A4B00F1DA
:1039F000F0010293D0F8D431483201934FF0FF33F5
:103A00002046009314F0ECFA04B010BD6FF01500DE
:103A1000FAE70020F8E700BF75A901012DE9F0439E
:103A200087B00E46DDE90E811446DDE910251F46FC
:103A300030B329B3DFF850C000F1F009002D08BF02
:103A400065469EB9CDE9034400F5E274204605962B
:103A500018F093F903ABCDE900432A463B464146B3
:103A6000484614F0DDFB07B0BDE8F0830022414674
:103A70000E9248462A4607B0BDE8F04314F026BD32
:103A80006FF01500EFE700BF75390001F0B504468F
:103A90002B4A87B004AB0E4692E8030083E803008C
:103AA000002C49D0184614F075F90546B0B94FF00E
:103AB000FF33E16C04F15407A163CDE901000093E9
:103AC0003846236D04F1380217F071FBA06C16F034
:103AD00080FFC4F8BC0020B96FF00B05284607B082
:103AE000F0BDA06C16F075FFC4F8C0000028F3D03C
:103AF000236CD4F8BC10C4F890300423C4F894307C
:103B0000C4F8AC300223E3620E4BB4F84820C4F88A
:103B10008C10616C236204F18C03C4F8A070A4F8CB
:103B20009820C4F8B870C4F8A810A4F8B020C4F85D
:103B3000A400A6612363D1E76FF01505CEE700BFAF
:103B400020CC010184CC0101014B036000207047AF
:103B5000B0CC010130BFFFF7FDBF00BF2DE9F04140
:103B600005460B4EDFF82C80324606EB0807CC1BCF
:103B70002046094918F021FEA01942460021083CC0
:103B800018F042FE6C6707F10800BDE8F08100BF45
:103B9000000000000400000020CC0101054B5A6920
:103BA0009B689A421FBF044A536843F08053536096
:103BB000704700BF3060002100ED00E0154B9A6AAD
:103BC00012F0007F9A6A14BF1E201D2012F0807F21
:103BD0009A6A18BF1F2012F4801F9A6A18BF022029
:103BE00012F4002F9A6A18BF212012F4802F9A6ACB
:103BF00018BF222012F4003F9A6A18BF232012F443
:103C0000803F9A6A18BF24206FEA02426FEA12428C
:103C10009A62704700ED00E010B5164B9A6A9C6AF4
:103C200012F4805F14BF1722162214F4006F9C6AEE
:103C300018BF1822A40509D59A6B9A6A120404D5F4
:103C400018B19A6A22F400429A621922094B986AC2
:103C500010F4806F986A18BF1A2210F4807F986A57
:103C600040F47F4098624FF000030CBF10461B20C9
:103C70000B7010BD00ED00E010B5154B0246986AC0
:103C80009C6A10F0100F14BF1120102014F0080FC0
:103C90009C6A18BF1220A40709D5586B986A0006C1
:103CA00004D51AB19A6A22F080029A621320084B56
:103CB0009A6A12F0010F9A6A18BF1420D20658BFF0
:103CC0009A6A9A6A42F0FF029A6200230B7010BD52
:103CD00000ED00E0F0B5474B04465B6800258BB073
:103CE000C3F3080385F31188BFF36F8F02F07F40A1
:103CF000B0F17F4F11D102F00C0008280DD0100751
:103D00004CBF0C4601250022033B8DF80720032BF6
:103D100005D8DFE803F02462665F2C46F3E7002352
:103D20009DF80720CAB902AE04F120073246206888
:103D30006168083403C2BC421646F7D1099A002DC7
:103D400053D0C2F3080121B96FEA52226FEA42222E
:103D50000992184602A916F074FE0BB0F0BD254B6F
:103D6000DA6A9107DBD4DA6A002AD8DBDA6A520011
:103D7000D5D55A69A16942F480725A61BFF34F8F59
:103D8000BFF36F8F5A6931F8021C22F480725A61B6
:103D9000BFF34F8FBFF36F8F4DF60272914209D080
:103DA0009A6AD2B242B101200DF10701FFF764FF18
:103DB0000346B5E72368B3E79A6A12F47F4F05D04C
:103DC00001200DF10701FFF727FFF1E79B6AB3F52B
:103DD000803FA4D3FFF7F2FEEAE700200DF10701D0
:103DE000E4E700200DF10701EDE722F4FF7222F075
:103DF0000102ADE700ED00E0064B5A6942F0100207
:103E00005A615A6942F480625A615A6922F0080282
:103E10005A61704700ED00E0EFF30880EFF309818D
:103E200001B57246FFF756FF01BD00BF0B4880F396
:103E3000088813F0FDF8202080F3118808484FF41B
:103E40000061401880F30988EFF3148002210843D1
:103E500080F31488BFF36F8F16F008FE10770021EF
:103E6000106C0021084B9B6883420BD1EFF3058354
:103E700043B1064B5A6842F080525A605A6A22F4A3
:103E800000425A6215F012BB3060002100ED00E0E4
:103E900014498A684FF030001044EFF3098C80E831
:103EA000F01F202080F31288BFF36F8F0E4F4FF06A
:103EB00000664A698A603E60506F0C4C2060906FCB
:103EC0000023936780F3118802F1300090E8F01F1F
:103ED0008CF3098802F1000004B516F0D2FDBDE8AC
:103EE000044070473060002104ED00E0B024002160
:103EF0001EF0040F0CBFEFF30880EFF30980816917
:103F000011F8021C0229FFD001B5724616F09FFD80
:103F100001BD00BF40B2002807DB01234109034A6D
:103F200000F01F00834042F82130704700E100E0BC
:103F300040B200280CDB01220649430900F01F00B3
:103F40008240203341F82320BFF34F8FBFF36F8FA0
:103F5000704700BF00E100E0054B420953F8222002
:103F6000012300F01F0003FA00F01040704700BF6B
:103F700000E100E040B2002801F10101ACBF00F116
:103F80006040064B4FEA4111C9B2ABBF00F561403A
:103F900000F00F0080F800131954704714ED00E092
:103FA000044B054A23F07F039360BFF34F8FBFF3A9
:103FB0006F8F70470000000100ED00E042F8203CE8
:103FC000009B0B4942F81C3C019B21F0010142F887
:103FD000183C029B42F8081C42F8143C4FF08073D6
:103FE00042F8043C0023203A02658367704700BF13
:103FF0005D33000100B50D4B15469860426F0C4BC8
:104000000E461A60436E83F30B882C4686F30988AC
:104010000020044B98472046002100220023024C38
:10402000204700008BAA01015D33000130600021B0
:10403000B02400211022014B1A61704700ED00E00E
:10404000002320210348C21801331E2B82F80013DD
:10405000F9D1704700E100E008B5EFF30583064AA7
:10406000103B02EBC30152F8330049688847BDE8B2
:104070000840FFF793BD00BFBCCA01011FB5094C42
:10408000094A23460121094800F0FAF80023039366
:10409000074B0121E41A01A80193029400F0FAF8F9
:1040A00004B010BD0000012100000021B0CC0101CE
:1040B0001804002110B50C7A0B6804F01F0223F0DD
:1040C0001F031A43CB68640923F01F03054943EA21
:1040D000440343F00103C1F89800C1F89C20C1F8E3
:1040E000A03010BD00ED00E010B5074BD3F89030C4
:1040F000C3F30723013B984202D8FFF7DBFF10BD53
:104100006FF01500FBE700BF00ED00E02DE9F04F78
:104110000F46144606464FF000084D4D85B0B84591
:1041200080F29280D6F80490B9F1000F36D0B9F140
:104130001F0F40F2878019F01F0F40F08380D6F8E0
:1041400000A01AF01F0F7DD1504616F0DEFC83460A
:1041500009EB0A00013816F0D8FC834572D11BF137
:10416000160F6FD05C456DDDC5F898B0D5F89C1082
:10417000C5F898B0D5F8A03021F01F0143F01F0A10
:10418000D6E900321A44994202F1FF391ED1CA45DC
:1041900008D131465FFA8BF016F0C0FC08F1010837
:1041A0000C36BCE73146C5F898B0D5F89C3022F003
:1041B0001F0203F01F031343C5F89C30E0B216F052
:1041C000ADFC10F1160F3DD0441CE7E7C5F898B0E0
:1041D000D5F8A020013B23F01F0302F01F02134378
:1041E000CA453146E0B2C5F8A030E8D016F096FCDA
:1041F00010F1160F26D0C5F898B0D5F89C209DF880
:1042000008300AF1FF3A62F304038DF80830D5F85C
:10421000A0309DF808205B0863F347128DF8082052
:10422000D6E900321344009323F01F035344A3EB59
:104230000903013023F01F036946C0B20393FFF75F
:1042400053FFBEE76FF01504204605B0BDE8F08FC0
:1042500000ED00E00522044BC3F89420BFF34F8F1C
:10426000BFF36F8F704700BF00ED00E0BFF35F8FBB
:104270000022024BC3F89420704700BF00ED00E01D
:1042800010B5034C2278FFF741FF207010BD00BF2E
:104290006A6000212DE9F74F294D8A4606464FF006
:1042A0000008AB46274FD0451BDAD6F80490B9F189
:1042B000000F3FD031680846019116F026FC0199A5
:1042C000044609EB0100013816F01FFC84424FF050
:1042D00014021D4B08D002FB08F36FF015024BF8D7
:1042E000032003B0BDE8F08F14F1160F2C60F8D056
:1042F0001978A142F5DD02FB08B0C7F89840C7F86D
:104300009840D7F89C4000F10801007B64F304005A
:104310000871D7F8A0000C79400860F347140C71BD
:10432000D7F89C1021F01F016960D7F8A01021F088
:104330001F01296108F1010814350C36B3E700BFED
:10434000B424002100ED00E06A600021F0B541498D
:10435000414CD1F890302568C3F307239D4287B0C4
:1043600075D80020FFF782FF3C4BC1F8C030854272
:1043700016D13B4C01A82570FFF7E6FB0025064649
:10438000384FAE4213D1002023783249D1F8902023
:10439000C2F30722934254DBFFF75CFF00202FE0BB
:1043A000616801EB0011FFF785FE0130DFE701993D
:1043B000280101EB0513DA683A40B2F5001F21D05D
:1043C000B2F5800F2BD0B2F5801F38D15A689B68A8
:1043D0000958013B22F01F0003440120844623F0CA
:1043E0001F0340EA4C10CDE902218DF8100002A90C
:1043F00020780593FFF778FE00281DDA6FF015008E
:1044000007B0F0BD5A689B680958013B22F01F00B5
:1044100003444FF0020C012023F01F03E1E75A6828
:104420009B680958013B22F01F0003444FF0000C29
:10443000062023F01F03D4E72378013323700135CE
:104440009FE7C1F89830C1F8A00001339EE74FF014
:10445000FF30D5E700ED00E0BCCC0101AAFF44002D
:104460006A6000210000F0FF08B5024B1B68984706
:10447000002008BDC8240021034B044A186093782B
:1044800043F0020393707047C82400215C000021B0
:1044900008B50649064821F00701C1F1045202F5AA
:1044A000803215F00FFF002008BD00BF5792002199
:1044B000CC24002170B541690446867A0A4D59B171
:1044C000437ADB0706D42C2303FB06535B6A1B6885
:1044D0009B689847002363612C20214600FB06500F
:1044E000BDE8704017F0CABD940300212C22024B96
:1044F00002FB0030704700BF940300212C21827A18
:10450000054B01FB02339A6A1B7F801A1B3323F091
:104510000303B0FBF3F070479403002138B52C245B
:10452000827A064B04FB02335B6AD3E901240C60F8
:104530001568FFF7E3FF04FB005038BD940300212A
:104540002DE9F04385B00546684690461C46039128
:1045500017F0BAFFDDE90067EFF31189202383F339
:104560001288BFF36F8F6B8B002B41D02A8B9A423E
:1045700025D900220023284614F0D4F90446F0B1CE
:1045800089F31188BFF36F8F039B002B41D0324614
:104590003B46684617F0BDFF2C21A27A254B2046EA
:1045A00001FB02335B6A03A91B681D68DDE9002378
:1045B000A847606170BB2046FFF77CFF24E0698B51
:1045C0004B1E6B8389F31188BFF36F8F2B7F2A8B70
:1045D000AC6A1B3323F00303521A02FB0344154B4E
:1045E000154AEB1A9B105343A3722B7FE372CBE760
:1045F00089F31188BFF36F8F23464246284614F093
:1046000091F904460028BFD10024204605B0BDE83A
:10461000F0836361012300252381039B2946638284
:10462000E27A656004F1180018F0EEF863692582FB
:10463000E360EAE794030021A38B2EBA70B52C2522
:104640000B4C00B970BD037A4668013BDBB20372C4
:10465000002BF7D1C3604360837A05FB03431B6AD9
:1046600013B198473046ECE7FFF724FFFAE700BFA5
:1046700094030021064AD2F8AC3123F00043C2F87B
:10468000AC310022034BC3F84C21D3F84C317047B6
:10469000002001410060014173B5354BD3E84F3F25
:1046A00000233449CDE90033334BD3F80445BFF33D
:1046B0005F8FD1F80465BFF35F8FD3F80425944270
:1046C000F3D16B46224601212B4816F091FA32466F
:1046D00005460F21274801AB16F08AFAE0B1019B8D
:1046E0000DB9009302E0009A9342FAD3009B22484E
:1046F0001C44013CD0F84C3524F07F449C421F49B7
:1047000032D0FFF7B7FFC0F84C451D4B009A9A42D4
:1047100018D901230B7001E0002DE7D1194AD2F816
:10472000AC3143F00043C2F8AC31134BD3F84C2109
:1047300032B90121144A5160D3F84C3103B11160F0
:1047400001230DE0BFF35F8FD0F80435E41A24F0A5
:104750007F440E4B033C9C42DBD900230B700023AB
:104760000B4A137002B070BD0B78002BF7D0D5E761
:104770006F60002100100141006001416D60002167
:10478000FEFF7F000020014100B00041FBFF7F00E1
:104790006E600021F8B51E490023C1E8423F52BBBC
:1047A0001C4B1D783DB305231B4E1C4F3478013440
:1047B000B4FBF3F303EB8303E41A16F05FFC184A2F
:1047C000137823B157F82430C01A072813D9154B92
:1047D000D3F8141141B10021C3F81411D3F81431E6
:1047E00034700CB901231370347816F047FC47F885
:1047F00024002846F8BD0C4A0025D2F8AC3123F03D
:104800000043C2F8AC310122084B5A60F1E700BF07
:104810006F6000216E6000216C600021D8240021AF
:104820006B600021005000410020014100B00041B8
:104830000122024BC3F84025704700BF0000084129
:104840005023142213B51E4C0DF10700C4F80C358B
:104850001C4BC3F820214FF400621B4BC3F8BC254E
:104860004FF48062C3F8382512F08CFC174B984245
:1048700023D117499DF8070016F007FC15499DF84C
:10488000070016F007FC14499DF8070016F0FDFB21
:1048900021469DF8070016F0FDFB01209DF807302A
:1048A000984012F069FC4FF400220C4BC3F84423EB
:1048B0000022C3F84C21D3F84C3102B010BD00BF28
:1048C00000B0004100302041002001410000AD0B4C
:1048D0004C610141282001412C210141006001412E
:1048E00020B1034B800143F001031847704700BF1C
:1048F00050CC010170B50446807AFFF7F7FD61697D
:10490000054649B1637ADB0704D4436A20461B6835
:104910009B689847002363612146284617F0AEFB49
:10492000034B1B681BB1BDE870402A20184770BDBF
:10493000EC24002108B5034B186817F094FB002005
:1049400008BD00BFF0240021811EC9B21E2938B560
:10495000044609D80A4820FA01F1C90704D50948D4
:1049600016F0FBF8054610B90025284638BD064B61
:10497000013CE4B2195D0C3016F012F9F5E700BF06
:1049800041000040EC03002139E40101F8B50128A1
:104990000446DDE9067609D0042804D1144816F04F
:1049A000DCF8054620B900252846F8BD1148F6E791
:1049B000013CE4B21F2C96BF0F4B0021195D00F1A2
:1049C0000C04204616F0ECF8002FEDD0002EEBD0B2
:1049D000204616F005F9864203D92846FFF72EFE39
:1049E000E1E732463946204616F0D1F8DCE700BF51
:1049F00094030021C003002139E40101038A014628
:104A000023B1034B186883689B68184712207047CE
:104A10006C00002110B5084B084C1860206817F096
:104A2000EBF930B1206806498368BDE810401B6887
:104A300018476FF0120010BDF02400216C00002117
:104A40003549000170B54FF0FF320D464FF0FF338E
:104A50000021064616F045F9044660B91A230A4AB1
:104A60000A490B4815F07AFC84F31188BFF36F8F65
:104A70000323184602DF022104F10C0016F081F82E
:104A800006704570204670BD59E401018FE40101B4
:104A900093E4010110B54FF0000E00F1070C541E15
:104AA0002CF0030C1860A4B2ACF80020023A93B2C8
:104AB00001FB04F240F802E074B14FF6FF7C03FB07
:104AC000011403FB01F22044121B013B9BB263451E
:104AD0008050A0EB0100F8D110BD00BF0346006874
:104AE00010B102680AB91A607047C11D21F00301B4
:104AF000B1F800C0D11D21F003010CF1FF3CA1F879
:104B000000C0F0E70B687BB1073323F003031A887A
:104B1000013292B20346D1F800C043F807CB23F02C
:104B200003031A80086070470122F3E702FB0100CB
:104B3000704700BF401A90FBF2F080B2704700BF90
:104B4000531E11449BB242B1DB430138CA1811F81D
:104B5000013D914200F8013FF9D17047014402E064
:104B600010F8013B1BB98842FAD1002070470120A0
:104B7000704700BF10600860704700BF0A680346B6
:104B80000068904209BF002200200A601A60704746
:104B9000D2F800C0CCF80000D2F800C0CCF8041065
:104BA00010607047884203D01AB1436813607047A1
:104BB000002070470B68834209D02AB15868106002
:104BC0001A680A6018467047002BF9D1FAE70023EB
:104BD000F8E700BF2DE9F0414FF00C080C4F0D4EE7
:104BE0003D4606F1300421462846221D0C3CFFF7C5
:104BF000C1FFA642A5F10805F5D1A8F1040818F1F6
:104C0000040FA7F12007A6F13006E9D1BDE8F08135
:104C100070250021FC25002103468C4610B49AB172
:104C200001EB4101144803EB4304090101EB84014A
:104C30000144487A0C7AA04204BF0130087210BCCB
:104C40006146184610F0CABF01EB41020A4C12013E
:104C500000EB400302EB830323449C7ADA7AA242FE
:104C600001D010BC704701329A720122034B5A5492
:104C700010BC11F00BB800BF78250021F4240021EE
:104C8000F8B506461C460D4602B322786378D21A60
:104C900012F003023BD1274F71004FEA450C31441B
:104CA000AC44890001EB0C1101330431DBB27A18FA
:104CB000606821462370FFF76BFF01221E4B2946D7
:104CC00030465A5510F0E2FF0020F8BD10F0C8FF42
:104CD0000028DAD02946304610F0A0FF0028D4D0B2
:104CE00005EB450206EB4601124F120102EB810271
:104CF0003A44907AD27A637890424FEA46014FEA7A
:104D0000450C0CD02078C01A10F00302C7D0012A3D
:104D100003D00133DBB22370CFE71046F8BD227811
:104D2000D21A920702D00233DBB22370D4E9020315
:104D30009847C9E778250021F42400212DE9F04F98
:104D4000DFF8689189B019F80030002B5BD04FF084
:104D5000000B0324CDE904BB09F800B08346DFF85B
:104D600050A1C0EB001300EB40079B000AEB0717B4
:104D700003930294B846002358F8240FB96A07AA8F
:104D80000793FFF70FFF44460546CDB1079E96F8FF
:104D900000807278A8EB020808F00308B8F1010F50
:104DA00034D031788A1A02F00302012ACBB23CD106
:104DB000D7E9090107AAFFF7F5FE0546002DE5D161
:104DC00097F82E3097F82F209A4203D087F82F308B
:104DD0000123049397F82C3097F82D209A4203D0A2
:104DE00087F82D3001230593029B0C3F5D1EEBB22B
:104DF000FF2B0293BED10499D846DDF814B011B14F
:104E0000BBF1000F47D009B0BDE8F08F013A7270D6
:104E1000079AD2E902029047079E32787178D3B29E
:104E2000521A02F00302012A23D000222146B86A56
:104E30000193FFF7BFFE7560019B71787370327844
:104E4000521A02F00302012A0AD0D7E9090107AA7F
:104E5000FFF7A8FEB8F1010F054696D104460EE013
:104E6000039B71701A1D314628465244FFF790FE8D
:104E7000EBE707AAD7E90901FFF794FE0446029B76
:104E80008BB101235946584609F80B3010F0FEFE4D
:104E900009B0BDE8F08F5A464146404609B0BDE82A
:104EA000F04F10F09BBE002C8AD0EAE7F4240021DA
:104EB000782500214B1E8446DBB271B100200CF135
:104EC000FF319C4411F8013F23B15A1E01301340B9
:104ED000C0B2FAD16145F5D170470846704700BFAE
:104EE0002DE9F04F03260125074683B004213846FB
:104EF0000DF038FD00201F23D7F800C04FF0010847
:104F0000834682462CFA03F408E01C2B40F27E8193
:104F100019294AD04FF0010808461446013BDBB27C
:104F2000FF2B49D02CFA03F202F0010294420CD07C
:104F3000411C0E2BC9B270D9002AE6D01C2B40F2BE
:104F40006281192931D09046E6E708F1010E072B5E
:104F50005FFA8EFE10D9BEF1060F00F24981002AD9
:104F600040F03781BEF1060F00F005811C2B40F2A6
:104F7000FA800146F046CFE7002A40F00181BEF1F9
:104F8000060F40F2EB80012290469A404CEA020C58
:104F9000D14642460BF1010B01305FFA8BFBC1B2E7
:104FA000CA4500F091801929B6D1013305FA03F3FF
:104FB0004AB35B420CEA030C0022A04B01A88CEA26
:104FC000030302AC019310F8013B23B1591E0132D7
:104FD0000B40D2B2FAD1A042F5D1012A09D91FFA69
:104FE0008CF3B3EB1C4F12D15FFA8CF3B3EB1C6F55
:104FF0000DD1013E16F0FF067FF478AF6FF00D0083
:1050000003B0BDE8F08F013B4CEA030CD4E700206D
:10501000C7F800C003B0BDE8F08F0AF10109072B03
:105020005FFA89F900F29180002A73D1052B5FD9CC
:1050300014464FF0010E012902D02246F0460DE041
:10504000CCB105FA03F2072B2CEA020C88BF002230
:1050500021D9A0421AD001460E2BA1D91929A4D0DA
:10506000B9F10C0FA1D0CA4656E7BEF1060F4ED0DB
:1050700009B101294BD105FA03F2072B4CEA020CC6
:105080001AD90C46A0424FF00102E4D1611C4FF046
:105090000108C9B2E0E70BF1FF3BA0425FFA8BFBCE
:1050A00020D00022CA4517D0014635E74FF0010E47
:1050B00001292CD14CF0200C0BF1010B88425FFA36
:1050C0008BFB06D00122EDE709F101095FFA89F9AE
:1050D000C4E704460122D9E709F1010901465FFA54
:1050E00089F9BDE7013000224FF00108C1B257E74E
:1050F000BBF1000F19D0052BD8D0BBF1010F1AD08E
:10510000042B4FF0010E0DD1E1B101291AD0F04668
:105110000022A3E70BF1010B5FFA8BFB0124A646EB
:1051200089E7D146BBF1020F9FD101229A404CEA98
:10513000020CC1E7D1464FF0010B0BFA03F24CEA27
:10514000020CB9E74CF0100CB6E7002AE6D14FF09C
:10515000010E1C2B3FF472AF14466CE7052B1FD9D0
:10516000BEF1060F07D00146D146002883D00022A9
:10517000EFE78B4633D1014622464FF00608CBE6D7
:105180000BF10101BEF1060FC9B2F2D90130C1B273
:10519000012098409046D14600222CEA000CFFE600
:1051A000BBF1000F08D1012293469A404CEA020C51
:1051B0000446D1465A4669E7052B31D0BBF1010FB1
:1051C0000146B7D0042BACD1BEF1060F0CD0D146AE
:1051D0009AE7BEF1060FCED01C2B3FF6CAAE30B315
:1051E0000146D1460122B4E72246F046D14635E7D2
:1051F0004FF0010E0EFA03F162B904467246D14631
:105200004CEA010C42E79646D146A2E7D1464FF060
:10521000010E9EE70446D14600222CEA010C35E738
:10522000BEF1060FA7D028B10146D14640E704469B
:10523000D14606E7D14600213CE700BFD6BE898EA5
:1052400030B5037E0568FF2B14D003EB43028B427D
:1052500005EB021225D04FF0000C01E099420BD073
:105260009E4613789468FF2B03EB4302A44405EB9E
:105270000212F3D1002030BD714515D013780EEB2A
:105280004E0E4FEA0E1EFF2B906805F80E3006D02A
:1052900003EB430305EB03139A6802449A606044EE
:1052A00030BD9E464FF0000C13780376E6E700BF52
:1052B000A2EB010C1CF4000F10B4836844690AD1FE
:1052C0002CF07F4C6344A3420DD8E21A002310BC9B
:1052D000836042617047891A21F07F418B4208D96F
:1052E0005B1AA342F1D900221B1B836010BC4261F0
:1052F00070470C44E21AE9E72DE9F8438E462C2169
:10530000244DBDF82C7001FB0055696801EBCE00FF
:10531000C47811F83E6004F1010C5FFA8CFC66451C
:1053200098BF4FF0000C417861452FD004264FF014
:105330000208416804EB440404FA06F901EB041482
:1053400001F809606360089B6270A360099BA782F3
:10535000E3600A9B84F8028023610C9BA361119B8C
:1053600063620D9BE3610E9B23620F9BA362109B04
:10537000E36280F803C0D5E90837704698472B46AA
:1053800031460022B847A078BDE8F8830120BDE887
:10539000F88300BF382600212DE9F04F427A87B00C
:1053A000D0E90045002A00F0FB808B468246274664
:1053B000531EDBB205EBC30303930595039B5A68A9
:1053C0005E783B460492BBF1FF0F64D000250BEBE7
:1053D0004B044FEA0418CDF804B013F808B003EBFF
:1053E00004144FF0FF0C84F800C0DAF800709AF84B
:1053F000182007EB08096245D9F8081018BF029673
:105400000ED1C7E0091A06D1B9F81E80BEF81EE019
:10541000F04500F2B380B85D9446FF286AD002469A
:1054200002EB420607EB061EDEF808003601884252
:10543000E8D9029EBCF1FF0FC9F8081089F80020D6
:1054400061D001980CEB4C0C4FEA0C1C07F80C00D7
:10545000FF2A06D002EB420207EB0217BA68521A83
:10546000BA60A27801326270002DACD04FF000011A
:10547000AA6A2970A97022B10020E96A01939047B5
:10548000019B6268002A9ED1AA6ABBF1FF0F2262CB
:10549000EA6A62629AD19946039A049F927806EB6F
:1054A0004601701CB2424FEA011CC6B207EB01155F
:1054B00067D0039B17F80C101878B04208BF00267D
:1054C0000429ECD16A7802EB420809EB08146078F1
:1054D000A1784FEA0818884219D04FF00003012044
:1054E00007F80C30AA6AA8700AB1E96A9047039BD2
:1054F0009A78D4E70246BCF1FF0F029EC9F8081063
:1055000089F800209DD101988AF81800A0E74FF68D
:10551000FE700192AA8A4B468242DAF8141007D034
:105520004FF6FF70121AB2FA82F2520984F82C2058
:10553000029300234FF6FD706A6AA262EA68626015
:105540002A6963622262AA8A824288BF1A46A283BB
:10555000AA692046A261EA69E2602A6A2261AA6811
:105560006361A2606A68FFF7A3FE4FF00003E27870
:10557000E38342F00102029BE27032E70146029EA1
:1055800058E7039A05994F468A42A2F1080307D0CB
:10559000039313E707F80820019A8AF8182060E7B8
:1055A00007B0BDE8F08F00BF01232DE9F04F447E26
:1055B0008FB08376002C40F0B380037E8146FF2BB2
:1055C00000F0AD800FF0C4FBD9F81420D9F81C30DE
:1055D000801A20F07F45AB4294BF0023012399F845
:1055E0001880A346B8F1FF0FD9F800A0049375D036
:1055F000059408EB48080AEB0814A3684FEA08185A
:10560000AB426AD8A078ED1A9B4463781AF80880F8
:105610001B1ADBB2012B5DD1A369A26A0393002A96
:1056200000F0EC801668002E7DD0002B40F08E80BC
:10563000049B002B00F0078104230393137A59077E
:1056400000F0F680137A6FF302031372E78B7B1C72
:1056500094F82C209BB2E383002A73D0A28B9A4249
:1056600070D2A26A002A00F04781137A03F0070380
:10567000012B67D00126002051685060A36A1A7A76
:1056800060F302021A72A078E7680138A0700FB3C5
:105690006369D9F8142094F803C0ABEB03031344F7
:1056A00023F07F40626A23690CF0010C002E40F069
:1056B000B680B4F81EE0CDE900C37346B847039B3B
:1056C000E683002B049B18BF01230493E37866F361
:1056D0000003E370B8F1FF0F8BD1059C99F80B30F4
:1056E00099F80A209A4208D10132D2B2022A16BF92
:1056F00014460023234689F80B4009EB8303C3F8C3
:105700000CB0D9F8244000254B4601220421032087
:10571000A44689F81A500FB0BDE8F04F6047847670
:105720000FB0BDE8F08F039B002B65D0049B002BCE
:1057300088D1D9F81C305B4584D8B8F1FF0F11D15E
:10574000049E98E7A378013BA370C3E7049B002B5A
:105750007FF474AFD9F81C309B45FFF46FAFB8F1FC
:10576000FF0F46D0039BE78B9C460793A38B66688D
:10577000BB428EBF3946FB1A99B201FB066108EBAA
:1057800048030AEB0313DDF81CE0069199688E4587
:105790002DD3CDE9085BCDF82880A3468E4614466C
:1057A000B046CDE90C70CDF82CC0DDF81CC0CDF8AA
:1057B0001C90DDF80C90986A9A6910B10068002876
:1057C0004FD1002A4DD11B78FF2B07D003EB4303A9
:1057D0000AEB031399688E44E645ECD90D98DDF881
:1057E0001C902246DDE90A8C5C46DDE9085BCDF8B9
:1057F0000CC0002A00F0978000263CE7039BA3B171
:10580000049B002B7FF422AFD9F81C309B45FFF49A
:105810001DAFB8F1FF0FA5D104990E4634E7CDE9CD
:1058200000C34FF6FF73B84754E7039E00212BE7F0
:10583000A08BE18B88423FF605AF012161F30203A3
:105840001372E78B03E7D9F81C305B453FF6F4AEE3
:10585000B8F1FF0F53D04FF0040CE78BCDF81CC00C
:1058600084E7DD8B9F8B5E68BD422AD2002E41D13A
:10587000002CA8D0304626682EB1B9F1000F02D115
:10588000724496423FD2BD429DD3DA789BF8031012
:1058900002F0010601F00105AE4204D84A40D507E6
:1058A00091D400288FD02246DDE90A8C5C46DDE9E0
:1058B000085B0C9FDDF81C90002A32D1CDF80CC09B
:1058C000C5E69EB1E81B80B2B8F1000F0AD000FB1C
:1058D0000660401A069981422CBF00200120002C4E
:1058E000C9D1D0E74046002CC5D1CCE7002CC1D1AE
:1058F0002046CAE72846E7E70126A07896E7042372
:10590000049E0393B7E6DDF81C902246DDE90A8C7D
:105910005C46DDE9085BCDF80CC0002E3FF492AE8A
:105920008CE61668F7E716461146ADE62DE9F04F0E
:10593000837E8FB00390002B40F0AE82437E0C93A9
:10594000002B7AD101210398837AC27A44699A4262
:105950000794417600F016840B44DBB2022B0ABF99
:105960000C9A1A461346012603998B7201EB8203A7
:10597000DA68079B0692134423F07F434B61DDF8FE
:105980000CB09BF8183008930FF0E2F9DBF8003008
:105990009BF8097001937B1EDBF80450DBB2059085
:1059A000002F00F02785002705EBC30AFF230D9683
:1059B00004930997A846DAF804609AF803009AF865
:1059C000029009EB490409F1010348454FEA041725
:1059D000DBB206EB041400F0F9809AF800209A423A
:1059E00008BF00238AF80230F25D6178042A3BD9AF
:1059F000019801EB410300EB0315082A4FEA03135A
:105A00000293A8786B7822D81B1A13F0FF032DD1CC
:105A1000062A1CD19BF81B308B4252D04FF000035A
:105A2000F355A370A36A002BC7D00020E16A984702
:105A30009AF803009AF80290C3E70421446A0346E7
:105A400001220846A4460FB0BDE8F04F60474FF072
:105A50000003F3554FF00103A370A36A002BACD0F1
:105A60000120E16A9847A8E79946AAE7052A1FD1CD
:105A700062684AB9A2683AB9E2682AB922691AB9D1
:105A8000626932F07F42E2D0012B2AD00421012248
:105A900045465B460846DBF824400992A047AA45E4
:105AA0008AF80290AAF1080300F096809A4681E7EE
:105AB000012B00F08481062AE8D19BF81B308B4231
:105AC000ACD16168DBF814208B1A1D0240F19B8178
:105AD000069B521A22F07F42934294BF00239B1AE6
:105AE00095E15846FFF7ACFBA860059BDBF814E096
:105AF000A3EB0E01069B21F07F411944884240F23E
:105B00009781421A6B6873B3A38A63B3013B99B25E
:105B1000A182D5F804C0EB8B624540F290810CF174
:105B200001090A9611E0484601F1E87101F5D43106
:105B300001F5A5712E6A013B121A891B9BB26245C1
:105B40006962EB8340F21F82A18A8B4240F2768128
:105B5000696AB248B24E0818B042E4D86046E9E734
:105B6000DDE90A86A9836368A96A1344AB60A26869
:105B70006B6913446B6129B10B681BB1D4E9013225
:105B80009B1A4B60059A71462846FFF791FBE26825
:105B9000AB691344AB612269934294BF00239B1A03
:105BA000AB61A37D1BB1EA7863F30002EA70E37D89
:105BB00013B1013B85F82C30049BDDE901215354DE
:105BC0006B786278013304926B7027E74546AA45EB
:105BD000AAF108037FF46AAF0D9E099F0399089B01
:105BE00091F818B0BBEB030518BF0125002E00F09B
:105BF000D281059B079ABBF1FF0FA3EB0203D1F8FB
:105C0000009023F07F4A5DD04FF00008CDE909569F
:105C10000E46CDF80480D046CA46DDF818900697A7
:105C20000BEB4B050AEB0514A2682D014A4500F267
:105C3000A183019BA178134401936378A9EB020926
:105C40005B1AF169A8EB02088A4226BF00214FF0D7
:105C5000FF32891AE08B28BFF276F161A16ADBB2CC
:105C6000002900F086810A68A769002A00F06E8189
:105C7000002F40F06E81022B00F077830022A2609B
:105C80001AF8052032766168002940F02581A26A61
:105C90002AB1127A02F00702012A00F000813BB11A
:105CA000012B00D020B1236A13B10120616A98470B
:105CB000A378637096F818B0BBF1FF0FB0D1069FC0
:105CC000DDE90956089BDDE903415B4518BF354610
:105CD0002046FFF761FB4FF0000CCDE90157D4F8E7
:105CE00000B0039B197EFF29084600F0A9830E46E9
:105CF0004FF0FF0800E01E4606EB46030BEB0317D0
:105D0000BD6A1B012DB12A7A02F00702012A00F0B8
:105D10003E821BF80330B046FF2BECD1DDE9015782
:105D2000BCF1000F00F03D81089B8B4200F03483F2
:105D3000002F00F060810846FF2800F08D83089B4B
:105D4000FF2B00F07483DDF80CA000EB4000DAF8C4
:105D5000003003EB0013D3F808B0BBF1000F00F0E4
:105D600017830EF0F5FF0A250446DFF8B8802E4FA2
:105D70002E4EDAF81430013DE21A22F07F429345AC
:105D800002F103027ED95A452CBF9B185B4423F0D5
:105D90007F494846DAF8282090470EF0D9FF021BC9
:105DA000A9EB040322F07F4223F07F4303329A429F
:105DB000814669D9002D00F00E814C46D9E7062AAC
:105DC0003FF428AE5846FFF73BFAAB78A8606B70FB
:105DD0009BF81B2063789A427FF420AEF35D062B7C
:105DE0003FF46FAEFF238BF81B30F35D062B3FF4BF
:105DF00068AE082B3FF465AE0599DBF814208B1ACA
:105E00001D023FF565AE069A23F07F431344DBF88D
:105E10001C209A4288BFCBF81C30FFE55A2B17FF95
:105E2000592B177F20CD010100CE010188CD010142
:105E30006B6900221944091A696163E60A9E8B4264
:105E4000BFF490AECDE90A86286A0CF1010909E099
:105E5000E04601339BB26962EB83A18A42449942D6
:105E60007FF67EAE696ADFF8C082B04E0144884496
:105E7000B045EDD8A1F1E871A1F5D431C846A1F53E
:105E8000A571E6E701230C930023039A5376937ED2
:105E90000C9A1A4340F095800FB0BDE8F08FA378BC
:105EA000C4F808906370079B019A20469A1871699C
:105EB00022F07F42FFF7FCF9049BCDF810B00AF8FE
:105EC000053063780133DBB2637096F818B0BBF12C
:105ED000FF0F7FF4A5AEF2E6A36A23B11B7A03F0AD
:105EE0000703012BDBD0B4F81EC0BCF1000F4DD16D
:105EF000B4F81CC0E646D4E90873481C029000229E
:105F00007046059404E08E460138441C724412D059
:105F1000DFF814E2854C3B449E44A645F3D8DDF8F7
:105F200008E0A3F1E8730138A3F5D433441CA3F5CA
:105F3000A5737244ECD1059C94F82C006362002890
:105F400000F0F680A260A4F81EC0ACE7002F3FF47A
:105F500095AE022B7FF492AE00287FF48FAE0A7AC2
:105F600002F00702012A3FF489AEF76186F81BB000
:105F700084E6A769002F3FF481AE022B7FF47EAE4A
:105F80000028F2D07AE60A9EA18A58E7A3784FF05B
:105F9000000E6370AFE7DDE903412046FFF7FCF92F
:105FA000217E089B8B427FF4C3AE002F00F0268237
:105FB000039B002D40F07A825D769B7E002B3FF4A0
:105FC0006BAF039B01225C6A03210420A4460FB03F
:105FD000BDE8F04F604740F66F43424639463046D1
:105FE00014F0BCF985F31188BFF36F8F03231846B3
:105FF00002DF4C46BDE6039B01255A7A5C68531EBE
:10600000DBB2002A3FF497AECDE9094504EBC303A8
:106010000793079B5E78DA785B68B24270D01C46C3
:10602000DDF81CB006EB46063301E35C04EB061614
:10603000012B4ED0022B56D1D6E901C1D6E905A2DB
:106040009CF800501746F368039AFF2DD6F810E02D
:10605000D2F80090D3F80080506902D00A688242DA
:106060005CD04FF00008039A157E0860FF2D2CD0FD
:10607000CDE90146CDE904C35646CDF818E0BA464D
:106080000BE0BA68284653464244B04778B919F83D
:106090000450BB68FF2D98443BD005EB450409EB49
:1060A0000417B9692401002EEBD10029EFD0DDF8E7
:1060B00018E0BA68DDE90146DDE904C3BEF1000F6E
:1060C00002D0796ACEF8001090448CF80050C3F8E2
:1060D00000804FF00002B36AB27013B10020F16A81
:1060E00098479BF803209BF801609BF8003001362D
:1060F000F6B2B34208BF0026B2428BF8016091D1DC
:10610000079A0999A2F108038A4200F02C810793AB
:106110007FE7DDE90146DDE904C3D6E705EB450588
:106120002A0119F80250A1E75A2B17FF592B177FA4
:1061300090457FF607AF8646481C0290029C704649
:106140000B9505E08E4672440130904580B212D91D
:10615000DFF8BCE2AF4D3B449E44AE45F2D8A646C4
:10616000A3F1E8737244A3F5D43301309045A3F54D
:10617000A57380B2ECD8059C60440B9D63621FFA46
:1061800080FCDFE60C9B1E460693FFF7F8BBBA685F
:106190001C462B46002A40F01381D7F818A0BAF10C
:1061A000000F15D11A68002A40F0038140F6C6138B
:1061B000994A9A499A4814F0D1F8002383F3118838
:1061C000BFF36F8F0323184602DF4FF0040ABD6A46
:1061D000039BDB6904330993D5E90031994280F0D0
:1061E000D3801BF80420A3EB010EFF2A00F0CC8023
:1061F000D645C0F0C9800023AEEB0A000490CDF86C
:106200001C80D146A0469C461846CDE90516099C3F
:1062100036E0061F6644764528BF76460AEB04033F
:106220009E450CD34E450AD3BB69002B4AD02B7A2E
:106230001B0747D4B6EB0A0301D0A34251D28B6AA5
:1062400023B11B7A03F00703012B31D08B697BB399
:10625000496869B30433844403EB0C04BB69002B25
:106260003DD0297AAEEB0A03090700F1A680002091
:106270001BF80220FF2A34D00AEB0C09CE4530D39C
:1062800002EB42020BEB02118E681201304404282B
:10629000BFD8BE6986B12E7A16F00806BED08C69CA
:1062A00084440434049964448C4298BF2346DEE756
:1062B00000231BF80220DDE78B6984440433634428
:1062C0001C46D4E7002CBAD0A6EB0A06A642B6D3E9
:1062D000234605994446069EDDF81C8006E02346C9
:1062E000C5E74446DDE90516DDF81C801944696000
:1062F0001BF80410FF2918BF4FF0FF0E01D145E035
:10630000114601EB41020BEB021CDCF80800120104
:10631000984280F0C6801BF802208E46FF2AA3EB2D
:106320000003EDD1FF29BB6012D0B8F1FF0F1BF8BD
:10633000042079D008EB48031B010BF8032001EB84
:1063400041010B011BF803200BF804200BF803603C
:106350000222FB8B4FF0010C013BFB832B7A62F393
:1063600002032B72BDE40A9D22E600287FF486AC6E
:106370000427F4E54B46DDE90956D21A039BA260D7
:10638000069F93F818B09DE400236960BB60DFE7C7
:10639000039B83F819B014E6002F7FF4D4AC039B61
:1063A0005A7A5C68531EDBB2002A3FF4CCAC6546D7
:1063B0002AE61D464FF0040A0AE71946002373E750
:1063C00040F6BE13144A1749154813F0C7FF0023BF
:1063D00083F31188BFF36F8F0323184602DFD7F8CA
:1063E00018A0BAF1000F7FF4F2AEBB6A002B3FF4A5
:1063F000DDAED7E6FF230493FFF7F0BB039B5A7A89
:106400005C68531EDBB2002A7FF4FEADD0E500BF0E
:106410005A2B17FF592B177F20CD0101A8CD010161
:1064200088CD010160CD0101039B1A7687E70EF04C
:106430008FFC04460EF054FC039BC8B1187E82E426
:10644000DDE90157BCF1000F3FF4ABAD089BFF2B1A
:1064500011D0002F3FF4CFAD0EF052FC0446A8B18E
:106460000023039A5376937E002B7FF4AAAD13E5A5
:10647000187E5C6167E4002FEED1039B5A7A5C685A
:10648000531EDBB2002AE7D06546BDE5039DE861F7
:106490000EF05EFC6C766861AB7E002B3FF4FCACCA
:1064A0008FE5C01A7146CCF808003BE7187E43E43C
:1064B000F8B5069E9DF81C50089CB8B9154F3A6077
:1064C0005A1E39727B727E60D2B273B106EBC20281
:1064D0001146546012F808398E4203EB4300A5EBD5
:1064E000030304EB0014DDB2F2D10DB10120F8BDBD
:1064F000FF24099B3C763B620A9B7B620B9BBB6241
:106500000EF026FC03467D81FC76FD617B6128460A
:10651000F8BD00BF3826002140B9064A117EFF2988
:1065200001D1107270476FF00F0070476FF01500C7
:10653000704700BF382600212C22074B10B402FB05
:1065400000335C6A2CB1A44601220321022010BC56
:10655000604710BC704700BF3826002110B58AB0D4
:106560000C9CDDF834C0009400240994BDF83C4034
:10657000CDF804C00394109CDDF838C00494119C3D
:10658000CDF808C00594129C0694139C0794149CA3
:106590000894FEF7B1FE0AB010BD00BF30B4049CF1
:1065A000059D039400240495BDF818500595079D9A
:1065B0000695089D0795099D08950A9D09950B9DCF
:1065C000CDE90A5430BCFEF797BE00BF10B4BDF849
:1065D0001040049410BCFEF78FBE00BF2DE9F84FA9
:1065E0002C24254F1D4604FB007708467C68BDF827
:1065F000348004EBC10114F83090CC784E7804F16B
:10660000010C5FFA8CFCE14598BF4FF0000C664529
:106610009DF838E09DF844302BD04FF0050B4FF03B
:1066200002094E6804EB44044FEA041A06EB041412
:1066300006F80AB0E3750A9B6270A3600B9B656065
:10664000E3600C9BA4F8148023610F9B84F816E090
:10665000A362109B84F80290E36281F803C0D7E93B
:10666000083598473B4600220421A847A078BDE89A
:10667000F88F0120BDE8F88F3826002110B588B0CA
:106680000A9CDDF82CC0009400240794BDF8344027
:10669000CDF804C003949DF83840DDF830C0049470
:1066A0000F9CCDF808C00594109C0694FFF796FF48
:1066B00008B010BD2DE9F0412C241B4E04FB0066F0
:1066C0000846746804EBC10191F803E014F83050F7
:1066D0000EF1010C5FFA8CFC654598BF4FF0000C81
:1066E0004C7864451CD04FF0070802254C680EEB2F
:1066F0004E0E4FEA0E1704F8078004EB0E14A36247
:10670000069B6270A570E36281F803C0D6E9083584
:106710009847334600220421A847A078BDE8F081BD
:106720000120BDE8F08100BF382600212DE9F041AD
:106730002C241C4E04FB00660846746804EBC1015F
:1067400014F830E0CC784D7804F1010C5FFA8CFC41
:10675000E64598BF4FF0000C65451FD04FF0080884
:106760004FF0020E4D6804EB4404270105EB0414BE
:1067700005F807806360069B6270A362079B84F83C
:1067800002E0E36281F803C0D6E908359847334652
:1067900000220421A847A078BDE8F0810120BDE8CF
:1067A000F08100BF382600212DE9F0412C24204E35
:1067B00004FB00660846746804EBC10114F830E07D
:1067C000CC784D7804F1010C5FFA8CFCE64598BF5B
:1067D0004FF0000C654527D04FF602784FF0020EBF
:1067E0004D6804EB4404270105EB041425F80780E9
:1067F000C4E90123069B84F802E0E360079B236160
:10680000099B63610A9BA3610B9BA3620C9BE362E0
:1068100081F803C0D6E908359847334600220421A1
:10682000A847A078BDE8F0810120BDE8F08100BF55
:10683000382600212C2370B5064C03FB0044084683
:10684000D4E9083598472346AC46BDE8704000229D
:1068500004216047382600210EF07ABA401A20F051
:106860007F40704700210148704700BFDF490100A9
:10687000022801D00120704738B5044608461D465D
:1068800004F04EFB18B100232B70184638BD20468B
:1068900038BD00BF002303700B70704738B5054644
:1068A00000200C4603F0BCFE98B904F00FF910F07C
:1068B000060F0ED13DB9084B44B120681860A2887C
:1068C0009A80002038BD054B002CF6D11C609C80BE
:1068D000F7E70C2038BD00BF6C260021642600219C
:1068E0000128034605D8044A0448002B08BF104677
:1068F00070470020704700BF6C26002164260021ED
:1069000001280AD8064A074B002818BF1346186802
:1069100008609A8818468A80704700231846704796
:10692000642600216C26002110B504460CF048F8BE
:1069300078B90CF0C3FCF8B90DF08AFA00282ED112
:106940000DF0F8FB00283DD12046BDE8104012F0C4
:106950001BB840F67213254A2549264813F0FEFC61
:10696000002383F31188BFF36F8F0323184602DFE0
:106970000CF0A4FC0028DFD040F677131B4A1C491A
:106980001C4813F0EBFC002383F31188BFF36F8FD7
:106990000323184602DF0DF05BFA0028D0D040F642
:1069A0007D13124A1249134813F0D8FC002383F3D5
:1069B0001188BFF36F8F0323184602DF0DF0BAFB77
:1069C0000028C1D040F68313084A0949094813F04A
:1069D000C5FC002383F31188BFF36F8F0323184690
:1069E00002DF2046BDE8104011F0CEBF04CE010109
:1069F00040CE010188CD01010860014811F0C4BFFB
:106A00001834002111F0C0BF2DE9F84F294D0B7843
:106A100095F84042472B88BF23469A423ED05C1CE3
:106A2000E4B2924635F83320482C8946834608BFA5
:106A30000024002601274FF01208028005EBC30353
:106A400019E0012832D0C3F8048089F8004095F895
:106A50004032472C98BF23469A4520D05C1C35F81D
:106A60003310E4B2BBF80020482C08BF0024914248
:106A700005EBC30313D1586860B1FF28E1D902794F
:106A800002F00302013A012A0CD912225A6004F0E2
:106A900063FADAE701365F60F6B2D6E700263046E1
:106AA000BDE8F88F01360122F6B2EFE70136F6B203
:106AB000CBE700BF982600212DE9F047374F3B88F0
:106AC00098425CD913F0FF0528D0DFF8D4A0DFF896
:106AD000D4809AF82940DFF8D0900134E4B20A2C2F
:106AE00008BF00249AF82830A34219D04046FDF789
:106AF000F5FF064690B14846FDF7F0FF002840D06C
:106B000006609AF829304AF823003B88013D013B92
:106B100015F0FF058AF829403B80DED1BDE8F087FB
:106B20003B88002BFAD04FF00008DFF880A01D4D05
:106B30009AF845401C4E0134E4B2112C08BF0024E1
:106B40009AF84430A342E9D02846FDF7C7FF8146B2
:106B50000028E3D03046FDF7C1FFC0B1C9F804807A
:106B6000C0F800909AF845304AF823003B888AF82C
:106B70004540013B9BB23B80002BDCD1CEE7054674
:106B8000A3E73046BDE8F0470649FDF7BBBF4846DE
:106B9000BDE8F0470349FDF7B5BF00BF3829002124
:106BA000143200213C290021A02A0021E0280021E4
:106BB00004222DE9F84F4FF000083F4B3F4FDFF81C
:106BC00000A19818242116469B46A7F81480FDF7CB
:106BD00061FF5346324608219819FDF75BFF97F88D
:106BE00014907C7D0134E4B2052C08BF0024A1453B
:106BF00014D05046FDF772FF054678B15846FDF7B0
:106C00006DFF002853D0C5F8048005607B7D47F8F0
:106C10002300013E16F0FF067C75E3D1294B1C22B0
:106C2000181D4421FDF736FF274B2C22181D082183
:106C3000FDF730FF2448FDF751FF0446C8B1234A51
:106C40002046111FFDF796FF1F48FDF747FF04463A
:106C5000F0B11F4A2046111FFDF78CFF19221D4B72
:106C6000FF201A80FFF728FF0AF070F90020BDE826
:106C7000F88F40F64D13184A1849194813F06EFB67
:106C800084F31188BFF36F8F0323184602DFD6E722
:106C900040F65413104A1149114813F05FFB84F376
:106CA0001188BFF36F8F0323184602DFD1E7284610
:106CB0000349FDF727FFB1E764320021F8320021D4
:106CC00040320021A02A00213C2900213429002142
:106CD0002C2900213829002104CE0101F4D401011E
:106CE00088CD01012DE9F04FDFF88882DFF8889226
:106CF000DFF888B2DFF888A287B003AAD8E90001DC
:106D0000FDF750FF0546002834D0039C002C71D0BD
:106D1000207804AA02A904F0B7FE0446002855D042
:106D2000DDE90313BDF808200F7805AEADF80A20A1
:106D300005930DF10A0504F0B9FE2146059ABDF848
:106D40000A0004F0F9FE204604F07AFE3246294695
:106D5000384604F099FE04460028ECD1D9F800002A
:106D600011F012FED8E9000103AAFDF71BFF05464A
:106D70000028CAD104AA02A90DF1070004F06CFE94
:106D80000446002846D0049B9DF807700593BDF883
:106D9000083005AEADF80A300DF10A0504F086FEA4
:106DA0002146059ABDF80A0004F0C6FE204604F00C
:106DB00047FE32462946384604F066FE044600285F
:106DC000ECD16D4B186811F0DFFD96E7039B05933E
:106DD0001B79013B172B20D8DFE803F02F43861FD8
:106DE0002F1F1F1F1F1F1F1F1F1F1F1F1F1F1F1FA3
:106DF0001F1F7B2F40F61F235A465146614813F050
:106E0000ADFA84F31188BFF36F8F0323184602DFB6
:106E1000039C7DE707B0BDE8F08F40F6C133574AC9
:106E20005949584813F09AFA002383F31188BFF3A5
:106E30006F8F0323184602DF5FE74E490022D8F820
:106E40000400FDF7B7FE2846504B059993F84132F0
:106E50000B704F4AFDF79CFE474B186811F094FDEC
:106E60004BE700224349D8F80400FDF7A3FE059E36
:106E7000B46844B1237803F0FF07002B6AD023786D
:106E8000013BDBB22370337B23B1012B52D130465F
:106E9000F9F7D2FE00273F4A3773537D117D013346
:106EA000DBB2052B08BF3B46994234D03560517D9B
:106EB00042F821605375002C3FF41FAF2378002B5C
:106EC0007FF41BAFA368002B3FF417AFE06898472F
:106ED00013E700222749D8F80400FDF76BFE284687
:106EE000059904F0BFFB08E7284605A904F0E4FB78
:106EF00020490022D8F80400FDF75CFE059900291E
:106F00003FF4FBAE0B792D2B3FF4F7AE1F4B284619
:106F100093F841329CE740F62F43184A1E4919481E
:106F200013F01CFA87F31188BFF36F8F0323184601
:106F300002DFC0E740F62843104A1349114813F016
:106F40000DFA002383F31188BFF36F8F03231846D4
:106F500002DF9FE740F6D133084A1049094813F091
:106F6000FDF987F31188BFF36F8F0323184602DF03
:106F700085E700BF302900211434002104CE01012F
:106F800048CE010188CD010164CE0101982600217F
:106F90002C290021F832002168CE01014CCE0101DC
:106FA00010B5354B354C86B018600DF08BFE23784C
:106FB000002B5BD0022004230C24314A3149059276
:106FC000314A00910492314A01940392304A02926C
:106FD000087408760B700B72002015212D4AFFF7FC
:106FE00067FA002832D1012200212B4815F050F811
:106FF0000BF078FC044610B1204606B010BDFFF738
:10700000D7FD04460028F7D10CF040F904460028CB
:10701000F2D103F0AFFA04460028EDD10CF016FFD0
:1070200004460028E8D103F079FC04460028E3D1A7
:107030000DF074F804460028DED104F065FA044629
:107040000028D9D101200AF06FFCD5E740F2752362
:10705000124A1349134813F081F9002383F311886E
:10706000BFF36F8F0323184602DFBCE7FDF7B2FDC5
:10707000012323709EE700BF1434002170600021BB
:10708000355E010170360021515D0101E95C0101AD
:1070900030340021903600211834002104CE010143
:1070A00040CE010188CD010110B586B003F072FA1F
:1070B00000283BD103F0BEFC00284AD104F026FA98
:1070C000002859D100244C4B2046A3F840420AF036
:1070D0002BFC4A494A4A4B4BA1F800411485A3F8BE
:1070E000444001222146684614F0D2FF464B224616
:1070F00021460320C3F808D0FDF7C2FD00286BD15C
:107100004FF0FF324FF0FF33684611F077FC03F089
:1071100047FA002850D1FFF74BFD00283CD1002151
:10712000012006B0BDE81040FFF7B8BB40F237338E
:10713000364A3749374813F011F9002383F3118891
:10714000BFF36F8F0323184602DF03F073FC0028A0
:10715000B4D040F249332D4A2D492E4813F0FEF8A1
:10716000002383F31188BFF36F8F0323184602DFD8
:1071700004F0CCF90028A5D040F26333234A244917
:10718000244813F0EBF8002383F31188BFF36F8FCB
:107190000323184602DF95E74FF46B731B4A1C4923
:1071A0001C4813F0DBF8002383F31188BFF36F8FC3
:1071B0000323184602DFB2E740F29F33134A144913
:1071C000144813F0CBF8002383F31188BFF36F8FBB
:1071D0000323184602DF9EE740F292330B4A0E4922
:1071E0000C4813F0BBF884F31188BFF36F8F0323AF
:1071F000184602DF84E700BF9826002110330021E3
:1072000014320021E0280021A000002104CE010159
:1072100040CE010188CD010178CE010108B5FFF70C
:1072200043FF0BF08FFB00B108BDBDE80840FFF73E
:1072300073B900BF2DE9F04F81468A46364D374F6E
:1072400083B005F5107B0023C9F8003095F8414262
:1072500001AAD7E90001FDF7A5FC064600284AD09F
:10726000019B59461A785046FFF7CEFB034600288B
:1072700047D195F840228DF8012095F841220DF173
:1072800001010DF102001C46FFF7BEFB044314F0A0
:10729000FF040346F1D1019A1379012B35D1DFF8B0
:1072A0008080224639467868FDF784FC304608F134
:1072B0000401FDF727FCB8F80030182B0AD8019814
:1072C00001331849A8F80030FDF71CFC0120FFF736
:1072D000F3FBB8E740F2D363134A1449144813F0A0
:1072E0003DF884F31188BFF36F8F0323184602DF44
:1072F000B8F80030E3E7224650460E49FFF784FB1A
:107300000346184603B0BDE8F08F23461846C9F877
:10731000002003B0BDE8F08F982600212829002125
:1073200038290021A02A002104CE010180CE0101CC
:1073300088CD0101D82800210023F0B55A4983B037
:10734000486801AA0193FDF735FC044600285CD08B
:1073500020465649FDF7D6FB019A14791D2C06D814
:1073600001235349A3400B4035D1172C10D040F2D4
:107370008D53504A5049514812F0F0FF002383F3D7
:107380001188BFF36F8F0323184602DF03B0F0BDEF
:10739000117F95683C292C6846D0527F6AB3A06D56
:1073A00018B14749A365FDF7ADFB94F85E306FF364
:1073B000000384F85E30002003F088FB04460020C0
:1073C00003F02EF940EA440010F0FF00DED10AF08D
:1073D00035FB03B0F0BD002CD8D140F28953354ABB
:1073E0003849364812F0BAFF84F31188BFF36F8F23
:1073F0000323184602DF03B0F0BD94F83C3062610D
:1074000062F3000384F83C30D5E740F24F43294A49
:107410002D492A4812F0A2FF84F31188BFF36F8F21
:107420000323184602DF93E76E68F6B100276F600A
:10743000F36D6BB140F2CC431E4A24491F4812F051
:107440008DFF87F31188BFF36F8F0323184602DF88
:1074500006F1500106F14C00FDF790FB054698B18E
:107460003068F56503F042FD9FE740F2C943114AD9
:107470001749124812F072FF86F31188BFF36F8F1D
:107480000323184602DFD1E740F2CF43094A1149EE
:107490000A4812F063FF85F31188BFF36F8F03234F
:1074A000184602DFDCE700BF282900213C29002123
:1074B0002900003F04CE010164CE010188CD010105
:1074C000A02A0021ECCE0101F4D40101C8CE0101B3
:1074D000BCCE0101E0CE01012DE9F84F05688146DF
:1074E00025B3DFF89C81DFF89CA1674F2E463479E5
:1074F0002D681D2C09D80123644AA34013EA020B0E
:1075000031D1182C4BD0172C18D040F2C76342460B
:107510005146384612F022FF002383F31188BFF34F
:107520006F8F0323184602DF002DDFD10023C9F837
:107530000030FF20BDE8F84FFFF7BEBA337F3C2B89
:1075400068D0022B6ED0EBB140F2F1534C4A504957
:107550004D4812F003FF8BF31188BFF36F8F0323A5
:10756000184602DF34796CB940F247634246384628
:10757000484912F0F3FE84F31188BFF36F8F0323A1
:10758000184602DF444C2388182B32D8013330468A
:1075900042492380FDF7B6FA002DA7D1C6E7F0884F
:1075A0000F28C1D803F0B0FC0446002849D0E36E90
:1075B00073B140F2B663324A3949334812F0CEFE15
:1075C000002383F31188BFF36F8F0323184602DF74
:1075D00004F1600104F15C00FDF7D0FA06460028D2
:1075E0003ED02046E66603F081FC002D7FF47EAF9E
:1075F0009CE740F2D363424638462A4912F0AEFE79
:10760000002383F31188BFF36F8F0323184602DF33
:107610002388BBE730462149FDF774FA002D7FF43B
:1076200065AF83E7304609F003FC584602F0EAFFF5
:1076300000287FF479AF0AF001FA002D7FF456AFED
:1076400074E740F2B4630E4A17490F4812F086FE01
:1076500084F31188BFF36F8F0323184602DFA6E778
:1076600040F2B963064A1149074812F077FE86F3E3
:107670001188BFF36F8F0323184602DFB1E700BF05
:1076800004CE010164CE010188CD01012900003E34
:1076900010CF01011CCF010138290021A02A0021AF
:1076A00058CF010180CE010144CF0101F4D4010182
:1076B0000148FDF713BA00BF3C2900210149FDF73D
:1076C00021BA00BF3C2900210148FDF707BA00BFDD
:1076D000A02A00210149FDF715BA00BFA02A002108
:1076E000034B044A93F841320B70FDF751BA00BFC7
:1076F000982600212C29002108B5064B064A93F84C
:1077000041320B70FDF744FA044B1868BDE808409D
:1077100011F03AB9982600212C29002114340021B7
:107720000C4991F8442091F845309A420AD8A3EBCD
:10773000020C5FFA8CFC604509D89A4207D051F8D8
:107740002200704711339B1ADBB29842F7D9002010
:10775000704700BFE0280021094A92F8441092F8CF
:1077600045308B4209D04B1CDBB2112B08BF0023E4
:1077700052F8210082F8443070470020704700BF63
:10778000E028002108B5134A92F841C292F840E27D
:107790000CF10103DBB2482B08BF00239E4508D043
:1077A00022F83C0002EBCC0CCCF8041082F84132F9
:1077B00008BD40F22D73084A0849094812F0CEFD71
:1077C000002383F31188BFF36F8F0322104602DF7B
:1077D0001B80FFDE9826002104CE010114D6010192
:1077E00088CD0101022810B50C4602D00B68022B8F
:1077F00007D04FF0FF324FF0FF33024811F0FEF890
:10780000206810BD1834002104490A680AB11046E6
:107810007047024608601046704700BF942600215A
:10782000044A136823B198420ABF00210023116063
:107830001846704794260021014B1868704700BF16
:107840009426002104490A680AB11046704702468E
:1078500008601046704700BFDC280021044A136806
:1078600023B198420ABF00210023116018467047D7
:10787000DC280021014B1868704700BFDC2800217C
:1078800030B5056887B02B785BB304460122002130
:10789000684614F0FDFB144BC5F80CD0AB602B7898
:1078A000FBB10022114B032011469C60FDF7E8F963
:1078B00038B94FF400420023684611F09FF807B032
:1078C00030BD40F604030A4A0A490B4812F046FD4F
:1078D000002383F31188BFF36F8F0323184602DF61
:1078E000E7E76FF07700EAE7056A00019000002102
:1078F00004CE010170CF010188CD0101F0B5254E04
:107900000C463368174685B0002B36D0994215D106
:10791000022503AB02460093032100201E4B039572
:10792000FEF7C8FE022805460CD0039B022B09D1A6
:1079300095B133680BB19C4221D014B36FF02D0088
:1079400005B0F0BD4FF0FF324FF0FF33134811F098
:1079500055F8039D002DECD13846FFF791FF3368B1
:107960000BB19C4211D0002CE8D10028E8D010F1D6
:10797000780F08BF002005B0F0BD3160C8E70023D4
:1079800033606FF0770005B0F0BD35600028D7D0C8
:10799000EDE700BF94260021F969000118340021A9
:1079A0000C4991F8282091F829309A420AD8A3EB83
:1079B000020C5FFA8CFC604509D89A4207D051F856
:1079C000220070470A339B1ADBB29842F7D9002095
:1079D000704700BF14320021094A92F8281092F82B
:1079E00029308B4209D04B1CDBB20A2B08BF002385
:1079F00052F8210082F8283070470020704700BFFD
:107A00001432002138B50C46054604F01FF8034631
:107A1000237021462846BDE83840014AFDF7B8B832
:107A200034290021012200201146014BFDF728B91D
:107A30008000002170B50C46054604F007F80346A7
:107A4000214623702846054AFDF7A2F8BDE870409C
:107A5000012200201146024BFDF712B93429002102
:107A6000800000212DE9F0471A4E9DF8209096F8ED
:107A700001C196F800510CF1010E5FFA8EFEBEF1C5
:107A8000080F08BF4FF0000E75451ED0144606EBD8
:107A90004C1C654680460F469A4610685168E3685C
:107AA000926809F001090FC59CF81C30CCE904A8C4
:107AB00023F0030343EA0903CCF818708CF81C3058
:107AC00086F801E16046BDE8F0874FF0000C6046A3
:107AD000BDE8F08710330021054890F8003190F898
:107AE00001219A4214BF00EB43100020704700BFF1
:107AF0001033002110B402780B4C072A94F801319E
:107B000088BF94F80021014688BF0270934209D0D3
:107B1000531CDBB2082B08BF002304EB42100B7090
:107B200010BC70470020FBE7103300212DE9F04F17
:107B3000444F85B097F8004197F801310290A34275
:107B40003FD04FF0000A0A25D34607EB4414CDF886
:107B50000CA0CDF804A0267FD4F80C90C6F3400802
:107B600006F00106002D47D0013DEDB2B8F1000F3F
:107B70002AD097F8013197F80041A34221D001346F
:107B8000E4B2082C08BF0024A34287F8004118D0B3
:107B900007EB4414E368B8F1000FDCD1002E3AD1B2
:107BA000019A002A47D0BBF1000F08BFCB46227FC5
:107BB0009107D0D4D20735D4019A9A4201D09B457F
:107BC000C9D105B0BDE8F08F1F4B4246414602982F
:107BD0009C60FDF755F80028CBD040F699031B4A6E
:107BE0001B491C4812F0BAFB88F31188BFF36F8F52
:107BF0000323184602DFBCE740F68A03134A1649FE
:107C0000144812F0ABFB85F31188BFF36F8F032389
:107C1000184602DFA8E7039A82B1BAF1000F08BF45
:107C2000CA46C4E7BBF1000F95D1039A9A42C8D067
:107C30009A4590D1C5E7CDF80490B8E7CDF80C90FF
:107C4000B5E700BF103300217000002104CE010110
:107C500070CF010188CD010178CF0101054B1A7D5C
:107C6000597D914204D053F8220010B10C30704776
:107C700000207047F832002170B5134A117D537D02
:107C80008B421FD04B1CDBB2052B08BF002352F8E0
:107C900021401375B4B10223002526682371A0602A
:107CA000256003F0D3FE03462146084A2370304680
:107CB000FCF76EFF012228461146054BFCF7E0FF5A
:107CC000204670BD0024FBE7F83200213429002152
:107CD0008000002110B5002482B0CDE90044049B4F
:107CE0000BF02AF802B010BD012210B582B001924B
:107CF000047F034614400269D0E9050100940BF0AB
:107D00001BF808B1773001D102B010BD4E23074AED
:107D10000749084812F022FB002383F31188BFF3C0
:107D20006F8F0323184602DF02B010BD80CF010120
:107D3000C4CF010188CD01010B8A002B3DD030B5A5
:107D4000054683B001F10C000C4612F041FF0128FA
:107D500017D0022803D06FF0150003B030BD01A981
:107D6000204601F077FA019919B12B6928461B6862
:107D700098470028F1D12046FCF760FC002003B0B2
:107D800030BD002301A92046019300F071FC01469B
:107D90000028F0D02B6928461B6898470028DCD1C2
:107DA000019D002DE7D0284601F06AFF03466B7164
:107DB0000348019914F057F9DDE76FF0150070479B
:107DC000983A002110B50469FFF728FA28B90B4842
:107DD000FCF748F80020206010BD40F21943084A23
:107DE0000849094812F0BAFA002383F31188BFF357
:107DF0006F8F0323184602DFE9E700BF2008002148
:107E0000D8CF010140CE010188CD0101F0B5054672
:107E10000E46076989B0174814F0E7F84FF0FF32B3
:107E20000021154814F034F91348FFF7B9F8044657
:107E3000E0B93E60114814F09CFC104801F036FF98
:107E4000002200236FF00706CDE90623CDE90144A7
:107E50004FF460720A4B0B490494009503960A484C
:107E600011F05AF80949084814F007FA204609B0F9
:107E7000F0BD00BF983A0021B03A0021883A0021B5
:107E8000917E0001906800212008002118D0010196
:107E90002DE9F04F0546036985B0AC4EDFF8B0B26E
:107EA000DFF8B0A20193032130464FF0FF324FF0CC
:107EB000FF3311F0AFFD80B104300ED040F2393302
:107EC0005A46A549A54812F049FA002383F31188C0
:107ED000BFF36F8F0323184602DFF36803F4FE132A
:107EE000B3F5804F00F0C680336A03F4FE13B3F598
:107EF000004F00F06181736B03F4FE13B3F5803F14
:107F000000F0C8810024F36895486FF39433F36060
:107F1000336A6FF394333362736B6FF39433736329
:107F2000904B1F68D0E8EF3F23F00102C0E8E12F3B
:107F30000029F7D1D80704D5002200238A49C1E9D6
:107F40000023002F40F38381884B894A1B68126805
:107F5000FB1A1344874A1360834AD2F80080B8F1B1
:107F6000000F00F0A58198F80590002C40F08A8061
:107F7000B9F1040F61D8B9F1020F00F2018140F2AA
:107F8000E7235A467C49754812F0E8F9002383F349
:107F90001188BFF36F8F0323184602DF09F1FF3307
:107FA000012BCDF80C8040F2C3814FF41E735A466A
:107FB00071496A4812F0D2F9002383F31188BFF3A4
:107FC0006F8F0323184602DF0022039B03A81A6069
:107FD000FFF782FA654B1B68FF1A654B1B681F444D
:107FE000644B1F60604B1B682BB15B79DA1E012A62
:107FF0001ED9052B1AD0002C3FF455AFDDF80480B4
:10800000204612F0AEFD07462146002012F0ADFDDD
:108010003B8A0446012B31D939462846D8F800302E
:10802000984711F099F9002CEAD13CE7002FE2D0F3
:108030000021524811F046FDDDE7B9F1050F9ED150
:10804000002B3FF430AF484AD8F800301360526834
:10805000904500F063814FF0FF324FF0FF3308206E
:10806000CDF80C80FCF770FC04460398214601F023
:108070006FF9A9E7002233699A6043E73846FCF7B5
:10808000DDFACEE7A9F10302012A40F20A81B9F133
:10809000050F00F01181591C627900F0E080324830
:1080A000511E0068052900F24F81DFE801F003034B
:1080B0001E1E3503042A039400F2D780022A1BD126
:1080C000012100200022002312F00BFE0446039839
:1080D000ECB1214601F0BAF90022039B03A81A6013
:1080E000FFF7FAF9DDF804808AE70123214A1360DB
:1080F000002840F0FA80039402204FF0FF324FF046
:10810000FF33FCF721FC04460398002CE1D1046006
:1081100003A8FFF7E1F9C6E6002840F0E680002B4F
:1081200000F0E38003944FF0FF324FF0FF3308205C
:10813000FCF70AFC04460398214601F009F90022E5
:10814000039B03A81A60FFF7C7F954E7B0000021AA
:10815000D8CF010148D0010124D0010188CD01010F
:10816000D03A0021FC3A002118080021F83A0021F9
:10817000F43A0021843A002164CE0101883A0021BA
:10818000D8F80020794B1A605B68434509BF7749EE
:10819000CDF80C804A60039302204FF0FF324FF07D
:1081A000FF33FCF7D1FB0446002C3FF40DAF214612
:1081B000039801F04BF907E7706A0022002310F0E2
:1081C0001DFC002840F09A802F69DFF8A48123E08D
:1081D00073B140F2D9135A465146404612F0BEF8E8
:1081E000002383F31188BFF36F8F0323184602DF48
:1081F0004FF0FF334FF0FF320021132012F071FDDA
:1082000022460446BDF80A1001F022FD2846214608
:108210003B68984711F0A0F80DF10A0103A8FFF799
:1082200009F8039B04460028D2D1002B3FF46AAE24
:10823000FFF782F8039C204601F022FD607103994C
:108240004C4813F010FF039B002BE5D15AE64FF08A
:10825000FF33494A1360002C3FF425AE6279042AAB
:1082600003945ED9052A3FF45EAF4FF41E735A465D
:1082700042493F4812F072F8002383F31188BFF39C
:108280006F8F0322104602DF039A03A81360FFF7E3
:1082900023F908E6B06B0022002310F043FB0446EC
:1082A00031E60021364811F00DFC334B1B68F2E635
:1082B000002C7FF4F0AEF6E5002BF2D16279531E6C
:1082C000052B41D801A151F823F000BFB580000172
:1082D000B5800001E5820001E5820001EB8200012A
:1082E000B58000010123244A1360002323601F4B43
:1082F0005B68CBB11C601D4B5C60D4E540F245333C
:108300005A4620491A4812F029F8002383F31188AD
:10831000BFF36F8F0323184602DF55E7134A5360FC
:1083200099E6002AA1D0C9E6104BC3E90044BAE59A
:10833000B9F1020F7FF430AF0020012100220023A9
:1083400012F0CFFC04462FE740F29E230E4A0B4961
:10835000074812F003F8002383F31188BFF36F8FEF
:108360000323184602DF03947FE700BF18080021AB
:1083700088CD0101983A0021843A002164CE0101A0
:10838000883A00213CD00101D8CF010110B510F08E
:1083900093FF054C204613F034FE204613F025FED3
:1083A000BDE8104010F09CBF983A00212DE9F0473D
:1083B000DFF8A090D9F80080B8F1000F35DB8246D5
:1083C0000F46164610D00025234C21460622304683
:1083D00014F022FA18B914F8013CBB4228D0013538
:1083E000A84504F10804F0D101201C4DD6F800C0C6
:1083F0002A681B4BD400611C43F801C0B68819449D
:10840000B8F10F0F8E8000FA0AF003F8327023449F
:10841000D871DBBF08F101031A460132C9F80030F8
:10842000102A0ABF00232A602B600020BDE8F087D5
:108430000B4B03EBC503DA7922FA0AF1C90702D51F
:108440000120BDE8F087012101FA0AF10A43DA713F
:10845000EBE700BF043B0021093B0021003B00216A
:10846000083B00212DE9F041194C6468A40004D5B3
:108470009046184A1268120701D4BDE8F08103F152
:108480000C0405460E462046022112F07AFB40F607
:108490003E4301210380204612F073FB0422034671
:1084A0000B2120461A7012F06CFB0570A0F80180B9
:1084B0003DB97268B368C0F80320C0F80730BDE862
:1084C000F0810027C0F80370C0F80770BDE8F081A4
:1084D0000800002100000021F0B50138144687B0E3
:1084E00011280AD8DFE800F0233E5409096609780C
:1084F00099AC090909090909090D6FF0150007B0C0
:10850000F0BDCB68DA789978188808F05DFB554B98
:1085100006460121188812F0E7FB012105460C30C0
:1085200012F02FFB06702560002007B0F0BD4D4B08
:108530000D21188812F0D8FB0D2120600C3012F0AC
:1085400020FB00234FF480610222474C0370C0F8E7
:108550000140A0F80510C271037243728372C372A6
:108560000373E1E73F4B4121188812F0BDFB412125
:1085700020600C3012F005FB002104463E2200F87A
:10858000031B14F041F940F2A733A4F80130CBE704
:10859000344B0921188812F0A7FB092120600C3008
:1085A00012F0EFFA0022034603F8012BC0F8012075
:1085B0005A60B9E7C9680020FEF770F9294B01211C
:1085C000188812F091FB012105460C3012F0D9FAFF
:1085D000002303702560A7E7244E01AD0FCE0FC521
:1085E000204F3368122138882B7012F07DFB122146
:1085F00020600C3012F0C5FA00230446064695F8B8
:1086000000C004F8013B01AD0FCDC6F80100616068
:10861000A260E36084F810C086E7124B1821188826
:1086200012F062FB182120600C3012F0AAFA00232D
:108630000446012100F8023B0CF0C8FA607073E7B1
:10864000084B2121188812F04FFB212120600C30AB
:1086500012F097FA00230146013001F8113B0CF0AB
:1086600005FB61E7646000210200030074D0010192
:1086700000232DE9F0418CB00793038A022B35D9F2
:1086800004460E460C30032112F09AFA228A8378AF
:108690009A422BD30088CC4FC0F38523082B1FFAB6
:1086A00080FC3880C0F309050DD8C3B1013B072B0E
:1086B00015D8DFE813F0200014002C001D0137014D
:1086C000140014007A003F2B09D12146284607AA3E
:1086D000FFF702FF163040F09B85B7F800C001217C
:1086E00060460CB0BDE8F04112F010BB00252846F2
:1086F0000CB0BDE8F081062D00F051851D2DEED1A6
:10870000E368188802F0E2FD01463888E9E7352D74
:1087100000F240812C2D00F22381012D00F07A819E
:10872000032DDCD14FF0FF31A84A1F20116000213A
:10873000A74A4FF0FF3441F6FF75C2E9000100205F
:108740000021A44BA44EC3E90045A44B0024C3E977
:108750000001FEF7A9FC0121388812F0C5FA0121B9
:1087600005460C3012F00DFA03469D4A07959D4FC1
:108770009D4D1C701460214620229C483C60346052
:108780002C6014F041F89A4BD3E8EF1F41F001013F
:10879000C3E8E21F002AF7D1964B1868214611F072
:1087A00091F9FFF7F3FD079DA1E7681E4D2896D8C4
:1087B00001A353F820F000BF8D91000169910001E1
:1087C0001B910001DF86000111910001DB90000187
:1087D000BF900001B3900001A79000019D9000019F
:1087E0008590000153900001D58F0001CD8F0001CD
:1087F000AB8F0001A58F00019D8F0001958F0001B7
:10880000718F0001698F00013D8F00012D8F0001E4
:10881000F18E0001CF8E0001B78E0001A78E0001FE
:10882000978E0001778E0001DF860001DF86000150
:10883000DF8600015B8E0001278E0001DF860001CC
:10884000DF860001DF860001DF860001DF86000190
:10885000198E0001118E00010B8E0001EB8D0001BD
:10886000B98D0001878D00017D8D00015D8D0001B6
:10887000DF860001058D0001BF8C00016B8C0001BB
:10888000DF860001DF860001DF860001DF86000150
:10889000DF860001DF860001DF860001DF86000140
:1088A000DF860001DF860001DF860001DF86000130
:1088B000DF860001DF860001DF860001DF86000120
:1088C000DF860001DF860001DF860001DF86000110
:1088D000DF860001DF860001DF860001DF86000100
:1088E000498C0001DF860001DF860001298C000130
:1088F000681E08283FF6F3AE01A353F820F000BF2E
:10890000D18A00017F8A0001598A0001DF860001B7
:10891000DF860001DF860001DF860001DF860001BF
:10892000398A0001052D7FF4DAAEE3686046042140
:108930001E8812F0D9F9042105460C3012F021F9F5
:108940000446B7B23846E11C02F054FDA4F80160B9
:10895000207000285BD1E3785B425BB2E370C6E62F
:10896000A5F12D0008283FF6BAAE01A353F820F078
:10897000558B0001DF860001DF860001DF860001E4
:10898000FB8A0001DF860001F38B0001DF86000116
:10899000878B00017B2D00F022847C2D2CD1E36895
:1089A0001E885988B0B202F079FD03210446388848
:1089B00012F09AF9032105460C3012F0E2F8047027
:1089C000A0F8016093E600BF64600021043B002131
:1089D0000000002108000021F83A0021A008002131
:1089E000C83A0021FC3A0021F43A0021D43A00218F
:1089F000D03A0021CC3A0021632D7FF470AEE268BA
:108A0000B64B1168604619605268012109E07F2366
:108A1000E3706CE6E268B24B116860461960294663
:108A200052685A6012F060F9012105460C3012F0CC
:108A3000A8F8002303705AE66046072112F054F9A3
:108A4000072105460C3012F09CF80146002001F881
:108A5000010BFDF755FF4AE60921604612F044F983
:108A6000092105460C3012F08CF8002203466021E3
:108A700003F8012BC0F801205A60417137E66046C7
:108A8000412112F031F9412105460C3012F079F8FC
:108A9000002104463F2200F8021B13F0B5FEC0235C
:108AA0008022E42142F22820A3710423E270E172C3
:108AB00020224FF49061A4F80F00E37589488A4B97
:108AC000C4F81A00A4F827106270C4F821300EE62A
:108AD0000921604612F008F9092105460C3012F010
:108AE00050F800234FF450610D22804C0180C0F8F3
:108AF00005408370C3700271F9E5E36801216046A7
:108B00001E7812F0F1F80546794C01210C300795DA
:108B100012F037F82368002B00F05D83754B1B685B
:108B2000002B40F058830370002E00F08683012E46
:108B30005CD12368002B3FF7DAAD00216E4B6F4EFE
:108B400020226F481960316013F05EFE23685B429B
:108B50002360CCE5E368604604211E8893F8028018
:108B600012F0C2F8042105460C3012F00AF804464F
:108B7000B7B2424639460220E31CFDF779FEA4F85D
:108B800001602070B3E55A4BE5681B68002B40F389
:108B90001983584B1B6803B32C78002C00F03B83DF
:108BA0000020574E044603460CE036F811309A4236
:108BB000A3EB020311D826F811302A78C3B29A42E7
:108BC00040F2298305EB8303B3F80110B3F80320C7
:108BD0000F2900F101001444E7D90121604612F089
:108BE00083F8012105460C3011F0CBFF12230370EE
:108BF0007DE5E36801216046B3F803401E8812F06A
:108C000073F8054601210C30079511F0BAFF384A78
:108C10001368002B40F0DF821A2EE7D90A2C28BFF8
:108C20000A246442146062E5E068C17908F032FE0B
:108C300001210446388812F057F8012105460C300E
:108C400011F09FFF047052E56046032112F04CF8CA
:108C5000032105460C3011F094FF0023014601303A
:108C600001F8023BFDF716FE41E5E36899781888A4
:108C7000CA07B3F8054003D5DA7842F00702DA7084
:108C80008E0703D51A7942F007021A71D9781B7939
:108C900041EA0302072A00F2D6824D0700F0CA8299
:108CA0005A0700F0C78214F003021CBF04F1FF341E
:108CB00004F0010202F05EFB0146388811E5E3682A
:108CC0001A78D00744BF07215970910744BF072283
:108CD0009A709978587802F041FBA9E7A008002122
:108CE00008000021F7FFFF0F3030F877F105FFFF94
:108CF000FC3A0021C83A0021F43A0021F83A002158
:108D0000D43A0021E368604605211E8811F0ECFF8B
:108D1000052105460C3011F034FF0446B7B2221D80
:108D2000E11C384602F0F6FAE3782179002B93FA39
:108D3000A3F391FAA1F2B3FA83F308BF4FF0FF3324
:108D40000029B2FA82F208BF4FF0FF32013301323C
:108D5000A4F801602070E3702271C8E4E368188809
:108D600008F08EFD0121388811F0BEFF0121054673
:108D70000C3011F006FF00220270B8E4E3681878A6
:108D800008F066FD54E7E3680721186808909A88A0
:108D90009B796046ADF824208DF8263011F0A4FFB1
:108DA000072105460C3011F0ECFE044608A8611CB2
:108DB00008F01CFD20709AE4E36807211868089009
:108DC0009A889B796046ADF824208DF8263011F002
:108DD0008BFF072105460C3011F0D3FE044608A88E
:108DE000611C08F0C5FC207081E46046022111F08E
:108DF0007BFF022105460C3011F0C3FE044608F04B
:108E000061FB00236070237071E408F05DFB0FE7E5
:108E1000E06808F09DFB0BE7E06800F11702C11D58
:108E200008F0FEFF04E700230221E268168892782A
:108E3000CDE90233CDE90033B0B202F077F9044650
:108E40000321388811F050FF032105460C3011F042
:108E500098FE0470A0F8016049E40022E468022151
:108E60002688638803922589B0B20295E58801952A
:108E7000A4880094E1E70921604611F035FF09213B
:108E800005460C3011F07DFE0022C94CC949046032
:108E9000416002722BE4E36800221E880621B0B212
:108EA00007F080FECBE7E268002132F8026BB0B237
:108EB00007F078FEC3E7E16801F10C0301F10A0253
:108EC00031F8020B07F064FF0146388809E4604678
:108ED000092111F009FF092105460C3011F051FE5E
:108EE0000023082100F8013B09F03CFDFFF7FFBB20
:108EF000E168002308AA084610310CF0FDFF11219B
:108F0000388811F0F1FE112105460C3011F039FEC0
:108F100000230646074606F8013B08AC0FCCC7F80D
:108F200001007160B260F360FFF7E1BBE36818888D
:108F300002F0A6F901463888FFF7D3BBE368604624
:108F400008211E8811F0D0FE082105460C3011F0D2
:108F500018FE0446B7B23846E11C02F031F9A4F815
:108F600001602070FFF7C3BBE06807F0D9FF5FE640
:108F70000022E1684B88088803920C890294CC880F
:108F8000019489880091114602F0D0F80146388892
:108F9000FFF7A7BBE06808F0FBF949E6E06808F0D6
:108FA00061F945E608F034F942E66046022111F025
:108FB0009BFE022105460C3011F0E3FD00230370F7
:108FC000044608F023F96070FFF791BB304607F0C4
:108FD00091FE2DE643F6FC72E46820886188031F49
:108FE0009BB29342B4F80F50B4F81160B4F813E098
:108FF00000F220810B1F9BB2934200F21B8140F6CE
:109000007A42AB1F9BB2934200F21481B6F5FA7F0D
:1090100080F0108140F67642AEF10A039BB2934293
:1090200000F20881731C9BB205FB03F3B3EB8E0FB8
:1090300080F2008163792279CDE9036E0295257B68
:10904000063401950094F8F71FFC01463888FFF7B5
:1090500048BBE3681878002800F0E9805B78002BB3
:1090600000F0E5800022134653490A60534A13601A
:1090700001F084FC04460C2C4FF0010108BF0024D1
:109080003888D8E5E4686379B4F80320B4F80110AF
:109090002078A4790094F7F7FFFBC9E5E368187816
:1090A000F7F7CAF9C4E5E16811F8010B01F0E2FB3A
:1090B000BEE5E16811F8010B01F06EFBB8E5022195
:1090C000604611F011FE022105460C3011F059FDE9
:1090D000002202704270FFF70ABBE4682179208801
:1090E00001290AD0638898423FF677AD1F287FF6A2
:1090F00074ADB3F5804F3FF670ADA57BA37962796F
:109100000295657B07340195009401F03FF98FE5E6
:10911000E1680120FDF7C2FB8AE56046092111F0F4
:10912000E3FD092105460C3011F02BFD0024034618
:1091300003F8014BC0F801405C600646FDF792FB66
:1091400023460A4661F30703C1F30721120C61F3BA
:109150000F2362F31743120A62F31F63C6F801007C
:10916000C6F80530FFF7C3BA0421604611F0BCFD14
:10917000042105460C3011F004FD1B2400220721B8
:10918000027044708270C170FFF7B1BAE2680C4B94
:10919000116852681960604601215A60E4E5E3688D
:1091A0009978188802F032F801463888FFF799BAA2
:1091B00000FFFF3FFFFF0300003B0021043B0021B5
:1091C000000000210121604611F08EFD01210546BD
:1091D0000C3011F0D6FC0C230370FFF788BAE3685B
:1091E00008A91E88B0B202F021F90521044638888A
:1091F00011F07AFD052105460C3011F0C2FC047017
:10920000A0F80160BDF82030A0F80330FFF76FBA76
:10921000079DFFF76CBA0D4A0D491368086823448F
:109220001360002110F04EFC079DFFF760BA4FF06D
:10923000FF331BE71221FFF753BA2368002BBFF659
:109240007CACFFF754BA1121FFF74ABAF43A002177
:10925000CC3A00212DE9F84300230B60038A032B4D
:109260002ED9054688460C30042111F0A9FC2B8A22
:109270004788B0F80090BB4222D31B2F20D801F0C2
:1092800065FE4FEA193633460446F8B19B0817D1FC
:10929000D6B1012E14D12379677166F301032371CE
:1092A000E9683A46E01D13F088FA2146C9F30B003D
:1092B00001F058FE08B9BDE8F883204601F04CFEE5
:1092C0006FF01500BDE8F8830226E4E70F4B1B683A
:1092D0009B0117D54FF0FF324FF0FF330220FBF711
:1092E00033FB0221C8F800000C3011F04AFC4FF4A7
:1092F0008D730380D8F8000001210C3011F041FC7F
:10930000012303706FF06800D5E700BF080000215B
:10931000F8B50E4B1B68DB0600D4F8BD02F10C0457
:1093200007460D462046022111F02BFC40F2054273
:10933000034604211A80204611F023FC0026A0F8E1
:10934000015006703A78C270F8BD00BF08000021D5
:1093500070B5037FC68803F00303013B012B0FD9CF
:1093600042F2D333304A3149314810F0F7FF00233D
:1093700083F31188BFF36F8F0323184602DF70BD9C
:1093800001F10C0504460421284611F0FAFB0346BE
:10939000227F02F00302022A0CBF46F4005246F478
:1093A00080520280627F28465A80617F11F0E9FB7B
:1093B000627F04F11F0113F000FA1E4B1A68002AA5
:1093C000DDDD1D4C1D4923680968591A91421AD2E6
:1093D00001330F2E236006D8194A32F816300133B4
:1093E00022F8163070BD42F2CC330F4A15491048AE
:1093F00010F0B4FF002383F31188BFF36F8F0323B2
:10940000184602DFE8E742F2C633074A0E49084829
:1094100010F0A4FF002383F31188BFF36F8F0323A1
:10942000184602DF2368D3E788D0010164CE01012A
:1094300088CD0101FC3A0021F83A0021F43A0021DC
:10944000D43A0021F8D00101C4D001012DE9F04F38
:1094500090F804C00446BCF1030F0D46C68889B0DD
:1094600000F11C071FD0ACF1050CBCF1180F30D86F
:10947000DFE81CF041002F002F002F002F002F00ED
:109480002F002F002F002F002F002F002F002F0064
:109490002F002F002F002F00BD001C01330166019B
:1094A0007D019101C801C37F033B0E2B00F2E381D4
:1094B000DFE813F07502E101E10115026B02E10141
:1094C000E401E101E1012E024E02E101ED01E101C1
:1094D0001E0042F2C323C14AC149C24810F03EFFF8
:1094E000002383F31188BFF36F8F0323184602DF35
:1094F00009B0BDE8F08FBC4A037E92E803000A0C75
:109500008DF81E20227FA67E5B42ADF81C1051060E
:1095100094F8198006905FB2C6F3400600F16882A5
:10952000B24B4FF000095B6803F00053002E40F08F
:10953000AE82002BDCD0AE4B1B689B07D8D5207FBA
:1095400004F11E09C0F380114A4600F00F00FEF737
:109550002DFF0028CCD1237F03F00F03012B00F057
:109560005F83637FA3F1060A5FFA8AFA56469A1D63
:109570000533DBB25FFA82FB05930C3502212846E6
:1095800011F0FFFA4FF03E0C0346012183F800C0B2
:10959000284683F801B011F0F4FA02220346059937
:1095A0001A70284611F0EDFA01230370237F054657
:1095B00003F00F0320336B4413F8083C437007F0AB
:1095C00081FF804580F01F834046EA1CA91C07F0FC
:1095D0002FFFAB780233AB7085F809A00A3532460D
:1095E000284604F1240113F0E8F8AF5580E7F807A6
:1095F00000F10F82277F002F00F002827B4B5B6817
:1096000099007FF575AF40F20122794B1B68134238
:1096100003F400783FF46CAF0C35002F40F0148257
:10962000744A136801331360B8F1000F00F092829E
:109630000221284611F0A5FA41F63E73012103806C
:10964000284611F09EFA0A2203461E211A70284667
:1096500011F097FA0770A0F80160637FC370A37FD1
:109660000371D4F81F30C0F80530B4F82330A0F8E7
:109670000930D4F82B30C0F80B30B4F82F30A0F8F4
:109680000F30D4F82530C0F81130B4F82930A0F8E4
:109690001530638EA0F81730A38EA0F81930E38E32
:1096A000A0F81B3094F83830437721E70A46384653
:1096B0003146FFF72DFE0F2E3FF61AAF00204E4920
:1096C0004E4A0C6832F8163022F8160023440B601C
:1096D00048490B68013B0B600AE7444B4FF0000818
:1096E0005B689A007FF504AF414B1B685B077FF511
:1096F000FFAE0C350221284611F043FA40F63E2316
:1097000001210380284611F03CFA4FF0030903467B
:109710000921284683F8009011F033FA0546F8072E
:1097200000F16382237FA5F801602B70E38BA5F81D
:109730000330238CA5F80530638CA5F80730D7E6F5
:109740002A4B00245B6819047FF5D2AE0C35022148
:10975000284611F016FA4FF44C72034603212846AE
:109760001A8011F00EFA0470A0F80160C0E6244BD4
:109770001B681A027FF5BCAE0C350221284611F099
:1097800000FA40F257220346022128461A8011F0BF
:10979000F8F90680ACE6154B5B689B007FF5A8AE38
:1097A000134B1B681F037FF5A3AE0C35022128461F
:1097B00011F0E7F940F23E42034601211A802846A3
:1097C00011F0DFF91422034603211A70284611F024
:1097D000D8F90680237F83708AE600BF88D0010114
:1097E00064CE010188CD010128CC010108000021CF
:1097F00000000021C83A0021F43A0021D43A0021A7
:10980000A0080021CD4B5B6898007FF571AECC4B72
:109810001B6819057FF56CAE0C350221284611F046
:10982000B0F940F23E62034601211A80284611F049
:10983000A8F90C22034605211A70284611F0A1F957
:10984000237FA0F801600370627F92FAA2F3002ADE
:10985000B3FA83F308BF4FF0FF330133C370A27F25
:1098600092FAA2F3002AB3FA83F308BF4FF0FF3352
:10987000013303713CE642F2A7332CE60B46324635
:109880003946002009B0BDE8F04FFEF7EBBDAB4B09
:109890005B689A0040F1CD80A94B1B689B0640F1A4
:1098A000C8800C350221284611F06BF940F63E3293
:1098B000034601211A80284611F063F90622034667
:1098C0000A211A70284611F05CF90680238C438027
:1098D000638C8380A38CC380E38C038108E6974B61
:1098E00000241B681F067FF503AE0C3502212846B5
:1098F00011F047F94FF48162034604211A8028468B
:1099000011F03FF901230470A0F80160C370EFE586
:109910008A4B00271B6818057FF5EAAD0C3502213C
:10992000284611F02EF940F60C02034608211A8051
:10993000284611F026F90770A0F8016094F820304D
:10994000C370B4F821308380B4F82330C380CFE5EE
:109950007A4B90F820401B6819067FF5C9AD0C358D
:109960000221284611F00DF94FF4816203460421CB
:109970001A80284611F005F9002C08BF1F24002387
:109980000470A0F80160C370B2E590F820300E2B8F
:109990007FF4AEAD0B46324600211A2072E7674BCA
:1099A0005B689A007FF5A4AD654B1B68DB067FF50D
:1099B0009FAD0C350221284611F0E3F840F63E52E7
:1099C000034601211A80284611F0DBF805220346E0
:1099D0000C211A70284611F0D4F8034623F8026BC4
:1099E000216A626AC0F802105A60238D43817FE5C4
:1099F00000214246084604F11E0307F059FE8FE598
:109A0000FF22A07F04F1250304F11F0107F050FE9F
:109A1000F4E542F2CA034B4A4B494C4810F09EFC15
:109A2000002383F31188BFF36F8F0323184602DFEF
:109A3000E0E500231A2202213046CDE90233CDE9C8
:109A4000003301F073FB53E5B8F1000F40F0B28032
:109A50000221284611F095F841F23E3203460121D9
:109A60001A80284611F08DF801220346122128465B
:109A70001A7011F086F8C0F80180C0F80580C0F8AF
:109A80000980C0F80D8080F81180077030E5002B48
:109A90003FF42EAD2A4B1B685A057FF529AD207F78
:109AA00000F00F03012B0ED041F66113254A28491F
:109AB000264810F053FC89F31188BFF36F8F0323FE
:109AC000184602DF207F04F11E06C0F380113246E3
:109AD00000F00F00FEF76AFC00287FF409AD0C359A
:109AE0000221284611F04DF841F23E230121038066
:109AF000284611F046F80B22034611211A70284619
:109B000011F03FF840F201130380054607F0DAFC3C
:109B1000804580F08B804046EA1CA91C07F088FC39
:109B2000AB780233AB70237FC3F3C0136B72636AED
:109B3000C5F80A30238D2F74EB81D9E40800002189
:109B40000000002188D00101ECD1010188CD010184
:109B5000C4D101010221284611F013F841F23E332D
:109B600001210380284611F00CF80122034612213E
:109B70001A70284611F005F80770A0F80160637F9D
:109B8000C370A37F03F001030371D4F81F30C0F842
:109B90000530B4F82330A0F80930638EA0F80B30FC
:109BA000A38EA0F80D30E38EA0F80F3094F8383073
:109BB00043749DE40221284610F0E3FF41F63E7213
:109BC000034601211A80284610F0DBFF0A220346D3
:109BD0001E211A70284610F0D4FF04461D220021D1
:109BE000013012F011FE277082E442F25313154A3D
:109BF0001549164810F0B2FB88F31188BFF36F8F38
:109C0000484602DF8EE5237FC3F38013AB70D4F8A0
:109C10001E30C5F80330B9F80430A5F80730DBE48E
:109C20000B234FF00C0BB2460593A6E4237FC3F33E
:109C30008013AB70D4F81E30C5F80330B388A5F894
:109C4000073070E788D0010128D2010188CD0101D9
:109C500070B500F10C040E4620460221154610F0A6
:109C600090FF40F21352034605211A80204610F05F
:109C700088FF0123A0F801600370A0F8035070BDB5
:109C80000379032B08D0053BDBB2182B01D9002048
:109C90007047054AD05C7047037F03F00303032B32
:109CA00014BF05200420704764D201014FF0FF3239
:109CB00038B54FF0FF3441F6FF75114B00211860A5
:109CC000104B11481A60114B114AC3E9004500249A
:109CD0000025C2E900451F24002501600D480E4BF8
:109CE00001600E48202201600D48C3E90045016073
:109CF0000C4812F089FDBDE83840FEF747BB00BFB5
:109D0000CC3A0021043B0021C83A00210800002180
:109D1000A0080021FC3A002100000021F83A0021AF
:109D2000F43A0021D43A002130B583B0079D1A4C93
:109D30001A4B2C1BA408A3FB0434C4F3C704DCB9DE
:109D4000A21C01210020164B0095D2B2FCF7B2FCF8
:109D500010F0FD0F0ED040F6E613124A12491348D8
:109D600010F0FCFA002383F31188BFF36F8F0323F5
:109D7000184602DF03B030BD40F6E113094A0C4932
:109D80000A4810F0EBFA002383F31188BFF36F8FBA
:109D90000323184602DFD3E7BC3B0021F712DA4B5E
:109DA0004D9E000180D20101CCD2010188CD01017C
:109DB000C0D20101F8B5056806466F6DD7B1002322
:109DC000AC6D6B6554B300214FF6FF734FF0170C69
:109DD000A96504F11C00E38084F804C01E2212F07F
:109DE00013FD3C23A660237721463846BDE8F840A2
:109DF000FDF782BC40F62E23104A1149114810F09D
:109E0000ADFA87F31188BFF36F8F0323184602DF83
:109E10000023AC6D6F6D6B65002CD4D140F63223FE
:109E2000064A0949074810F099FA84F31188BFF3EC
:109E30006F8F0323184602DFAC6DC4E780D20101A7
:109E4000E8D2010188CD0101FCD2010100B17047C7
:109E50000C4B10B502460446996002200121FAF726
:109E60000FFF00B910BD40F60223074A0749084812
:109E700010F074FA84F31188BFF36F8F0323184630
:109E800002DF10BD0C01002180D2010170CF010161
:109E900088CD010138B5044610F8103B002B2ED0B8
:109EA000194DA860A3687BB140F61723174A1849DB
:109EB000184810F053FA002383F31188BFF36F8F13
:109EC0000323184602DFA868002213490E4BC4E999
:109ED000021001201146FAF7D3FE00B938BD40F652
:109EE0001E230A4A0D490B4810F038FA002383F369
:109EF0001188BFF36F8F0323184602DF38BDBDE81A
:109F00003840FFF757BF00BFFC00002180D201019D
:109F100014D3010188CD0101B59D000170CF01016D
:109F200038B5134A134B12781A704B7F01EB830339
:109F30001B6A1D7800B938BD0C46FDF77DFC8442D4
:109F4000F9D015F00E0F02D16369002BF3D040F663
:109F5000CE13094A09490A4810F000FA002383F396
:109F60001188BFF36F8F0323184602DF38BD00BF8F
:109F7000726000217160002180D2010128D30101AB
:109F800088CD01014FF4006210B5022406214FF084
:109F9000000E4FF0040C104BA3F85C201A8B93F8C2
:109FA0005E0022F4437222F0020242F00E021A8393
:109FB0005A7F64F3420003EB8202126A83F85E0068
:109FC00082F800E0517093F8292003EB8203DB6AEA
:109FD00083F800C0597010BDBC3B0021F8B51C4C83
:109FE0006569EB6D73B140F65B231A4A1A491B4849
:109FF00010F0B4F9002383F31188BFF36F8F0323AC
:10A00000184602DF05F1500105F14C00FAF7B6FDE4
:10A01000064670B100272868EE6500F067FFA06D66
:10A020006761FDF757FB606DA765FDF747FB676547
:10A03000F8BD40F65D23074A0949084810F08EF93B
:10A0400086F31188BFF36F8F0323184602DFE1E721
:10A05000BC3B002180D2010180D3010188CD0101E8
:10A06000F4D4010170B5524C84B094F85E30D90735
:10A070005BD563695BB193F82C2042F0020283F850
:10A080002C20636993F82C30DA0700F18E80484861
:10A09000FDF7BAFB84420ED040F62633454A4649C6
:10A0A000464810F05BF9002383F31188BFF36F8FEC
:10A0B0000323184602DF237EDB0739D403AD0222D7
:10A0C00003213F4B009500200392FCF7F3FA294649
:10A0D000FDF788FB0546002853D13A48FDF7D0FB31
:10A0E00008B178303BD13248FDF79AFB84420ED05C
:10A0F00040F648332F4A3049304810F02FF90023FA
:10A1000083F31188BFF36F8F0323184602DF63695F
:10A110000BB1FFF763FF94F85E3000206FF300038C
:10A1200084F85E3000F0B8FC40B3002004B070BD8D
:10A13000022603AD032101220020214B0095039646
:10A14000FCF7B8FA2946FDF74DFB0028B7D01848B0
:10A15000FDF766FB844228D040F6313318E040F624
:10A160004533144A1849154810F0F8F885F311885A
:10A17000BFF36F8F0323184602DFB4E707F05EFCDE
:10A18000D3E70B48FDF74CFB84420ED040F63F333B
:10A19000084A0949094810F0E1F8002383F31188BF
:10A1A000BFF36F8F0323184602DF0C20BEE700BF0A
:10A1B000BC3B002180D2010194D3010188CD010173
:10A1C000F9690001CC3B0021A0D30101037802F121
:10A1D000FF3C03F00F03022B1FFA8CFC22D0012B53
:10A1E0000CD01031C9008BB1062B0FD04FF4F37394
:10A1F00040F253200CFB030080B2704740F216235C
:10A2000040F2E3300CFB030080B27047407801F26B
:10A210001B311030C00000F5B37308440CFB030081
:10A2200080B2704741780CEB8C03C3EB0310400005
:10A2300001F11003DB0000F23B1003FB020290B2BD
:10A24000704700BF4FF6FF712DE9F0438B428BB092
:10A250009DF84890139C18D025781E460135EDB224
:10A260008046174625706DB300223B493B4B04F1F5
:10A270001000C860C1E900870E8181F80A909960DA
:10A2800001201146FAF7FCFC60B9207E10F00105B0
:10A2900005D1334A334B11781B788B4221D00BB058
:10A2A000BDE8F08340F667132F4A3049304810F07C
:10A2B00055F8002383F31188BFF36F8F03231846EB
:10A2C00002DFE2E740F64313274A2A49284810F004
:10A2D00045F885F31188BFF36F8F0323184602DF1B
:10A2E000C2E740F247160421013309A8137008F0B1
:10A2F00055FB099B204A2148A2FB0312991A02EB45
:10A300005102110A1E4A06FB1133A21A9208A0FB41
:10A3100002021C48D208023201330590012128466E
:10A32000CDE90355CDE9005506940295D2B20993C3
:10A33000FCF7A4F910F0FD0FB1D040F2B4730A4A53
:10A3400011490B4810F00AF885F31188BFF36F8F9D
:10A350000323184602DFA2E7903B0021EC00002116
:10A36000726000217160002180D2010170CF010173
:10A3700088CD0101B8D3010121F1D490F712DA4B55
:10A38000BC3B0021219F0001BCD301012DE9F04F0E
:10A39000714C8E4694F85E60704983B016F00106E9
:10A3A000054603C9DDF830809DF834C09DF838902B
:10A3B00000908DF8041040F08E80714601292846E7
:10A3C0001F4608BF00200EF108030DEB030111F832
:10A3D000083C154613F00E0F0CBF01210021228B03
:10A3E0000CF0070C09F003094FEA4C0C22F44372FD
:10A3F0004CEA092C22F002024CEA020C627FA4F81B
:10A400005C0004EB8202D2F82090A4F818C099F8FE
:10A4100000A003F00F032AF01F02134361F345135A
:10A4200089F8003003F00F03012B0AF00F0A49D01E
:10A4300094F85E3065F3420384F85E30DAB25B076D
:10A440000CD5134667F3C30384F85E30D8F80030A8
:10A45000434AC4F85F30B8F80430938099F800306C
:10A4600005F0010B03F00F02012A39D099F8012001
:10A47000F2B1BAF1010F51D099F800306BF38613A5
:10A480006FF3C71389F8003094F82930246104EB86
:10A490008304E36AAD0105F040055A7845F00405F0
:10A4A0001D700AB906225A70304603B0BDE8F08F1D
:10A4B0006BF3861362F3C71389F80030062389F81B
:10A4C0000130E1E7BAF1010FB2D099F80120CAB921
:10A4D00084F83460ACE70C26304603B0BDE8F08F5A
:10A4E0004A466BF3861367F3C71302F8083B0C2345
:10A4F000D8F80010C9F80810B8F80410918089F84D
:10A500000130C1E7052A16D9063AD2B209F108018D
:10A51000144884F8342012F050F989E794F8342074
:10A52000104909F1080012F048F994F83430063364
:10A5300089F80130A0E740F2BD130B4A0B490C48E3
:10A540000FF00CFF86F31188BFF36F8F03231846BB
:10A5500002DF99F80120D7E7BC3B002130CC010194
:10A560001B3C0021F13B002180D20101F4D3010109
:10A5700088CD010110B5064C204608F0B7FE04F165
:10A580000C0008F0B3FEFFF7FDFC002010BD00BF7B
:10A59000D83B002108B5FFF765FD002008BD00BFCE
:10A5A00038B5094C04F10C05204608F0AFFE2846EA
:10A5B00008F0ACFE204608F099FE284608F096FE0A
:10A5C000FFF7E0FC002038BDD83B0021044A054BD2
:10A5D000801A8008A3FB0030C0F3CF00704700BF93
:10A5E000BC3B0021F712DA4B044A0068044B801A86
:10A5F0008008A3FB0030C0F3CF007047BC3B0021B4
:10A60000F712DA4B38B9054890F85E3013F0010FB5
:10A6100008BF002070470020704700BFBC3B0021EE
:10A6200028B9044B93F85E0000F001007047002049
:10A63000704700BFBC3B002148B9064B93F85E0051
:10A6400010F0010004D0587E00F003007047002095
:10A65000704700BFBC3B002170B50646807E0C46AB
:10A6600007F064FB05462078C0F38010FCF738F94A
:10A670000368C6F865308388A6F869308DB1237801
:10A6800043F0400323702A682378C4F80220AA8884
:10A6900003F00F03012BE28004F1020503D02846EA
:10A6A00070BD0546EFE7B07E07F072FB0028F6D0DC
:10A6B0002346227842F0800203F8082B0268A26049
:10A6C000828828469A8070BD1F295AD82DE9F0410A
:10A6D000437F0E4600EB83031F6A05463B78904696
:10A6E00003F00F03012B82B04DD00DF107011C3098
:10A6F00008F07AFE3946044697F800C003780CF05B
:10A700000F0C23F01F0343EA0C0303703B7890F80F
:10A7100000C0C3F3401363F3451C80F800C03B78CE
:10A720005FFA8CF7C3F3801363F38617077011F891
:10A73000023BFFB2DB0963F3C717062200F8027B76
:10A7400012F048F83246414604F10800063612F08D
:10A7500034F8667095F85E30DB0706D49DF8073054
:10A760006B77002002B0BDE8F08195F829302146D2
:10A7700005EB83032846DA6AF6F72EF80028EDD0B9
:10A78000F0E7122070470A4680F8346041463530C1
:10A7900012F013F8E5E700BF03460A4601481946E0
:10A7A000FFF792BFBC3B00211F295ED82DE9F04185
:10A7B00090F829300F4600EB8303DE6A044690468A
:10A7C00082B000F12805002E40D028460DF1070187
:10A7D00008F00AFE314605460378BE1D23F03F030C
:10A7E00043F00403037011F8020BDBB2C0F38010D6
:10A7F00003F03F0343EA80132B7006226E70A81CFF
:10A8000011F0E8FF3A46414605F1080011F0D5FF86
:10A8100094F85E30DA0707D400209DF8073084F8FA
:10A82000293002B0BDE8F0814123627F04EB82024F
:10A83000116A0A7802F00F02D340DB07ECD52A46F2
:10A840002046F5F7C9FF0028E6D0EAE7284608F0D9
:10A850004DFDC0B258B994F8293004EB8303DE6A89
:10A860000423337006237370AFE71220704707206C
:10A87000D7E700BF03460A4601481946FFF794BFD1
:10A88000BC3B00212DE9F843099980460D4615F897
:10A89000104B17460134E4B21E469DF820900C7010
:10A8A00084B100221749184BC1E900870E81CD60A1
:10A8B00081F80A90996001201146FAF7E1F980B910
:10A8C000BDE8F88340F29F33104A114911480FF058
:10A8D00045FD84F31188BFF36F8F0323184602DF11
:10A8E000DFE74FF46B73094A0B490A480FF036FD56
:10A8F000002383F31188BFF36F8F0323184602DF11
:10A90000BDE8F883303C00211C01002134D4010152
:10A91000B8D3010188CD010170CF0101002070473B
:10A9200038B50546043001F11002C0B2FCF7E6FF6D
:10A93000044600B938BD10F1780F01D10C2038BDA4
:10A9400040F29123094A0A490A480FF007FD2246BE
:10A95000294609480FF002FD002383F31188BFF355
:10A960006F8F0323184602DF0C20E8E734D401017F
:10A9700074D4010188CD01018CD4010138B52C4C6F
:10A9800094F83C3003F0010258B35ABB9A07C3F362
:10A9900041050BD50120FBF7A3FF0621FAF7DEF8EE
:10A9A000002842D094F83C50C5F3410594F82600A5
:10A9B000C0F3C10007F082F8FF2194F8273094F823
:10A9C00026206FF3410384F82730930684F828107B
:10A9D00002D5023D012D1ED9BDE838401448F5F7D7
:10A9E000C3BF12B90C25284638BD6369002BF9D1C5
:10A9F0002146FFF795FF05460028F4D194F83C3036
:10AA000060F3000384F83C30FFF7FCFD0028EAD136
:10AA100007F014F8E7E7002007F074F894F82730FF
:10AA200043F0020384F82730D6E71225DBE700BFA6
:10AA3000A808002138B500240E4D3CB995F83C40DB
:10AA400014F0010402D068690A4908B1002038BD39
:10AA5000FFF766FF0028F0D195F83C2060F3000274
:10AA600085F83C20FFF7CEFD0028E6D106F0E6FF92
:10AA7000E3E700BFA8080021024BC01AC0F387100B
:10AA8000704700BFA8080021024B0068C01AC0F33D
:10AA900087107047A808002138B9054890F83C3065
:10AAA00013F0010F08BF002070470020704700BF5F
:10AAB000A8080021044A92F83C3003F0010318432F
:10AAC0000CBF104600207047A808002198B90B4A17
:10AAD00092F83C3013F001000ED0506992F8262015
:10AAE000003818BF0120C2F3401203F00103934065
:10AAF00043EA800070470020704700BFA80800218B
:10AB000050B9064B93F83C0010F0010005D093F8C3
:10AB10002600C0F3C100704700207047A80800213C
:10AB20002DE9F0410446066882B04FF4C8723149FD
:10AB300000F14C053046F9F7FDFF214609F000FB16
:10AB40002946206D01AAFAF735F810B34FF6FF77C2
:10AB5000DFF8A48098F8412298F84012531CDBB229
:10AB6000482B08BF0023994233D0019908EBC20C4F
:10AB700028F83270CCF804100A680260019A10605C
:10AB800088F841322946206D01AAFAF713F8002807
:10AB9000E0D1D6F83C4106F59E754CB1002329461C
:10ABA0002046C6F83C31FCF745FF02B0BDE8F08115
:10ABB00040F62103114A124912480FF0CFFB84F3EB
:10ABC0001188BFF36F8F0323184602DFD6F83C418C
:10ABD000E4E740F60D03094A0B490A480FF0BEFBB3
:10ABE000002383F31188BFF36F8F0322104602DF27
:10ABF0001B80FFDEE8080021BC3F0021A4D4010136
:10AC0000ECD4010188CD0101E4D4010110B50C465A
:10AC1000C0B9144B0022012102209C60FAF730F8E1
:10AC200000B910BD40F2C7730F4A104910480FF029
:10AC300095FB002383F31188BFF36F8F032318461E
:10AC400002DF10BD40F2C173074A0A4908480FF0FD
:10AC500085FB002383F31188BFF36F8F032318460E
:10AC600002DFD6E74C010021A4D4010170CF01011D
:10AC700088CD0101FCD401010146002208B50C4B2E
:10AC8000012099601146F9F7FBFF00B908BD40F2B9
:10AC9000F373084A084909480FF060FB002383F367
:10ACA0001188BFF36F8F0323184602DF08BD00BF72
:10ACB0002C010021A4D4010170CF010188CD010134
:10ACC00038B5044610F8103B002B2ED0194DA86063
:10ACD000A3687BB140F2DC73174A184918480FF09B
:10ACE0003DFB002383F31188BFF36F8F03231846C6
:10ACF00002DFA868002213490E4BC4E902100120AC
:10AD00001146F9F7BDFF00B938BD40F2E3730A4AB6
:10AD10000D490B480FF022FB002383F31188BFF38A
:10AD20006F8F0323184602DF38BDBDE83840FFF7B8
:10AD3000A3BF00BF3C010021A4D4010114D3010131
:10AD400088CD010179AC000170CF01010146836813
:10AD500008315A6892F82730DB0901D0F6F704BBB6
:10AD6000F6F7AEBF00B9704710B50C46FCF782FD90
:10AD7000844212D0FCF760FD84420ED040F2FB63A7
:10AD8000064A074907480FF0E9FA002383F31188C0
:10AD9000BFF36F8F0323184602DF10BDA4D4010157
:10ADA00008D5010188CD010110B50C46A0B9204697
:10ADB000FCF754FD84420ED040F211730E4A0F4945
:10ADC0000F480FF0CBFA002383F31188BFF36F8F86
:10ADD0000323184602DF10BD40F20E73064A0949EC
:10ADE00007480FF0BBFA002383F31188BFF36F8F7E
:10ADF0000323184602DFDAE7A4D401015CD5010180
:10AE000088CD0101FCD4010110B50C46A0B9204643
:10AE1000FCF718FD84420ED040F207730E4A0F492A
:10AE20000F480FF09BFA002383F31188BFF36F8F55
:10AE30000323184602DF10BD40F20473064A094995
:10AE400007480FF08BFA002383F31188BFF36F8F4D
:10AE50000323184602DFDAE7A4D401015CD501011F
:10AE600088CD0101FCD4010170B510224FF4C871E6
:10AE7000144B1548F9F70EFE00244FF6FF76124DDD
:10AE8000A2B24FF4C8712846F9F750FE0134102CD5
:10AE90008684F5D10D4B0722181D2421F9F7FAFD00
:10AEA0000B4B4722181D0821F9F7F4FD02F018FC9E
:10AEB00007230020074C0849084A20600B701370D4
:10AEC00070BD00BF7C3C0021E8080021BC3E002191
:10AED000803C002144420021746000217360002105
:10AEE0000148F9F7FBBD00BF7C3C00210149F9F79F
:10AEF00009BE00BF7C3C00214FF4C8720149F9F73C
:10AF000019BE00BFE80800210F28024604D84FF4FC
:10AF1000C8710248F9F70ABE00207047E80800210E
:10AF20000F280ED810B5024604464FF4C8710648E3
:10AF3000F9F7FCFD18B1838CA34200D110BD0020AD
:10AF400010BD0020704700BFE80800210148F9F754
:10AF5000C5BD00BFBC3E00210149F9F7D3BD00BF0C
:10AF6000BC3E00210F2800F2A8802DE9F0410246E6
:10AF700007460C4663484FF4C871F9F7D7FD804681
:10AF800000285DD0838CBB425AD15F4A92F84110B1
:10AF900092F840004B1CDBB2082B08BF00239842FC
:10AFA00065D022F8317002EBC1014C6082F841306B
:10AFB00098F8003003F0FF00002B4BD0534D2B6866
:10AFC000062B58D8524E534B002201210320C3F8C0
:10AFD0000880F9F755FE98F93730002B42DB10F066
:10AFE0004DF84FF0000CDFF830E14C4FDEF8001068
:10AFF000411AC1F30E02A2FB0723D20BC90B42EA8E
:10B000004342DB0BE1FB072397427CEB03011BD39D
:10B0100043482F680168013764790C440460414853
:10B02000A4FB0001214452EA030404BF00230122CF
:10B03000F5F742F803462F6033600020BDE8F08149
:10B040006FF01500BDE8F081CEF8000061460127E1
:10B050003348E1E709F032FD98F937302B4D002BEA
:10B060002B4EBCDA3946404605F062FDB7E76FF07B
:10B070006800BDE8F08198F8582098F87230244EA6
:10B0800002F0070C28483168C3F300139B00BCF1A1
:10B09000030FB0FBF1F0DBB2C2F3C00210D9DB004A
:10B0A000520003F203130132934003F274538342BC
:10B0B00023D3002009F002FD85E76FF015007047EB
:10B0C0000CF10902D1000CF1240213444FEA6C0C7C
:10B0D00021FA0CF2DB0023FA0CF302F596710B4413
:10B0E0009842E6D9C3EB400002F196035B00184496
:10B0F0000138B0FBF3F0C0B2DCE7C3EB400040F234
:10B10000CC63F4E7E808002100420021783C0021EC
:10B11000743C00215C010021703C002100CA9A3B74
:10B120006C3C00210050D6DC00E6DF0C2DE9F04F2E
:10B130000F2885B0BDF83890BDF83CA0BDF840B0F0
:10B14000039215D8024604460E461C484FF4C871B7
:10B150001F46F9F7EBFC054650B1B0F82480A04536
:10B1600006D176B1022E07D0012005B0BDE8F08FE0
:10B17000022005B0BDE8F08F039BABB902F076FD6D
:10B180000EE0119C53464A463946CDF800B0019472
:10B1900002F0EAFC0028ECD195F93730002B07DBF0
:10B1A000002005B0BDE8F08F039902F06FFDF7E7CE
:10B1B0004146284605F0BCFCF2E700BFE808002144
:10B1C0000F281FD870B5024604460D460E484FF4AE
:10B1D000C871F9F7ABFC064658B1838CA34208D17D
:10B1E00002F072FC38B103682B6003792B710020E8
:10B1F00070BD022070BDD6F832302B6096F8363024
:10B200002B71F4E702207047E80800210F2870B581
:10B2100002D90224204670BD024605460C46164857
:10B220004FF4C871F9F782FC064610B3838CAB4229
:10B230001FD11A2C04D8042C16D81224204670BD15
:10B24000292C01D03B2CF8D12146304602F006FCD7
:10B2500004460028DED196F93730002BDADA294689
:10B26000304605F065FCD5E7044BE340DB07EBD443
:10B27000E3E70C24204670BDE808002120003804D4
:10B280000F2870B516D8024604464FF4C8710E4810
:10B29000F9F74CFC054668B1868CA6420AD101211B
:10B2A00002F02AFB044618B995F93730002B04DB6D
:10B2B000204670BD0224204670BD2846314605F068
:10B2C00037FC204670BD00BFE80800210F2870B58C
:10B2D00015D8024604464FF4C8710D48F9F726FC0C
:10B2E000054660B1868CA64209D102F01DFB0446DA
:10B2F00018B995F93730002B04DB204670BD0224C5
:10B30000204670BD2846314605F012FC204670BD2F
:10B31000E80800210F281CD870B504460E461546D3
:10B320004FF4C87102460C48F9F700FC034670B1AF
:10B33000828CA2420BD193F858400020C4F302043F
:10B34000347093F85930C3F302032B7070BD0220A0
:10B3500070BD0220704700BFE80800218446034A00
:10B36000034B002082F800C0197070477460002100
:10B37000736000212DE9F0430F2883B025D80446DF
:10B38000884617464FF4C871024619481E46F9F719
:10B39000CDFB0546C8B1B0F82490A14515D1D0F831
:10B3A000183113F4106F1DD00124334600943A462F
:10B3B000414602F02BFB044618B995F93730002BB3
:10B3C00008DB204603B0BDE8F0830224204603B02A
:10B3D000BDE8F0832846494605F0AAFB204603B0A5
:10B3E000BDE8F0831A24204603B0BDE8F08300BF17
:10B3F000E80800210F2814D838B5024604460D4647
:10B4000009484FF4C871F9F791FB034638B1828CB3
:10B41000A24204D193F8B63000202B7038BD022030
:10B4200038BD0220704700BFE80800210F282FD840
:10B4300038B5024604460D4616484FF4C871F9F770
:10B4400075FB18B3838CA34220D1C38CB0F86E2156
:10B45000052B0FD84FF4FA7101339BB202FB03F3B3
:10B4600001FB03F30C4AA2FB0323C3F34F332B80EE
:10B47000002038BD40F2E24103FB02F201FB02F280
:10B48000054BA3FB0232C2F34F33F0E7022038BD75
:10B4900002207047E80800215917B7D10F282ED88D
:10B4A00038B5024605460C4616484FF4C871F9F700
:10B4B0003DFB844608B3838CAB421ED142F210722E
:10B4C00002FB04F1C38C0139052B0DD84FF4FA723D
:10B4D00001339BB202FB03F31944B1FBF3F189B2D0
:10B4E000ACF86E11002038BD40F2E24202FB03F3DB
:10B4F0001944B1FBF3F189B2F2E7022038BD022012
:10B50000704700BFE8080021FFF7AEBC2DE9F84303
:10B5100005F060FC0025264FDFF89880DFF8989052
:10B5200024E0681D2146C0B204F11002FCF7E6F9E0
:10B530000646B0B116F1780F2048214911D040F2EB
:10B54000477342460EF00AFF324629461D480EF068
:10B5500005FF002383F31188BFF36F8F0323184681
:10B5600002DF00230135102DE36617D04FF4C871B8
:10B570003846AAB2F9F7DAFA04460028D1D140F2E7
:10B580004373424649460D480EF0E8FE84F31188A5
:10B59000BFF36F8F0323184602DFC2E70A490B4A45
:10B5A000A1F84030A2F84032BDE8F843FFF75CBC98
:10B5B000E8080021A4D4010144CF010188CD010194
:10B5C00074D401018CD4010100420021BC3F002150
:10B5D000014B1878704700BF74600021014B187848
:10B5E000704700BF736000212DE9F84F4FF0000B4A
:10B5F00081468A4617469846194E02E0BBF1100F65
:10B600002AD01FFA8BF52A464FF4C8713046F9F755
:10B610008DFA0BF1010B04460028EFD0838CAB426E
:10B62000ECD190F87C51B7EBD51FE7D1062241460B
:10B6300000F2831011F0F0F8C5F380150028DDD179
:10B640004D45DBD10622514604F27D1011F0E4F89D
:10B650000028D3D1012000E00020BDE8F88F00BF12
:10B66000E808002138B58B6808601D680C462B7807
:10B67000A3B1AB6873B140F28A330B4A0B490C4853
:10B680000EF06CFE002383F31188BFF36F8F03234A
:10B69000184602DF074BC5E9023438BD0846BDE84D
:10B6A0003840FFF753BB00BFA4D4010114D30101FC
:10B6B00088CD01014DAD0001F8B50B68DE880F2E75
:10B6C00035D80C46074632464FF4C8711948F9F789
:10B6D0002DFA054650B3838CB34227D102F012FBFA
:10B6E0002268137F03F00303032B08D10123137196
:10B6F000394628462268BDE8F84002F017BB53B926
:10B7000095F868319B0703D53D2385F838312268C9
:10B7100001231371F8BD95F868319A07FAD53D23D6
:10B72000012285F8383123681A71F8BD2368012297
:10B730001A71F8BDE80800214FF6FF7CF8B51D46E8
:10B74000838C044663450F4616460CD02046C4E958
:10B750003D76A4F8FC5002F061F894F8683113F0DB
:10B76000010010D1F8BD4FF474730A4A0A490B481E
:10B770000EF0F4FD002383F31188BFF36F8F0323D2
:10B78000184602DFE2E76FF3000384F868316FF0D8
:10B790008B00F8BDA4D4010198D5010188CD010129
:10B7A0002DE9F041304D0646304F95F8412027E015
:10B7B00042464FF4C8713846F9F7B8F9034650B31A
:10B7C000828C6168904527D10A79487902F003029A
:10B7D000022A2AD050BB03F1B80001F083FD95F88E
:10B7E000412095F840309A4206D00133DBB2082B55
:10B7F00008BF002385F84030013E16F0FF0627D031
:10B8000095F84030934223D035F8338005EBC304DC
:10B81000B8F10F0FCCD961680B794FF6FF706FF359
:10B8200001030B71FBF7AEFFD9E798B193F88921BB
:10B83000D007D0D56FF3000283F889210A7902F08E
:10B8400003000128C7D1022060F301020A71C2E798
:10B85000BDE8F08193F88921404642F0010283F867
:10B860008921FBF78FFFBAE700420021E808002199
:10B870002DE9F04F414A0B4614680646A04204BF2A
:10B88000002111601822808C012183B086F8583184
:10B8900086F84021A6F84201304601F0C9FF06F1C2
:10B8A000B807304601F0D8FF384601F003FD3846AE
:10B8B00001F038FD044600283BD00379DFF8C09042
:10B8C00003F00303032B0CBF034600230360484629
:10B8D000F9F704F9DFF8ACB00546DFF8ACA006F1E3
:10B8E0006008B8B1214642462846F9F751F9384672
:10B8F00001F018FD0446E0B1037903F00303032BC4
:10B900000CBF0346002303604846F9F7E7F80546F5
:10B910000028E7D140F2B2735A4651461B480EF058
:10B920001DFD85F31188BFF36F8F0323184602DFD7
:10B93000D8E7B28C012105320020154B0096D2B217
:10B94000FAF7B8FE10F0FD0F0ED04FF4EF630D4A7A
:10B9500010490E480EF002FD002383F31188BFF357
:10B960006F8F0323184602DF4FF6FF73FF20B38467
:10B9700003B0BDE8F04FFFF713BF00BF4442002102
:10B98000803C0021A4D40101F4D4010188CD01013F
:10B990000DAC000168D5010100293BD02DE9F84F1D
:10B9A0004D1E0746DFF87090DFF870B0DFF870A02A
:10B9B000EDB200F1B80816E02379484603F003031E
:10B9C000032B0CBF234600232360F9F787F80646B4
:10B9D00088B1013D2146304607F16002EDB2F9F72A
:10B9E000D7F8FF2D05D0404601F09CFC0446002806
:10B9F000E2D1BDE8F88F40F2C7535A465146094894
:10BA00000EF0ACFC86F31188BFF36F8F032318464A
:10BA100002DFDEE7704700BF803C0021A4D40101B3
:10BA2000F4D4010188CD010110B504460120FFF7CF
:10BA3000B7FE2046BDE810400121FFF7ADBF00BFB3
:10BA40000149F9F75FB800BF803C0021014B93F832
:10BA500041027047BC3F002100B50A4B93F840C239
:10BA600093F841E2F4450BD080F800E033F83C0055
:10BA700003EBCC0308805B68136018685DF804FB77
:10BA80000020FBE7BC3F0021074B93F840C28445F0
:10BA900008D003EBCC0033F83C300B8043681360D4
:10BAA0001868704700207047BC3F0021094A92F88F
:10BAB000401292F841328B4209D04B1CDBB2482B2A
:10BAC00008BF002352F8310082F84032704700204E
:10BAD000704700BFBC3F002108B5134A92F841C22D
:10BAE00092F840E20CF10103DBB2482B08BF0023BF
:10BAF0009E4508D022F83C0002EBCC0CCCF8041098
:10BB000082F8413208BD40F20663084A08490948F4
:10BB10000EF024FC002383F31188BFF36F8F032200
:10BB2000104602DF1B80FFDEBC3F0021A4D40101D0
:10BB300010D6010188CD0101F8B5567914460546A5
:10BB40000F467EB3237903F00302032A0CD04FF68D
:10BB5000FF72954204BF6FF301032371214628460B
:10BB6000BDE8F840FBF70EBE4FF6FF739D4228D1AB
:10BB70003B689C423ED0002BF0D040F231632D4A0E
:10BB80002D492E480EF0EAFB002383F31188BFF302
:10BB90006F8F0323184602DF21462846BDE8F84090
:10BBA000FBF7F0BD40F21363224A254923480EF00B
:10BBB000D5FB86F31188BFF36F8F0323184602DF8E
:10BBC000C0E70F2D1CD82A464FF4C8711D48F8F75E
:10BBD000ADFFA8B1214602F077F83B689C42CAD17C
:10BBE0002A464FF4C8711748F8F7A0FF10B1838CAC
:10BBF000AB4200D000202146BDE8F84001F0C2BDB4
:10BC000040F219630B4A10490C480EF0A7FB0023C1
:10BC100083F31188BFF36F8F0322104602DF1846AB
:10BC2000214602F051F83B68A342A4D10F2DD7D989
:10BC3000E0E700BFA4D4010124D6010188CD0101B1
:10BC400018D60101E808002144CF01011B207047EC
:10BC5000704700BF90F8683143F0020380F8683104
:10BC6000704700BF90F868316FF3410380F8683186
:10BC7000704700BF0278038E12B1581E80B2704721
:10BC8000418DB0F8FC205818104480B2704700BFB6
:10BC90000B4610B504461A683230C4F832201B79BE
:10BCA00005210371F9F706F994F8373060F30503BD
:10BCB00084F8373010BD00BF08B50022D0E9170165
:10BCC000F8F770FFB0FA80F0400908BDF8B50646F5
:10BCD0000F46154601F048FC044688B3EA1E201DB5
:10BCE000082A06D8DFE802F0270505240505052106
:10BCF0001E00D123194A1A491A480EF02FFB0023BF
:10BD000083F31188BFF36F8F0323184602DFE379B3
:10BD1000214630467B7301F03DFC304602F03CFE8C
:10BD20002046F8BD03F098F9F1E703F08BF9EEE750
:10BD300003F07EF9EBE70146384603F01DF9E6E72C
:10BD4000BE23064A084907480EF008FB84F3118811
:10BD5000BFF36F8F0323184602DFBFE730D6010120
:10BD600064CE010188CD010114D60101F8B500238C
:10BD70008D690C4606468B6115B303272F71B38C72
:10BD800005F11C00EB8094F82060A6B9237A052BFE
:10BD900024D0062B02D11A232B71F8BDF723114AA8
:10BDA000114912480EF0DAFA86F31188BFF36F8F4B
:10BDB000384602DFF8BD3146BDE8F84003F056B919
:10BDC000E723084A0A4909480EF0C8FA85F31188A2
:10BDD000BFF36F8F0323184602DFCEE7BDE8F840BC
:10BDE00003F026B930D6010164CE010188CD0101EE
:10BDF00074D60101F8B506460F46154601F0B4FBAE
:10BE0000044600283CD02A1F201D092A06D8DFE856
:10BE100002F01F22250505050528052B40F2DF232A
:10BE2000224A234923480EF099FA002383F311880C
:10BE3000BFF36F8F0323184602DFE37921463046B4
:10BE40007B7301F0A7FB304604F072FB2046F8BD7F
:10BE500003F0CCF8F1E703F0E1F8EEE703F0E8F8DF
:10BE6000EBE703F0F9F8E8E796F8083197F84E1099
:10BE70001BB1D6F818315B0711D403F0F7F8DCE7F3
:10BE80004FF43173094A0C490A480EF067FA84F3FB
:10BE90001188BFF36F8F0323184602DFB3E70A460A
:10BEA00097F84D1003F0EEF8C7E700BF30D6010158
:10BEB00064CE010188CD010114D6010170B50D4693
:10BEC000044600F17306002233463B3105F12B0096
:10BED0000AF012F8D4F87730D4F87310C4F8983018
:10BEE0000023D4F87B00C4F89410D4F88C10D4F854
:10BEF0007F20C4F89C00C4F8AD1094F88B0094F82F
:10BF0000AC10C4F8A020D4F8902063F3000041F0F6
:10BF10000101C4E92933C4F8B12084F8833084F8DE
:10BF2000843084F8853084F8863084F8873084F84B
:10BF3000883084F8893084F88A3084F8AC1084F82A
:10BF40008B00062229462046FFF7C0FE40F206631A
:10BF50006B8194F8723023F0180343F0180384F8CF
:10BF6000723070BDF8B505460C4601F0F5FA28B9F7
:10BF7000204601F033FB0323A372F8BD04222146BF
:10BF80002846FFF737FF0023C2688168C4F84720BE
:10BF9000C4F843100269C5F89020A669A361A6B150
:10BFA000032337793371AB8C204606F11C01F380F3
:10BFB00003F006F82D2F02D00423A372F8BD3146FA
:10BFC0003068FBF799FB0423F7E740F2F623064AB3
:10BFD000064907480EF0C2F986F31188BFF36F8F48
:10BFE0000323184602DFDBE730D6010174D60101D6
:10BFF00088CD010170B504460D4601F0ADFA10B9C7
:10C000000623AB7270BD04F173063346002205F1BE
:10C010003B0105F12B0009F06FFFD4F87730D4F81D
:10C020007310C4F898300023C4F89410D4F88C101E
:10C03000D4F87F20C4F8AD1094F8AC10C4E92933CB
:10C0400063F3000184F8833084F8843084F8853009
:10C0500084F8863084F8873084F8883084F8893012
:10C0600084F88A3094F88B30D4F87B00C4F8A02090
:10C07000D4F8902043F00103C4F89C00C4F8B12028
:10C0800084F8AC1084F88B30052229462046FFF74F
:10C09000B1FE4FF4C1636B8194F8723043F0080332
:10C0A00084F8723070BD00BFF0B515468A7A0C4630
:10C0B000064683B00D2A00F22D81DFE802F05E66AD
:10C0C00069919A07070C1736393E4F52002D00F040
:10C0D000A28003B0F0BD002DFBD1214601F03CFA57
:10C0E000002840F0C8800723A372F2E7022DF0D1A8
:10C0F0000023A569A361002D00F0EF8003272F71B5
:10C10000B38CEB80237A052B00F0E280062B40F005
:10C11000D0801A232B712146304601F01DFA0028E9
:10C1200040F08E800923A372D3E7002DD1D1F2E72E
:10C13000002DCED10B23A372CBE7072DC9D101214E
:10C1400001F02CFA3046FFF785FD2146304601F01C
:10C1500003FA002865D10C23A372BAE7002DB8D1E9
:10C16000F3E7082DB5D140F20233638190F87230C5
:10C170006FF3041380F87230ABE7002DA9D1237A56
:10C18000062BD7D00223A372A3E7002DFAD0A0E795
:10C19000012D9ED12946019301F000FA3046FFF7A8
:10C1A00059FD304602F0F0FB019B304659689A6811
:10C1B000C4F82110C4F825201A7B84F829205A7B62
:10C1C00084F82A20D3F80E10D3F81220C4F83B10BC
:10C1D000C4F83F20D3F816302146C6F88C3003E06F
:10C1E000002D7FF476AF214603B0BDE8F040FFF7A5
:10C1F000B9BE032D0CD0042D7FF46BAF062140F2A5
:10C200000362072384F82010A4F84D20A37260E78E
:10C210000523A3725DE7214603B0BDE8F040FFF7B8
:10C22000E9BE0B2221463046FFF7E4FD40F60D3310
:10C23000638196F872306FF3C30386F8723048E773
:10C24000062221463046FFF7D5FD304604F044FB78
:10C2500000230121A372304601F0B4F93046FFF704
:10C2600001FD304602F094FB96F8723043F0100363
:10C2700086F872302DE70D2221463046FFF7BAFDD1
:10C28000304604F029FB94F82030062B34D0242BC0
:10C290003FF41FAF40F27733264A274927480EF074
:10C2A0005DF885F31188BFF36F8F0323184602DF13
:10C2B0000FE740F21E331F4A1F4920480EF04EF888
:10C2C000002383F31188BFF36F8F384602DF22E724
:10C2D00005F11C0002F0ACFE1DE740F20F33154AD9
:10C2E000174916480EF03AF885F31188BFF36F8F9F
:10C2F0000323184602DF01E701213046A17201F055
:10C3000061F93046FFF7AEFC304603B0BDE8F040BF
:10C3100002F03EBB40F2D343064A074907480EF0FD
:10C320001DF8002383F31188BFF36F8F0323184692
:10C3300002DFCEE630D6010164CE010188CD0101D5
:10C3400074D6010170B50C46897A054682B00A2977
:10C3500000F22381DFE801F00A1D2D873E6830845A
:10C3600073760600002A72D002B070BD002AFBD19D
:10C37000237A062B0FD10121284601F00FF921461F
:10C38000284601F0E9F8002840F092800823A372C3
:10C39000EAE7002AE8D10121284601F0FFF821460A
:10C3A000284601F0D9F8002840F0A7800223A372A4
:10C3B000DAE7002AD8D1F2E7032AD5D100260121F5
:10C3C000284601F0FFF82846FFF74CFC284684F881
:10C3D00020601DE0022A29D0042AC5D10121284667
:10C3E000009301F0EFF82846FFF73CFC009BDA7859
:10C3F0000D2A00F0AE80112A40F0AD805B79062B4B
:10C4000002D01A2B40F0B6800026284684F820304F
:10C4100004F08AF8214628462673FFF7A7FC284631
:10C4200002F092FBA6729FE7002A9DD12146284682
:10C4300001F092F8002844D10523A37294E7002A62
:10C4400092D19CE7062A8FD12846FFF703FC2146AC
:10C45000284601F081F800286AD10A23A37283E7F5
:10C46000002A81D187E7012A32D0042A7FF47CAFE9
:10C4700001212846009301F0A5F8009BDA780D2AE7
:10C4800065D0112A78D15B79062B02D01A2B40F0A7
:10C49000828084F82030284604F046F82146284659
:10C4A000FFF764FC284602F04FFB0023A3725BE712
:10C4B0000A2221462846FFF709FC40F6093363812A
:10C4C00052E72146284602B0BDE87040FFF7F6BCAF
:10C4D0002846CDE90023FFF7BDFB40F20451019B44
:10C4E000009A5E689868C4F84360C4F84700DB6847
:10C4F000C5F890302273618136E721460322284631
:10C50000FFF7E4FB034640F203422846D3F81260EB
:10C51000D3F81610C4F83B60C4F83F10D3F81A30B3
:10C52000C5F88C30628102B0BDE8704003F0F8BFFE
:10C530000B2221462846FFF7C9FB4FF601736381A2
:10C5400095F8723023F0180385F872300CE71B79E8
:10C550009AE71B7953E74FF4BF73184A18491948F3
:10C560000DF0FCFE002383F31188BFF36F8F0323CC
:10C57000184602DF1F2347E74FF4BF730F4A1049E5
:10C5800010480DF0EBFE002383F31188BFF36F8F8B
:10C590000323184602DF1F237BE740F28223074A6A
:10C5A000074908480DF0DAFE002383F31188BFF332
:10C5B0006F8F0323184602DFD6E600BF30D6010195
:10C5C00064CE010188CD010192F81FC002F11C0365
:10C5D000ACF104020D2A08D8DFE802F00E141707A8
:10C5E00007070711070B0707070B3D2380F83831B2
:10C5F00070470422FFF7A6BE0122FFF7A3BE062262
:10C60000FFF7A0BE0222FFF79DBE0322FFF79ABEEE
:10C6100013460022FFF796BE92F81FC002F11C03DA
:10C62000ACF10302082A06D8DFE802F01205050F74
:10C630000505050C09003D2380F8383170470822B4
:10C64000FFF732BD0722FFF72FBD0222FFF72CBDF7
:10C650000122FFF729BD00BF00230322FFF724BDFD
:10C6600000230422FFF720BD887AA0F10400B0FA6D
:10C6700080F04009704700BF13460022FFF714BD49
:10C6800070B591F826300C46042B91F8272003D87A
:10C69000032B01D0042A0DD91121134313F00703F2
:10C6A0004FF0010584F822100CD1012584F82230C6
:10C6B000284670BD032A0DD0134313F007034FF033
:10C6C0000005F2D0A68CFFF7D5FA801B0304EFD447
:10C6D0002823EAE71123012581F82230F2E700BF81
:10C6E000002370B58D690C4606468B61002D35D050
:10C6F00094F82130DB071ED52B792D2B1ED11D235D
:10C700002B71B38CEB8094F822302B7796F859304C
:10C71000C3F30203AB7796F85830C3F302036B7789
:10C7200029462868FAF7E8FF94F821306FF30003F0
:10C7300084F8213070BD01232B71F1E740F2B91369
:10C740000E4A0F490F480DF009FE002383F31188AC
:10C75000BFF36F8F0323184602DFD0E74FF4DB737C
:10C76000064A094907480DF0F9FD85F31188BFF322
:10C770006F8F0323184602DFBAE700BF78D60101A6
:10C78000BCD6010188CD010174D6010170B58D7A46
:10C790000E46032D044682B01BD0052D06D0022183
:10C7A000204602B0BDE8704000F00CBF90F9373071
:10C7B000002B46DBF38C002B37D096F826302BB1BC
:10C7C00094F8582063F3061284F858200823B372B3
:10C7D000E5E790F93730002B18DA224B96F8205015
:10C7E00093E8030002AB03E9030094F858301A46BB
:10C7F0002B4303F0070308336B4413F8081C06238C
:10C8000061F3061284F85820B372C8E740F254432B
:10C81000154A164916480DF0A1FD002383F311882F
:10C82000BFF36F8F284602DFD7E794F8583009210D
:10C830001A46C3F3020363F3061284F85820B17258
:10C84000ADE740F25D43084A0A4909480DF086FD0C
:10C85000002383F31188BFF36F8F0323184602DF91
:10C86000A8E700BF38CC010178D60101E4D6010168
:10C8700088CD0101FCD6010191F8202030B5940744
:10C8800040D402F0070313F0010535D1032B94BF08
:10C89000002301234FEA830E754691F8203065F39B
:10C8A000020381F82030C3F3C202DB062DD412F05C
:10C8B000010424D1032A94BF002201224FEA820CF2
:10C8C000644691F8203064F3C50381F8203090F875
:10C8D000583003F00703AB4208BF4FF0000E81F859
:10C8E00026E090F8593003F00703A34208BF4FF049
:10C8F000000C81F827C030BD4FF0010ECDE74FF09E
:10C90000010CDEE70225AE46C7E70224A446D8E7BD
:10C910002DE9F041CF690C460546002F56D0002680
:10C92000637B6761162B07F10408E66118D0182BAA
:10C930003DD04FF4D273314A314932480DF00EFDEB
:10C9400086F31188BFF36F8F0323184602DF284652
:10C95000394600F01FFE2846BDE8F04102F01CB841
:10C9600094F8203095F87C21C3F3C20363F3C50229
:10C9700085F87C2194F8202095F87C31414662F3BB
:10C98000020385F87C3194F8203095F85820C3F3E1
:10C99000801363F3C302204685F8582002F08CFB15
:10C9A0000221284600F0FAFD0223A372CFE72146B8
:10C9B0002846FFF761FFE38CC3B9A38441462046B4
:10C9C00002F0BEFB4FF605736381C0E74FF4BF73FF
:10C9D0000A4A0D490B480DF0C1FC87F31188BFF3DB
:10C9E0006F8F0323184602DFE76998E7FFF742F9E4
:10C9F0002B8D063303449BB2DFE700BF78D60101DD
:10CA000064CE010188CD010114D7010138B5054676
:10CA10000C4601F0B1FF10B10123A37238BD2846C6
:10CA200003F06CFD0028F7D12146284600F094FD64
:10CA30000028F1D0284603F05FFD0728ECD02846F7
:10CA4000012103F053FD28460D2103F053FD162369
:10CA500021466373284600F087FD0346E3612146C3
:10CA60002846BDE83840FFF753BF00BF38B505463C
:10CA70000C4601F081FF10B10423A37238BD21469A
:10CA8000284600F069FD0028F6D01823214663737C
:10CA9000284600F069FD0346E36121462846BDE8CB
:10CAA0003840FFF735BF00BF2DE9F04190F93760FE
:10CAB00090F8585090F859C001F00708002E03462E
:10CAC00005F0070740460CF0070E02F007041BDBD9
:10CAD0001CB162F3020C83F859C058B193F8582086
:10CAE0005FFA88F464F3020283F85820A74218BF63
:10CAF000012007D193F8590000F00700B0EB0E00B9
:10CB000018BF0120BDE8F08154B164F3020583F839
:10CB100058500028EAD061F3020C83F859C0E5E7C9
:10CB20000028EFD061F3020C83F859C0E2E700BFA0
:10CB3000F0B515468A7A0C4607461E4683B0092A88
:10CB400000F2DE80DFE802F0050518234F8A58DC8A
:10CB5000A70A002D00F0CF8003B0F0BD042DFBD15B
:10CB6000FFF7BEFD384601F0EFFF0021384603F025
:10CB7000C1FC0023A372EFE7032DEDD190F837300D
:10CB8000DB0940F02D8141F203734B81E4E7012D75
:10CB900000F0C780062DDFD1002103F0A7FCD7F8F5
:10CBA0001831204623F41063C7F8183100F016FD41
:10CBB0001A2209250221384694F8213084F82220CF
:10CBC00043F0010384F8213097F858301A46C3F334
:10CBD000020363F3061287F85820A57203B0BDE87C
:10CBE000F04000F0EFBC002DB6D12146384603B02E
:10CBF000BDE8F040FFF73ABF052D00F0E480062DB8
:10CC000000F0C380022DA7D190F93730002B0EDB46
:10CC100040F2CB23A24AA349A3480DF09FFB002377
:10CC200083F31188BFF36F8F0323184602DF0221BD
:10CC3000384603F05BFC3146204602F077FA214685
:10CC40003846FFF71DFD0546204600F0C7FC002DC5
:10CC500040F00C8194F82730ABB10EE0032D7FF447
:10CC60007BAF90F93730002BC0F2F180E58C002DBE
:10CC700000F0D28094F826302BB197F8582063F357
:10CC8000061287F85820384601F090FE082302214A
:10CC90003846A372A2E7002D7FF45EAF8E8CFEF7BC
:10CCA000E9FF801B03043FF557AF94F8272094F861
:10CCB00026103846FFF7F8FE06462946384603F0A8
:10CCC00015FC84F82250002E40F0E78094F82020D4
:10CCD000D20994F82130092162F3000384F821304D
:10CCE00097F858301A46C3F3020363F3061287F825
:10CCF0005820A17230E703B0BDE8F040FFF786BED0
:10CD000040F26533664A694967480DF027FB002306
:10CD100083F31188BFF36F8F0323184602DF03B03C
:10CD2000F0BD022103F0E2FB94F8203031462046AA
:10CD300003F00706C3F3C20502F016FA02213846D3
:10CD400000F02CFC94F820301A46C3F3C2032B40A9
:10CD500063F3C5021346164066F3020384F82030DD
:10CD600097F93730002B0CDB94F8203013F0380F94
:10CD700001D05A0705D194F8203023F03F0384F8FE
:10CD80002030204600F02AFC2FE7002103F0AEFB04
:10CD90001A22D7F8183123F41063C7F8183184F831
:10CDA0002220204600F01AFC94F82130092543F097
:10CDB000010384F8213097F8583002211A4638468A
:10CDC000C3F3020305E73146204602F06DF994F8FB
:10CDD0004E300021384684F8223003F087FBE0E72C
:10CDE000334B91F8205093E8030002AB03E90300B2
:10CDF00097F8583002211A462B4303F007030833F3
:10CE00006B4413F8085C41F6060365F3061287F8D5
:10CE1000582038466381E1E62946384603F066FB30
:10CE200094F8203094F82120DB0963F3000284F8A1
:10CE3000225084F8212097F8582002F0070297F832
:10CE40005810092362F3061187F858101FE740F2C3
:10CE5000A723134A174914480DF080FA002383F3DF
:10CE60001188BFF36F8F284602DFFFE600213846A6
:10CE700003F03CFB94F822300BB187F8383194F87A
:10CE8000203094F82120DB0963F3000284F821208C
:10CE900097F8582002F00702D1E7012219E700BFF6
:10CEA00078D60101E4D6010188CD010164CE0101EB
:10CEB00038CC0101FCD601012DE9F041CF690C46C7
:10CEC0000546002F37D00026637B6761172B07F1DB
:10CED0000408E66118D0182B1ED040F2C933214A4D
:10CEE000214922480DF03AFA86F31188BFF36F8F7B
:10CEF0000323184602DF2846394600F04BFB28463C
:10CF0000BDE8F04103F014BB4146284602F0F8F8B2
:10CF100041F603036381EEE721462846FFF7ACFCA8
:10CF2000E38CC3B9A3844146204602F009F94FF6C9
:10CF300005736381DFE74FF469730A4A0C490B48B4
:10CF40000DF00CFA87F31188BFF36F8F0323184697
:10CF500002DFE769B7E7FEF78DFE2B8D063303444A
:10CF60009BB2DFE778D6010164CE010188CD0101D3
:10CF700014D7010138B505460C4603F0C9FA10B1C3
:10CF80000223A37238BD2146284600F0E5FA0028A6
:10CF9000F6D0284603F0B0FA0728F1D028460D2134
:10CFA00003F0A8FA172321466373284600F0DCFA41
:10CFB0000346E36121462846BDE83840FFF77CBFC1
:10CFC00038B505460C4603F0A3FA10B10423A3724A
:10CFD00038BD2146284600F0BFFA0028F6D0284682
:10CFE00003F08AFA0728F1D02846FEF765FE0028EC
:10CFF000ECD028460D2103F07DFA182321466373F7
:10D00000284600F0B1FA0346E36121462846BDE810
:10D010003840FFF751BF00BFF8B50C46897A064685
:10D020001546092900F2AE80DFE801F0696E0905B6
:10D030000D0514AC375A022D00F09F80F8BD002D6D
:10D0400000F09580F8BD002DF8D12146BDE8F840EC
:10D05000FFF7B6BF032DF1D11946204602F066F85E
:10D0600021463046FFF70CFB0546204600F0B6FA95
:10D07000002D00F0A38094F822300921282B08BF4E
:10D0800086F8383196F858301A46C3F3020363F332
:10D09000061286F85820A172F8BD002DCED1A78CBB
:10D0A000FEF7E8FDC01B0304C8D494F8272094F8C9
:10D0B0002610304684F82250FFF7F6FC94F8213011
:10D0C000092160F3000384F8213096F858301A469D
:10D0D000C3F3020363F3061286F85820A172F8BD69
:10D0E000042DABD12146FFF7FBFA304603F0F4FBE9
:10D0F0000021304603F0FEF90023A372F8BD002D95
:10D100009CD10123A372F8BD1946204601F0EAFF25
:10D1100094F8202096F87C31C2F3C200C3F3C20118
:10D120000140C3F30203C2F30200034043EAC10318
:10D1300022F03F02134384F8203096F93730002B59
:10D140000ADB94F8203013F0380F2BD194F82030FC
:10D1500023F03F0384F820300221304600F01EFA0D
:10D16000012D7FF46BAF96F83730DB091DD02146D7
:10D170003046BDE8F840FFF7FDBE2146BDE8F84067
:10D18000FFF704BB40F20A530F4A104910480DF054
:10D19000E5F8002383F31188BFF36F8F032318464C
:10D1A00002DFF8BD5A07D7D1D0E7204600F016FAC3
:10D1B00021463046BDE8F840FFF702BF304603F095
:10D1C000BDF90823A372F8BD78D6010164CE010130
:10D1D00088CD010192F81FC002F11C03ACF10702D7
:10D1E000112A0AD8DFE802F020090909090909090A
:10D1F00009091D09090909091A17242300B580F82E
:10D20000383183B0019101F09FFC002301998B72AA
:10D2100003B05DF804FB0222FFF78ABC0122FFF78E
:10D2200087BC0522FFF784BC0622FFF781BC00BF44
:10D2300013460022FFF77CBC13460322FFF778BC9D
:10D2400000230422FFF774BC10B592F81FE002F12E
:10D250001C03BEF1160F0BD0BEF1180F0DD0242306
:10D2600080F838310C4603F037FB0023A37210BD61
:10D270000122BDE81040FFF7CFBE0322BDE81040F9
:10D28000FFF7CABE13460022FFF7C6BE13460222AE
:10D29000FFF7C2BE00230422FFF7BEBE00230370C7
:10D2A00043608360C3600361704700BF037801334C
:10D2B0000370704703785BB9C3687BB102691AB128
:10D2C000816861B10B6082600023C36003617047B5
:10D2D000013BDBB20370002BEED070477047436018
:10D2E000F1E700BF03783BB100230C300B604368CB
:10D2F00043B1196041607047002304300B604368FC
:10D30000002BF6D101604160704700BF00230B6025
:10D31000836813B119608160704741608160704714
:10D32000406870470346406828B19968026888429F
:10D330005A6008BF9A6070474078A0F10C00B0FABC
:10D3400080F04009704700BF4078A0F10800B0FAB3
:10D3500080F04009704700BF4078A0F10200B0FAA9
:10D3600080F04009704700BF4078A0F11700B0FA84
:10D3700080F04009704700BF4078A0F10D00B0FA7E
:10D3800080F04009704700BF4078A0F10100B0FA7A
:10D3900080F04009704700BF4078A0F10900B0FA62
:10D3A00080F04009704700BF4078A0F10600B0FA55
:10D3B00080F04009704700BF4078A0F11800B0FA33
:10D3C00080F04009704700BF4078A0F10300B0FA38
:10D3D00080F04009704700BF4078A0F10500B0FA26
:10D3E00080F04009704700BFF8B5064608460D4674
:10D3F000F7F774FB044680B10027456006722C22C3
:10D40000394620306761A7610FF0FEF94FF47F4382
:10D41000FF22A77363816272A3812046F8BD00BF1B
:10D420004078A0F10200B0FA80F04009704700BFD8
:10D430004078A0F10100B0FA80F04009704700BFC9
:10D440004078A0F10200B0FA80F04009704700BFB8
:10D450004078A0F10900B0FA80F04009704700BFA1
:10D460004078A0F10100B0FA80F04009704700BF99
:10D470004078A0F10100B0FA80F04009704700BF89
:10D480004078A0F10200B0FA80F04009704700BF78
:10D490004078A0F10900B0FA80F04009704700BF61
:10D4A0004078A0F11800B0FA80F04009704700BF42
:10D4B0004078A0F10100B0FA80F04009704700BF49
:10D4C0004078A0F10100B0FA80F04009704700BF39
:10D4D0004078A0F10900B0FA80F04009704700BF21
:10D4E0004078A0F10300B0FA80F04009704700BF17
:10D4F0004078A0F10300B0FA80F04009704700BF07
:10D500004078A0F10300B0FA80F04009704700BFF6
:10D5100038B5456804462DB129462046BDE8384057
:10D52000F7F7F0BA7023094A09490A480CF016FFC8
:10D5300085F31188BFF36F8F0323184602DF6568F8
:10D5400020462946BDE83840F7F7DCBA28D7010164
:10D5500068D7010188CD0101024B1868003818BF57
:10D56000012070477C01002110B50448F7F7B6FA96
:10D5700004460430FEF76CFB204610BD7C01002100
:10D5800008B50120FAF7CCF8003818BF012008BD13
:10D59000FAF7E2B8B830FFF7B9BE00BF38B590F877
:10D5A0002E3105460C461BB11C4385F82E4138BD73
:10D5B000B830FFF77BFE95F82E311C4385F82E41DD
:10D5C00038BD00BF90F82E3123EA010180F82E11FA
:10D5D00001B17047B830FFF76DBE00BF38B585693F
:10D5E000044645B12B792D2B04D02D232B71A36933
:10D5F00022691A6038BD4FF49673074A07490848F4
:10D600000CF0ACFE85F31188BFF36F8F032318462F
:10D6100002DFA569E6E700BF28D7010174D7010141
:10D6200088CD010138B5856904465DB12B792D2B74
:10D6300000D038BD01232B71A169BDE838400868CE
:10D64000FAF75AB84FF49D73064A074907480CF099
:10D6500085FE85F31188BFF36F8F0323184602DF21
:10D66000A569E3E728D7010174D7010188CD01013D
:10D670008B6913B11A792D2A08D0CB692BB1D0F858
:10D6800034211A60CB69C0F83431704701221B681D
:10D69000D0F830C1C3F804C08B691A718B69C0F827
:10D6A0003031EAE7F8B50D4F05463846F7F716FA78
:10D6B000044680B10026476005722C223146203096
:10D6C0006661A6610FF0A0F84FF47F43FF22A673B6
:10D6D00063816272A3812046F8BD00BF6C01002106
:10D6E00010B50A4B102258685021F7F7D3F9084BB0
:10D6F000102258685021F7F7CDF9BDE81040054BCE
:10D7000040222C215868F7F7C5B900BF74010021E9
:10D710006C0100217C01002138B50446002501F090
:10D72000D3F92046C4E9345584F8DC5003F0C8F836
:10D73000C4F80051C4E9385584F8EE50A4F8EC5010
:10D74000A4F8F050C4F80351A4F82051C4F80851CB
:10D75000C4F80C51C4F81051C4F81451C4F818514D
:10D76000C4F81C51F9F77EF894F87230C4E94C55AE
:10D77000C4E9460123F0180384F82E5184F872306E
:10D78000258638BD08460149F7F7BCB97C01002160
:10D7900038B51446B0F8DA20034622B191420ED2D1
:10D7A000521AA0F8DA20B3F8EA2022B191420DD241
:10D7B000521AA3F8EA2000231846237038BD01F05E
:10D7C0002DF8054658B12B7A0A2B03D022236FF08F
:10D7D0007300F2E76FF0730095F82030EDE740F248
:10D7E0000223064A064907480CF0B8FD85F3118864
:10D7F000BFF36F8F0323184602DFE4E728D7010148
:10D8000088D7010188CD0101034B0B44B3FBF1F331
:10D81000A0F8F030704700BFFF59620210B504460F
:10D8200003F056F82046BDE8104001F055B900BF9E
:10D8300010B5044611B1012907D010BD03F050F80E
:10D840002046BDE8104001F0A9B903F04DF820468C
:10D85000BDE8104001F0C6B970B5D0F830410646B9
:10D8600034B1206821464468F9F73AFF002CF8D11A
:10D870000023D6F83441C6F830313CB1054D20467E
:10D8800024682946F7F73EF9002CF8D10023C6F8A2
:10D89000343170BD7C01002190F93730002B14DA4F
:10D8A00070B504460E46032009491546FFF79CFD56
:10D8B000014640B1204681F8206081F8215000F0F7
:10D8C00079FF002070BD0C2070BD0C20704700BF98
:10D8D0007401002110B5074904460120FFF784FDBB
:10D8E00028B10146204600F065FF002010BD0C2045
:10D8F00010BD00BF7401002138B504460D4602205A
:10D900000849FFF771FD58B1014690F820302046D4
:10D9100065F3000381F8203000F04CFF002038BD93
:10D920000C2038BD7401002110B5074904460420BD
:10D93000FFF75AFD28B10146204600F03BFF0020CA
:10D9400010BD0C2010BD00BF74010021F8B51C46AD
:10D9500090F93730002B25DB05460F46052012498C
:10D960001646FFF741FD0146E0B13A687B68C1F811
:10D970002120C1F825303378284681F82930737882
:10D9800081F82A3026686568A268E368C1F82B60D0
:10D99000C1F82F50C1F83320C1F8373000F00AFF2A
:10D9A0000020F8BD0C20F8BD74010021F8B51C461C
:10D9B00090F93730002B25DB05460F46062012492B
:10D9C0001646FFF711FD0146E0B13A687B68C1F8E1
:10D9D0002120C1F825303378284681F82930737822
:10D9E00081F82A3026686568A268E368C1F82B6070
:10D9F000C1F82F50C1F83320C1F8373000F0DAFEFB
:10DA00000020F8BD0C20F8BD740100212DE9F04183
:10DA1000054688460720104917461C469DF81860A1
:10DA2000FFF7E2FCA8B10146E30008F0070803F0A5
:10DA30003803BF0143EA080307F040073B4343EACA
:10DA4000C613284681F8203000F0B4FE0020BDE85F
:10DA5000F0810C20BDE8F0817401002138B5044646
:10DA60000D4601F017F9204602F098FF0A200749F9
:10DA7000FFF7BAFC38B10146204681F8205000F08B
:10DA800099FE002038BD0C2038BD00BF7401002174
:10DA900038B590F93730002B12DB04460D460B20C9
:10DAA0000849FFF7A1FC014650B12B68C0F82230AD
:10DAB0002B79204681F8263000F07CFE002038BD0E
:10DAC0000C2038BD7401002108B590F93730002BC7
:10DAD00008DB00F0A3FE20B1037A0B2B14BF00205B
:10DAE000223008BD02F010FDF5E700BF70B5064614
:10DAF0000D4602F009FD20B1037A0446053B012BD7
:10DB000001D90C2070BD01463046FEF7ADFD00285E
:10DB1000F7D06968D5F800C0AA68EB683046C4F849
:10DB20002F10C4F82BC02146C4F83320C4F8373076
:10DB3000FEF792FD002070BD38B5054602F0E4FC0A
:10DB400020B1037A0446053B012B01D90C2038BDD6
:10DB500001462846FEF788FD0028F7D028462146D2
:10DB6000FEF77EFD002038BD2DE9F0470546D0F8D0
:10DB700018019A4683070F461646BDF82090DDF837
:10DB8000248038D495F93730002B56DB08203249F1
:10DB9000FFF72AFC0446002C5CD0237A082B30D0F7
:10DBA000092B3AD1E7842685A4F82AA0A4F82C9062
:10DBB000B8F1000F44D0B8F800302387B8F802302D
:10DBC0006387B8F80430A387B8F80630E387B8F85D
:10DBD0000830A4F84030B8F80A30A4F8423095F97B
:10DBE0003730002B12DA2846FDF786F90146284621
:10DBF00002F09EFF0AE009201749FFF7F5FB0446F3
:10DC0000C9E72685A4F82AA0A4F82C902846214626
:10DC100000F0D0FD0020BDE8F08740F205430F4A38
:10DC20000F4910480CF09AFB002383F31188BFF3CF
:10DC30006F8F0323184602DFE8E71A20BDE8F0875C
:10DC40004FF0FF3208494FF6FF73C4E90E12A4F8F3
:10DC50004020C2E70C20DEE77401002128D7010133
:10DC600064CE010188CD01010000FFFF10B504461C
:10DC700002F04AFC10B1037A092B00D010BD014616
:10DC80002046BDE8104002F0E3B900BF38B50546B4
:10DC90000C4602F039FC18B1027A0146092A00D07C
:10DCA00038BD81F820402846BDE8384002F0D4B99C
:10DCB00008B502F029FC28B1007AA0F10900B0FAF9
:10DCC00080F0400908BD00BF38B505460C4600F09D
:10DCD000A5FD10B14369A3420ED0284602F014FC02
:10DCE00010B14369A34200D038BD22460146284600
:10DCF000BDE8384002F0BEBD01462246284600F08D
:10DD0000ADFEEAE710B5044600F088FD18B1014603
:10DD1000204600F0C7FE204602F0F6FB014620B187
:10DD20002046BDE8104002F0B9BD10BD2DE9F0411C
:10DD3000537F144606460D46002B3FD0D37F1E2B43
:10DD400029D9304600F06AFD0746304602F0DCFB78
:10DD50000146002F5ED0FA7AE37F002848D0934234
:10DD6000C07A51D03A7B002A5DD098424ED00A7BCF
:10DD7000002A4BD1072B6DD0112B04D14A7B94F88C
:10DD800020309A4242D023462A4639463046BDE8E2
:10DD9000F04100F00FBE444A52F8232022B104F1B2
:10DDA0001C00904760B1E37F022BCAD101232246B9
:10DDB00029463046BDE8F04102F09ABDFF23D377F3
:10DDC000304600F02BFD28B1E27FC37A9A420DD095
:10DDD000037B5BB9304602F097FB002850D0E27F0E
:10DDE000C37A9A4202D0037B002BE0D0BDE8F081D9
:10DDF0009342C8D03A7B002AC5D1072B4DD0112BB6
:10DE00004BD00D2BBFD0D1E798421CD11F2386F8F1
:10DE10003831EBE70028C9D023462A463046BDE812
:10DE2000F04102F0A3BC072B2CD0112B18D0B3F17A
:10DE30000D0218BF012298421FD00B7BEBB9002ABC
:10DE4000A1D02423E3E70A7B002ADFD1072B95D05A
:10DE5000112B98D14B7B94F820209A42D6D092E790
:10DE60007A7B94F82030D21A18BF0122112804D0EE
:10DE7000087B10B9487B9842E1D1002ACCD1C5E794
:10DE8000034694E77A7B94F82030D21A18BF012217
:10DE90000728EDD1002ABFD1B8E77A7B94F820306B
:10DEA0009A4283D16FE700BF8CD7010170B5054658
:10DEB0000E46FFF759FB044600285BD0337A211D3C
:10DEC000013B092B06D8DFE803F021272D34050597
:10DED0000505053ADD232E4A2E492F480CF03EFA5F
:10DEE000002383F31188BFF36F8F0323184602DFEB
:10DEF000E379214673732846FFF74CFB337A0A2BEC
:10DF000024D02846BDE8704000F046BD084600F029
:10DF1000DFFE1323F372EBE7284600F00DFF092321
:10DF2000F372E5E7304600F0C5FFFF237461F3723A
:10DF3000DEE7084600F0E8FF0C23F372D8E730462E
:10DF400000F0D2FFFF237461F372D1E740F2E244A4
:10DF500042F21072EB8CB5F8741104FB03F302FB70
:10DF600001310139B1FBF3F12846BDE8704089B2B7
:10DF700000F018BDA223064A084907480CF0EEF944
:10DF800084F31188BFF36F8F0323184602DF95E7F0
:10DF900008D8010164CE010188CD010114D6010128
:10DFA000F8B506460C4602F0B3FA20B1032300256B
:10DFB000A3722846F8BD21463046FFF7CDFA054644
:10DFC0000028F3D021463046FFF7CEFA0746002856
:10DFD00039D0237A381D022B2ED0042B22D0012BCE
:10DFE00025D040F25E431F4A1F4920480CF0B6F985
:10DFF000002383F31188BFF36F8F0323184602DFDA
:10E00000FB79394663733046FFF7C4FA304602F0B5
:10E010008FFA04233046A37202F05EFC0023A37241
:10E020002846F8BD00F070FFFF23E372E8E700F038
:10E0300059FEFF23E372E3E70146304600F0A2FEFB
:10E04000FF23E372DCE74FF48363064A084907487D
:10E050000CF084F987F31188BFF36F8F0323184600
:10E0600002DFB6E708D8010164CE010188CD0101C5
:10E0700014D6010138B50B7A0C46013B0546092B35
:10E0800010D8DFE803F00505091F0F0F0F0F0F2B46
:10E09000BDE83840FFF784BF284602F01DFC00238E
:10E0A000A37238BD40F20E53144A154915480CF0BE
:10E0B00055F9002383F31188BFF36F8F03231846AC
:10E0C00002DF38BD90F80031002BE5D1FFF768FF83
:10E0D0000028E6D0012385F8003138BD90F93730AB
:10E0E000002B02DB02238B7238BD02F0F5FB00220D
:10E0F00094F82030A27285F8383138BD08D8010173
:10E1000064CE010188CD010170B515468A7A0C46AE
:10E110000646042A00F29180DFE802F00E0313069F
:10E120000500022D2BD070BD002DFCD121463046BC
:10E13000BDE87040FFF79EBF002DF4D10123A3720C
:10E1400070BD002DEFD1237A0A2B09D1304602F0A1
:10E15000C3FB002294F82030A27286F8383170BDDB
:10E1600040F224533D4A3E493E480CF0F7F885F30F
:10E170001188BFF36F8F0323184602DFE6E7D978D3
:10E180008A1E6172172A33D801A151F822F000BF0C
:10E1900019E20001F1E10001F1E10001F1E100010A
:10E1A000F1E10001F1E1000111E20001F1E1000102
:10E1B000F1E10001F1E1000133E20001F1E10001D0
:10E1C00011E20001F1E10001F1E10001F1E10001E2
:10E1D0002DE10001F1E10001F1E10001F1E10001B7
:10E1E000F1E10001F1E10001F1E100012BE20001A8
:10E1F00040F20D43194A1C491A480CF0AFF80023AD
:10E2000083F31188BFF36F8F0323184602DF8DE776
:10E21000194600F0F7FD89E71946204600F070FE28
:10E2200008213046FFF7BAF980E7194600F054FE9E
:10E230007CE7194600F090FE78E740F28A53074ADF
:10E24000094908480CF08AF8002383F31188BFF3CA
:10E250006F8F0323184602DF70BD00BF08D801018D
:10E2600050D8010188CD010164CE01012DE9F041B2
:10E270000026D1F818800C4605468E61B8F1000FD3
:10E2800037D00126032788F80470AB8C08F11C01F5
:10E29000A8F80630237A022B18D0042B13D1637A06
:10E2A0000C2B3CD040F20F13214A224922480CF09B
:10E2B00055F8002383F31188BFF36F8F384602DFD0
:10E2C00066B1BDE8F08140F2AB13EDE7637A072B4E
:10E2D00029D0092B09D04FF48173E5E74146D8F8DE
:10E2E0000000BDE8F041F9F707BA284600F06CFDE0
:10E2F000E6E7FFF74DF980460028C3D14FF4C67317
:10E300000B4A0E490C480CF029F888F31188BFF32A
:10E310006F8F0323184602DF88F80480FFDE28464B
:10E3200000F004FECCE7204600F0F8FCC8E700BF90
:10E3300008D8010164CE010188CD010174D6010124
:10E3400038B50B7A0C46013B0546092B16D8DFE899
:10E3500003F025330F0515151515153D4B7A0C2BBC
:10E3600021D18B69002B39D021462846FFF77EFF4B
:10E37000284600F0E9FB0023A37238BD4FF4137365
:10E380001B4A1C491C480BF0E9FF002383F311884A
:10E39000BFF36F8F0323184602DF38BD4B7A072B7C
:10E3A000E6D0132BE4D02423284685F8383100F03A
:10E3B000CBFB0023A37238BD4B7A072B01D0092B6E
:10E3C000F1D194F82030DB07D2D5CDE700F0BCFBCB
:10E3D00000221623A27285F8383138BDFFF7D0F835
:10E3E0000028C1D1284600F0D7FA0423A37238BD13
:10E3F00008D8010164CE010188CD010170B50E7A03
:10E400000C46731E0546092B06D8DFE803F0151CE1
:10E410005A3005050505054C40F2CF233F4A4049D7
:10E4200040480BF09BFF002383F31188BFF36F8FED
:10E430000323184602DF70BD00F09EFA00285CD06E
:10E440000123A37270BD00F097FA0028F8D121468D
:10E450002846FFF781F80028F2D021462846FFF72A
:10E4600025FD6369002B08BF0326A67270BD90F8D6
:10E470000031002B39D100F07FFA0028E0D121468D
:10E480002846FFF769F80028DAD021462846FFF72A
:10E490000DFD62690123002A0CBF03220222A27231
:10E4A00085F8003170BDFFF757F80028C8D0214625
:10E4B0002846FFF7FBFC1622022384F82020A372D3
:10E4C00070BD00F059FA0028BAD121462846FFF75E
:10E4D00043F80028B4D021462846FFF7E7FC6369DB
:10E4E000002B18BF0226A67270BD0C2200234A72B0
:10E4F0008B61BDE87040FFF723BF21462846FFF738
:10E500002BF800289CD021462846FFF7CFFC6369F2
:10E51000002B0CBF03230223A37270BD08D8010196
:10E5200064CE010188CD010170B50C46897A06469A
:10E530001546042900F29C80DFE801F003031B2844
:10E540000600002D5CD070BD002DFCD1237A042B79
:10E5500000F080804FF45F734D4A4E494E480BF0F7
:10E56000FDFE85F31188BFF36F8F0323184602DF8A
:10E5700070BD052DE7D1237A032B01D00A2BE2D100
:10E5800021463046BDE87040FFF7DABE012DDAD1F2
:10E59000D9788A1E6172172A37D801A151F822F062
:10E5A0004FE600010BE600010BE600010BE600015F
:10E5B0000BE6000145E600010BE600013DE6000127
:10E5C0000BE600010BE6000135E6000181E50001E4
:10E5D0000BE600010BE600010BE600012BE6000153
:10E5E0000BE6000181E500010BE600010BE60001EE
:10E5F0000BE600010BE600010BE6000181E50001DE
:10E600002146BDE87040FFF7F9BE40F24F33204A83
:10E61000204921480BF0A2FE002383F31188BFF3A9
:10E620006F8F0323184602DFAAE71946204600F041
:10E630003BFDA5E7194600F08FFCA1E7194600F065
:10E640000FFC9DE71946204600F064FB98E740F276
:10E650003633DCE7FEF794FF00283FF474AF214621
:10E660003046FFF703FE304600F06EFAA57270BD2B
:10E6700040F29A33064A074907480BF06FFE002321
:10E6800083F31188BFF36F8F0323184602DF70BD39
:10E6900008D8010164CE010188CD0101134605228D
:10E6A0000433FFF741BF00BF134601221C33FFF7BD
:10E6B0003BBF00BF13460022FFF736BF13460222BE
:10E6C0001C33FFF721BD00BF13460022FFF71CBD1E
:10E6D00070B5044607F004FB68B1D4F8D05045B1DA
:10E6E000D4F8D4202B689542C4F8D03008BFC4F8C1
:10E6F000D430284670BD05460121032007F08EFA6C
:10E700002A46064601210320F6F786FAD4F8D050AF
:10E7100045B1D4F8D4202B689542C4F8D03008BF56
:10E72000C4F8D430002EE4D0012203201146F6F7BD
:10E7300073FA284670BD00BF70B5044607F0D0FAE2
:10E7400040B1D4F8D050DDB100220123A4F8DA2082
:10E75000AB7370BD05460121032007F05FFA064642
:10E760002A4601210320F6F757FAD4F8D050002E9C
:10E77000E9D0012203201146F6F74EFA002DE3D12D
:10E780004FF4F573084A094909480BF0E7FD85F392
:10E790001188BFF36F8F0323184602DF0022012385
:10E7A000A4F8DA20AB7370BD6CD80101B4D80101B4
:10E7B00088CD0101F8B505460C4607F091FA40B145
:10E7C00000232360D5F8D430F3B11C60C5F8D440E1
:10E7D000F8BD06460121032007F020FA324607461D
:10E7E00001210320F6F718FA2660D5F8D43083B15A
:10E7F0001C60C5F8D440002FEAD0BDE8F8400122E3
:10E8000003201146F6F708BAC5F8D040C5F8D44041
:10E81000F8BDC5F8D040C5F8D440ECE770B5054662
:10E8200007F05EFA18B1D5F8D040204670BD044616
:10E830000121032007F0F2F90646224601210320B8
:10E84000F6F7EAF9D5F8D040002EEED001220320E9
:10E850001146F6F7E1F9204670BD00BF38B50C4609
:10E860000546FFF7DBFF84420DD05223174A1849B3
:10E8700018480BF073FD002383F31188BFF36F8FEB
:10E880000323184602DFA36913B11B792D2B07D090
:10E890002846FFF71DFF2046BDE83840FEF738BE8A
:10E8A00057230A4A0C490B480BF058FD002383F309
:10E8B0001188BFF36F8F0323184602DF2846FFF746
:10E8C00007FF2046BDE83840FEF722BE6CD80101A4
:10E8D000C8D8010188CD0101DCD8010138B5054651
:10E8E000FFF79CFF037A0446013B0A2B2DD8DFE893
:10E8F00003F0060606061A1A20141406260001461E
:10E9000000222846FFF7D6FEA37B03B938BD214677
:10E910002846BDE83840FFF7A1BF0146002228463F
:10E9200001F068FBF0E7014600222846FDF770FE83
:10E93000EAE7014600222846FEF77AFCE4E70146B2
:10E940000022284601F096FBDEE74FF4EF73074AFA
:10E95000074908480BF002FD002383F31188BFF339
:10E960006F8F0323184602DFCEE700BF6CD801018A
:10E9700064CE010188CD010190F8DC00A0F1010016
:10E98000B0FA80F040097047012380F8DC3070470E
:10E99000002380F8DC307047B0F8F030A0F8DA30AF
:10E9A000704700BFA0F8DA10704700BF0023A0F83E
:10E9B000DA30704738B50C4611461A46A369054649
:10E9C000FBB1217A01390A2932D8DFE801F00606C5
:10E9D00006062222271D1D062C0021462846FFF789
:10E9E00063FEA36923B11B792D2B1CBF0023A361F8
:10E9F000A37B03B938BD21462846BDE83840FFF760
:10EA00002DBFA2612161DCE72146284601F0A8FA6A
:10EA1000E7E721462846FDF7D7FDE2E721462846ED
:10EA2000FEF7D8FBDDE72146284601F019FBD8E7C1
:10EA300040F24913064A074907480BF08FFC0023B0
:10EA400083F31188BFF36F8F0323184602DFC8E7F3
:10EA50006CD8010164CE010188CD010138B50B7A73
:10EA60000C46072B054619D00A2B944606D0032BDB
:10EA700004D00022A37B626153B938BD62462146AF
:10EA80002846FFF70BFE0022A37B6261002BF4D027
:10EA900021462846BDE83840FFF7E0BEFEF7CCFB34
:10EAA000E7E700BF38B50B7A0C46072B054608D0C0
:10EAB000A37B03B938BD21462846BDE83840FFF79F
:10EAC000CDBEFEF7BDFBF3E70222002380F8D8207D
:10EAD000A0F8DA30704700BF38B590F8D830044657
:10EAE000032B1AD8DFE803F002100F10FFF796FE91
:10EAF00048B1057A2046FFF7F1FE0A2D14BF012325
:10EB0000032384F8D83038BDFFF788FE0028FAD0F8
:10EB10002046BDE83840FFF7E1BE4FF41B73074ABB
:10EB2000074908480BF01AFC002383F31188BFF350
:10EB30006F8F0323184602DF38BD00BF6CD8010178
:10EB400064CE010188CD010110B590F8D83004469B
:10EB5000032B0DD8DFE803F008020702FFF7ECFDF6
:10EB6000002384F8D83010BDBDE81040FFF7E4BDA5
:10EB70004FF41B73064A074907480BF0EFFB0023CD
:10EB800083F31188BFF36F8F0323184602DF10BD94
:10EB90006CD8010164CE010188CD010108B590F85F
:10EBA000D830022B13D000D808BD032BFCD04FF473
:10EBB0001B73094A09490A480BF0D0FB002383F371
:10EBC0001188BFF36F8F0323184602DF08BD0023AF
:10EBD00080F8D83008BD00BF6CD8010164CE0101B7
:10EBE00088CD010138B590F8D8300446032B3AD8C7
:10EBF000DFE803F00926121320462946FEF738FD08
:10EC00002846FEF785FC2046FFF762FD05460028F2
:10EC1000F2D1022384F8D83038BDFFF759FD0546FC
:10EC20000028F6D029462046FEF722FD2846FEF7AA
:10EC30006FFC2046FFF74CFD05460028F2D1E8E7BF
:10EC4000FFF746FD05460028E3D029462046FEF79B
:10EC50000FFD2846FEF75CFC2046FFF739FD054610
:10EC60000028F2D1D5E74FF41B73074A074908483B
:10EC70000BF074FB002383F31188BFF36F8F032322
:10EC8000184602DF38BD00BF6CD8010164CE010117
:10EC900088CD010138B50546FFF71AFD68B1044675
:10ECA00021462846FEF7E4FC2046FEF731FC2846C4
:10ECB000FFF70EFD04460028F2D100242846214625
:10ECC000A5F8DA4001F012FC85F8D84038BD00BF45
:10ECD000012112220378417043F003030370C270D4
:10ECE000704700BF012113220378417043F00303F2
:10ECF0000370C270704700BF4FF0020C07220B7800
:10ED000081F801C043F003030B70CA7090F84C30D7
:10ED10000B7170470B7980F84C3070474FF0020C44
:10ED200007220B7881F801C043F003030B70CA700F
:10ED300090F84C300B71704709224FF0080C10B559
:10ED40000B7881F803C043F003034A700B7090F90D
:10ED500037300C46002BACBF63460E23CB70F7F761
:10ED600081FD0022606061F30702C1F307200B0CF4
:10ED700060F30F2263F317421B0A63F31F62A26062
:10ED800010BD00BF38B50C460546F7F76BFD0922EC
:10ED90002378627043F00303E2702370D5F81831D2
:10EDA000217263F0FF031840030C1A0AA3710B0CC5
:10EDB000C0F307252071E271C1F307201A0A6571BB
:10EDC0006072A372E27238BD09220B784A7043F078
:10EDD00003030B70CA70D0E94423100CC2F3072C54
:10EDE0000A711A0C81F805C088714FEA102C0B7259
:10EDF000C3F30720130A81F807C048728A72CB72E6
:10EE0000704700BF00222DE9F04105464868134EC7
:10EE1000430F83EA107303F001038F68D91852413E
:10EE20000640C91842F1000486EA0178F7F71AFD96
:10EE3000012207F0EF0747EA047408EA00000C40DB
:10EE400060F0FF03C5E946043340C5F81471C5F806
:10EE5000103185F80821BDE8F08100BF2FCF87F77A
:10EE600000222DE9F04105464868114F430F83EA1F
:10EE7000107303F001038E68D91807EA00075241A6
:10EE8000C91842F1000487EA0178F7F7EBFC012387
:10EE900006F0EF0646EA047408EA00000C40C5E9F3
:10EEA0004476C5E9460485F80831BDE8F08100BF25
:10EEB0002FCF87F74FF0030C19220B7881F801C090
:10EEC00043EA0C030B70CA7090F820300B7190F875
:10EED00021304B71704700BF0B7980F820314B799E
:10EEE00080F82131704700BF02220B784A7043F04E
:10EEF00003030B70CA7090F820300B71704700BF8D
:10EF00000B7980F8203070474FF0060C40F60C511A
:10EF10000378054A43F0030380F801C00370A0F8AA
:10EF20000310C0F805207047F105FFFF4FF0060CF5
:10EF30000C220B7881F801C043F003030B70CA70F8
:10EF400090F802310B71B0F80331A1F80530B0F838
:10EF50000531A1F807307047012380F801310B79A2
:10EF600080F80231B1F80530A0F80331B1F807306C
:10EF7000A0F80531704700BF032210B517240B78A5
:10EF80004C7013430B70CA70D0F82530D0F8212094
:10EF90008B604A6090F8293001F10E040B7390F8F1
:10EFA0002A304B7306F09CFE0C2120B12046BDE8B0
:10EFB000104003F0E1BC2046BDE8104003F0D2BC95
:10EFC00003224FF0170C0B7881F801C013430B702C
:10EFD000CA70D0F82530D0F821208B604A6090F8B4
:10EFE00029300B7390F82A304B7370470D2104229F
:10EFF00010B50378417043F003030370C2708418A6
:10F0000006F06EFE0C2120B12046BDE8104003F052
:10F01000B3BC2046BDE8104003F0A4BC012105228A
:10F020000378417043F003030370C270704700BF60
:10F03000012106220378417043F003030370C2707C
:10F04000704700BF01210A220378417043F0030397
:10F050000370C270704700BF01210B22037841701A
:10F0600043F003030370C270704700BF4FF0020CFF
:10F070000D22037880F801C043F003030370C270CF
:10F080000171704700B54FF0030E4FF0110C03787B
:10F0900080F801E043EA0E03037080F803C00171B9
:10F0A00042715DF804FB00BF0B7980F84D304B795D
:10F0B00080F84E30704700BF4FF0030C16220B78DB
:10F0C00081F801C043EA0C030B70CA7090F820303D
:10F0D000C3F3C2034B7190F82030C3F302030B71EA
:10F0E000704700BF0A7990F8203062F3C5031A46D2
:10F0F00080F820304B7963F3020280F820207047BB
:10F100004FF0030C17220B7881F801C043EA0C037F
:10F110000B70CA7090F87C31C3F3C2034B7190F846
:10F120007C31C3F302030B71704700BFCB8883842B
:10F130000B7980F826304B7980F82730704700BF74
:10F140004FF0050C18220B7881F801C043F003033F
:10F150000B70CA70838CCB8090F826300B7190F8BE
:10F1600027304B71704700BF0A7990F8203062F366
:10F17000C5031A4680F820304B7963F3020280F809
:10F18000202070474FF0180C0F220B7881F801C037
:10F1900043F003030B70CA70C38C8B80038DCB804C
:10F1A000438D0B81838D4B8190F834300B73C38E6C
:10F1B000A1F80D30038FA1F80F30438FA1F8113063
:10F1C000838FA1F81330C38FA1F81530B0F8403009
:10F1D000A1F81730B0F84230A1F81930704700BFDD
:10F1E0004FF0180C10220B7881F801C043F0030394
:10F1F0000B70CA70C38C8B80038DCB80438D0B81C9
:10F20000838D4B8190F834300B73C38EA1F80D3091
:10F21000038FA1F80F30438FA1F81130838FA1F82D
:10F220001330C38FA1F81530B0F84030A1F8173073
:10F23000B0F84230A1F81930704700BF8B88C38402
:10F24000CB8803850B8943854B8983850B7B80F8AD
:10F250003430B1F80D30C386B1F80F300387B1F800
:10F2600011304387B1F813308387B1F81530C38765
:10F27000B1F81730A0F84030B1F81930A0F842309A
:10F28000704700BF8B88C384CB8803850B89438577
:10F290004B8983850B7B80F83430B1F80D30C38601
:10F2A000B1F80F300387B1F811304387B1F813304C
:10F2B0008387B1F81530C387B1F81730A0F8403014
:10F2C000B1F81930A0F84230704700BF4FF0000C81
:10F2D00000B54FF00C0E0B7881F801E043F003030A
:10F2E0000B7081F803C090F823300B4A0B71036B4D
:10F2F000A2FB03239B0AA1F80530438DA1F8093036
:10F30000038DA1F80730838DA1F80B30838CA1F811
:10F310000D305DF804FB00BF5917B7D140F2E2424F
:10F320000B7980F82330B1F8053002FB03F3036357
:10F33000B1F809304385B1F807300385B1F80B30D7
:10F340008385B1F80D308384704700BF4FF0080CFF
:10F3500001220B7881F801C043F003030B70CA70DF
:10F36000038CA1F80930D0F822304B6090F8263099
:10F370000B727047B1F8093003844B68C0F8223033
:10F380000B7A80F826307047F8B50023CE690C461A
:10F3900007461546CB61A6B30F2D06F104011BD01D
:10F3A000112D21D0E5B14FF4A373204A2049214803
:10F3B0000AF0D4FF002383F31188BFF36F8F032378
:10F3C000184602DFF379314663733846FEF7E2F8F8
:10F3D000237A092B10D0F8BD2046FFF7D3FEF1E7C2
:10F3E0002046FFF773FFEDE7084694F8202094F8D5
:10F3F0002110FFF747FEE5E73846BDE8F840FFF784
:10F40000CBBAFEF7B1F806460028C5D140F22F135B
:10F41000064A094907480AF0A1FF86F31188BFF39D
:10F420006F8F0323184602DFB6E700BF34D901010E
:10F4300064CE010188CD010114D60101002370B50D
:10F440008C690D4606468B6104B31923227923711A
:10F45000B38CE38095F82030237743B92B8D2D2A88
:10F46000E3836B8D2384AB8D638409D070BDF38CF3
:10F470002D2AE383338D2384B6F874316384F5D168
:10F4800021462068BDE87040F8F736B940F207130E
:10F49000064A074907480AF061FF84F31188BFF361
:10F4A0006F8F0323184602DFCFE700BF34D9010175
:10F4B00074D6010188CD0101F8B500238C690D4691
:10F4C00006468B6194B1032327792371B38C2846B8
:10F4D00004F11C01E380FFF755FE2D2F00D0F8BD8D
:10F4E00021462068BDE8F840F8F706B94FF4597393
:10F4F000064A074907480AF031FF84F31188BFF331
:10F500006F8F0323184602DFDDE700BF34D9010106
:10F5100074D6010188CD010130B5C38C0A8D4C8DA4
:10F5200093428D8D85B002D1038DA34214D0012367
:10F5300081F8223002950B6BCDE900240C7A91F80A
:10F540002320898C0391A4F10801B1FA81F14909C2
:10F55000F1F79AFD05B030BDB0F874315B1B18BFF0
:10F560000123E5E7F8B50023CD690C4607461646AA
:10F57000CB61002D3FD0291D112E0AD8DFE806F0FF
:10F580002E0909090909092A0909090909090909A5
:10F5900032224FF45273224A224923480AF0DEFEF7
:10F5A000002383F31188BFF36F8F0323184602DF14
:10F5B000EB79294663733846FDF7ECFF237A092B74
:10F5C00014D0F8BD084694F8202094F82110FFF7D5
:10F5D00059FDEDE72046FFF78FFBE9E72046FFF7EF
:10F5E00075FEE5E72046FFF7FBFDE1E73846BDE89D
:10F5F000F84000F09DBFFDF7B7FF05460028BAD1DF
:10F6000040F22E33064A094907480AF0A7FE85F35F
:10F610001188BFF36F8F0323184602DFABE700BFEB
:10F6200034D9010164CE010188CD010114D6010154
:10F630002DE9F0411B4E044633680D462BB1834241
:10F6400003D00123AB72BDE8F0812046FFF794F9A7
:10F650000028F6D1204600F051FF07460028F0D1DF
:10F6600029462046FDF778FF0028EAD02046FCF71F
:10F6700001FB80460121204600F038FF0F22294679
:10F68000204685F83470A5F836803460FFF77CFE9C
:10F6900094F83730DB090CBF41F2020304236B817D
:10F6A000D1E700BF44420021C38C052B03D9028D52
:10F6B000B2F5486F01D9002070479342FBD8438DC3
:10F6C000B3F5FA7FF7D200B540F6764EB0F82CC00D
:10F6D000ACF10A0189B2714502D900205DF804FB42
:10F6E00001339BB202FB03F3B3EB8C0FF5D290F81E
:10F6F000340090428CBF00200120EFE738B58B69C1
:10F700000C46054673B140F286331B4A1B491C4820
:10F710000AF024FE002383F31188BFF36F8F0323C5
:10F72000184602DFFDF734FF2D2100230122A061DE
:10F730000171236394F8343084F823204BB1228D77
:10F74000E18CB2FBF3F202FB03F39BB2994298BF48
:10F7500023852846FCF78EFA0346B5F828C0002218
:10F760000CF1060C6344A38428462146FFF7FAFEF9
:10F770004FF60B73638138BD34D9010180D9010183
:10F7800088CD010138B505460C4600F0C1FE10B128
:10F790000923A37238BD21462846FDF7DDFE002867
:10F7A000F6D021462846FDF7DFFEE061FDF7E8FED2
:10F7B00010B90C23A37238BD21462846BDE8384055
:10F7C000FFF79CBF38B505460C46FFF7D5F810B1DA
:10F7D0000323A37238BD21462846FDF7BDFE00284D
:10F7E000F6D021462846FDF7BFFEA369E06133B39A
:10F7F0002D2001220021187194F83430216384F8FF
:10F8000023204BB1228DE18CB2FBF3F202FB03F318
:10F810009BB2994298BF23852846FCF72BFA0346F2
:10F82000B5F828C000220CF1060C6344A3842846D6
:10F830002146FFF7A9FDFF220623E272C9E7FDF783
:10F840009FFE38B1A369002BD2D1FDF7A1FE03467C
:10F85000A061CDE70723BCE770B50C460546FCF771
:10F8600009FAA38CC31A1B0400D570BD2146284693
:10F87000FFF752FE237A092B15D094F82260E6B9DF
:10F880002046FDF7CFFEA661284601F025F8237A31
:10F89000092B05D10D4B1A68954204BF00221A604E
:10F8A0000023A37270BD284600F048FE237A092B7E
:10F8B000E3D194F82030002BDFD0002321462846E6
:10F8C00084F82030FFF7BAFDDEE700BF4442002194
:10F8D00070B506460C4600F01BFE10B10623A3725D
:10F8E00070BD054621463046FDF736FE0028F5D0AE
:10F8F000112221463046FFF735FE304600F0ECFF7E
:10F90000237A092B04D1044B1A68964208BF1D6064
:10F910000023A37270BD00BF4442002170B5204A8D
:10F92000064613680C468BB183420FD002238B72BC
:10F9300000F0EEFD054620B921463046FDF70CFEED
:10F9400008BB2046BDE87040FDF748BE218DF38C12
:10F9500016609942628DA08D06D021463046FFF791
:10F96000ABFD0423A37270BD338D9342F5D1B6F87D
:10F9700074318342F1D12046FDF754FE0022052365
:10F98000A261A37270BD4FF4726321463046238496
:10F99000FFF79EFF2046FDF745FEA56170BD00BF45
:10F9A0004442002170B515468A7A0C4606460C2A58
:10F9B00000F28B80DFE802F00B172A323C465789B1
:10F9C0005E686F820700002D00F08F8070BD002DF3
:10F9D000FCD1237A082B00F0AB80092B40F09980F2
:10F9E0000123A37270BD012DF0D120461946FFF707
:10F9F00025FC2046FFF758FE50B940F61E732384BD
:10FA000021463046BDE87040FFF762BF012DDDD8CA
:10FA100021463046BDE87040FFF780BF002DD5D1AC
:10FA2000FDF7AEFD002840F0C5800323A37270BD32
:10FA3000032D65D0042DC9D10F22062384F821207F
:10FA4000A37270BD002DC1D190F93730002B5ADA66
:10FA500094F8203083B10F2384F821302146BDE88B
:10FA60007040FFF735BF002DB0D12146BDE8704092
:10FA7000FFF72EBF002DA9D1304600F049FD002828
:10FA800059D00823A37270BD002D9FD12146BDE837
:10FA90007040FFF777BE022D98D190F83720C2F35F
:10FAA000C011D20955D184F84C1000F031FD054643
:10FAB000002800F088800D23A37270BD002D85D131
:10FAC0002146BDE87040FFF7C7BE40F251534F4A90
:10FAD0004F4950480AF042FC002383F31188BFF3DA
:10FAE0006F8F0323184602DF70BDFDF749FD002824
:10FAF0003FF46CAF21463046BDE87040FFF7FEBDD5
:10FB00000523A37270BDA5612146BDE87040FFF7D3
:10FB100039BE40F2F2333D4A3D493E480AF01EFCF0
:10FB200085F31188BFF36F8F0323184602DF70BD82
:10FB30000A23A37270BD21463046FDF70DFD002853
:10FB40009FD0102221463046FFF70CFD0A23638127
:10FB500070BD19462046FFF7E1FB40F67A40218D43
:10FB6000628D8B1F9BB28342A58D2AD8B2F5FA7F96
:10FB700027D240F67640A5F10A039BB2834220D8F3
:10FB8000531C9BB201FB03F3B3EB850F19D2304634
:10FB9000A58CFCF76FF847F6FE722B1A9BB29342C6
:10FBA00029D92823304686F8383100F095FE002305
:10FBB000A37270BD21463046FFF77EFC0423A3727A
:10FBC00070BD1E23EEE721463046FDF7C5FC002838
:10FBD0003FF471AF072221463046FFF7C3FC3046A1
:10FBE00000F07AFE237A092BE1D10B4B1A6896427A
:10FBF000DDD11D60DBE72046FDF7F0FC0B23A3728F
:10FC000021463046BDE87040FFF726BE34D90101D9
:10FC100064CE010188CD01014442002170B5064641
:10FC20000C46FEF7A9FE10B10523A37270BD054670
:10FC300021463046FDF790FC0028F5D02946304695
:10FC400000F054FC112221463046FFF79DFB304660
:10FC5000FEF77AFF237A092B02D00023A37270BD2E
:10FC600096F93730002B06DB064B1A689642F4D122
:10FC700000221A60F1E73046FEF71AF80028F3D0A8
:10FC8000EBE700BF4442002170B515468A7A0C4666
:10FC9000064682B0072A00F24A81DFE802F0092016
:10FCA000294952878C04002D00F0BF8002B070BD3E
:10FCB000002DFBD1237A082B00F0A680092B10D051
:10FCC0004FF4F573A24AA349A3480AF047FB85F312
:10FCD0001188BFF36F8F0323184602DFE6E7002D7C
:10FCE000E4D12146304602B0BDE87040FFF7A0BC29
:10FCF000032D00F0C780042D00F08980012DD5D19F
:10FD000019462046FFF7BEFA3046022100F0EEFB0E
:10FD10002046FFF7C9FC002840F0EF8041F21E03A7
:10FD200021463046238402B0BDE87040FFF776BF1D
:10FD3000002DBBD12146304602B0BDE87040FFF730
:10FD400041BD032D00F0C980042D00F0BB80022DC1
:10FD5000ACD119462046FFF7E1FA40F67A41228DF0
:10FD6000608D931F9BB28B42B4F82CC000F2B78019
:10FD7000B0F5FA7F80F0B38040F67641ACF10A032B
:10FD80009BB28B4200F2AB80431C9BB202FB03F39D
:10FD9000B3EB8C0F80F0A3802946304600F0A6FB21
:10FDA0002046FDF71BFC0623A3727FE7002D7FF49E
:10FDB0007DAF2146B7E7002D7FF478AFFBF75AFF00
:10FDC000A38CC01A03043FF571AF2946304600F0FA
:10FDD0008DFB21463046FFF79FFB237A092B00F06D
:10FDE0008E8094F82250002D40F095802046FDF73B
:10FDF00019FC3046A561FEF7A7FE237A092B56D0E1
:10FE00000023A37202B070BD2146A56194E730467D
:10FE1000022100F06BFB2046D6F8183123F00203D4
:10FE2000C6F81831FDF7DAFB84E7FDF7A9FB0028D7
:10FE30003FF43CAFA069002875D02D21002301229A
:10FE40000171236394F8343084F823204BB1228D60
:10FE5000E18CB2FBF3F202FB03F39BB2994298BF31
:10FE600023853046FBF706FF0346358D0022063515
:10FE70002B44A38430462146FFF786FA4FF60673DB
:10FE8000638113E75A791A2AC1D00021019300F047
:10FE90002DFB019B5B792146304684F82030FFF72B
:10FEA000CDFA3046FEF750FE237A092BA8D196F9F9
:10FEB0003730002B31DB294B1A689642A0D1002243
:10FEC0001A609DE71A22D0F81831214623F0020368
:10FED000C0F8183184F82020E1E75B79DBE70021E6
:10FEE000304600F003FB1E23304686F83831FEF71B
:10FEF0002BFE237A092B83D1D9E7204692E730469F
:10FF0000FEF754FD237A092B7FF46BAF94F8203071
:10FF1000002B3FF466AF0023BDE73046FDF7C8FE77
:10FF20000028C8D06CE7FDF733FBA06185E74FF4EC
:10FF30003E73074A074908480AF010FA002383F382
:10FF40001188BFF36F8F0323184602DFAEE600BFB0
:10FF500034D9010164CE010188CD01014442002160
:10FF600070B50D46D17F044602F11C0311290AD851
:10FF7000DFE801F026090909090909200909090929
:10FF8000090909091A14242380F83831FEF7DCFD29
:10FF90002B7A092B1AD00023AB7270BD2946BDE81D
:10FFA00070400322FFF770BE2946BDE87040012271
:10FFB000FFF76ABE2946BDE870400422FFF764BE21
:10FFC0002946BDE870400222FFF75EBE94F9373043
:10FFD000002B06DB064B1A689442DCD100221A6023
:10FFE000D9E72046FDF764FE0028F3D0D3E700BF31
:10FFF0004442002113460022FFF746BE70B5D57F6C
:020000040101F8
:1000000002F11C0335B10F2D09D1BDE8704001226A
:10001000FFF7C8BC0222BDE87040FFF7C3BC242331
:100020000E4680F83831044600F056FC337A092B2E
:1000300005D1044B1A68944204BF00221A600023C1
:10004000B37270BD4442002113460022FFF7AABCE0
:1000500000230322FFF7A6BC00230422FFF7A2BC63
:10006000242310B580F838310C46FEF76DFD0023CF
:10007000A37210BD70B58B7A0C46012B054617D9BB
:10008000022B06D1FBF7F6FD238CC01A030415D50D
:1000900070BDB6232C4A2D492D480AF05FF9002384
:1000A00083F31188BFF36F8F0323184602DF70BDFF
:1000B000FEF762FC88B10123A37270BD00212846BF
:1000C00000F014FA284604F12201FBF7E1FD28466E
:1000D000FEF73AFD0023A37270BD284600F00EFA29
:1000E0000028E8D121462846FDF736FA0028E2D05C
:1000F0000121284600F0FAF92846FBF7BBFD03462C
:100100000633214628462384FDF72EFA064660B1C1
:100110002046311DFFF71AF9F379314663732846FB
:10012000FDF738FA0223A37270BD5C23064A094921
:1001300007480AF013F986F31188BFF36F8F032382
:10014000184602DFE4E700BFA0D9010164CE010137
:1001500088CD010114D6010170B5D37F0546012B6E
:100160000C4607D0242380F8383100F0B5FB00237B
:10017000A37270BD8B7A012B12D013F0FD0FF8D053
:1001800040F22713144A154915480AF0E7F80023EE
:1001900083F31188BFF36F8F0323184602DF70BD0E
:1001A000084602F11C01FFF7E5F82846268CFBF70C
:1001B00061FD47F6FE73361AB6B29E4202D802239C
:1001C000A37270BD2823284685F8383100F084FBDF
:1001D0000023A37270BD00BFA0D9010164CE01014C
:1001E00088CD010138B58B7A012B12D0022B0C4639
:1001F00010D00BB340F22713114A124912480AF0EB
:10020000ADF8002383F31188BFF36F8F03231846E3
:1002100002DF38BD0546FBF72DFD238CC01A030411
:10022000F7D4284604F12201FBF732FD284600F0FE
:1002300053FB0023A37238BD01238B7238BD00BF6E
:10024000A0D9010164CE010188CD010138B5D0F8F3
:10025000E03004468B420D4623D078231B4A1C49CC
:100260001C480AF07BF8002383F31188BFF36F8FDB
:100270000323184602DFAB6913B11B792D2B15D070
:10028000D4F8E03043B1D4F8E4101A689942C4F8C5
:10029000E02008BFC4F8E4202846BDE83840FDF758
:1002A00037B98B69002BE8D10B46ECE77D23074A71
:1002B000094908480AF052F8002383F31188BFF374
:1002C0006F8F0323184602DFDAE700BFE8D9010188
:1002D000C8D8010188CD0101DCD8010138B5D0F8BA
:1002E000E05004462B7A013B0A2B28D8DFE803F0C4
:1002F0000606060618181D131306220000222946BA
:10030000FEF7E2F9AB7B2BB129462046BDE8384029
:10031000FFF79CBF38BD00222946FFF795FEF1E7A5
:1003200000222946FCF7A8F9ECE700222946FCF751
:10033000A9FFE7E700222946FFF754FFE2E74FF461
:10034000E773074A074908480AF008F8002383F3CF
:100350001188BFF36F8F0323184602DFD2E700BF77
:10036000E8D9010164CE010188CD010170B5D0F852
:10037000E05004461DB394F8EC30012B03D1022366
:1003800084F8E83070BD29462046FDF7E5F80028DE
:10039000F5D029462046FDF7E7F80646F0B1284695
:1003A000311DFEF7A9FCF37931466B732046FDF74A
:1003B000F1F801220023AA7384F8E83070BD40F2FE
:1003C00016230E4A0E490F4809F0C8FF85F311881D
:1003D000BFF36F8F0323184602DFCCE74FF4EF73B0
:1003E000064A0949074809F0B9FF86F31188BFF3A7
:1003F0006F8F0323184602DFD1E700BFE8D9010160
:10040000B4D8010188CD010114D6010170B5D0F82E
:10041000E0500446B5B394F8EC30012B03D101232E
:1004200084F8E83070BD29462046FDF795F800288D
:10043000F5D029462046FDF797F8064600283ED01D
:100440002046FEF7EBF92A7A037A06F1040C934270
:1004500027D0082B27D02A2194F808311BB1D4F8D3
:1004600018315B0724D46046FEF700FEF37931466D
:100470006B732046FDF78EF801220023AA7384F8DF
:10048000E83070BD40F20623144A1549154809F0BA
:1004900065FF85F31188BFF36F8F0323184602DFD2
:1004A000B9E72321D8E7092A14BF2A212321D3E75A
:1004B0000A46604694F8EF10FEF7E4FDD6E74FF4E5
:1004C000EF73064A0849074809F048FF86F3118888
:1004D000BFF36F8F0323184602DFB1E7E8D90101AC
:1004E000B4D8010188CD010114D6010180F8EE10C5
:1004F000704700BF704700BF0020704790F8ED00C4
:10050000003818BF01207047D0F8E000704700BFE6
:1005100090F8EC00A0F10100B0FA80F040097047BB
:10052000012380F8EC307047002380F8EC307047EE
:10053000B0F8F030A0F8EA30704700BF0023A0F810
:10054000EA30704738B5D0F8E040A4B10546D5F898
:10055000E4202368944221462846C5F8E03008BFCD
:10056000C5F8E430FDF784F82046FCF7D1FFD5F854
:10057000E040002CEBD138BD022938B5054612D039
:1005800004290C460AD0012900D038BDD0F8E0304B
:10059000002BFAD0BDE83840FFF7A0BEFFF7D2FF2E
:1005A00085F8E84038BD0023D0F8E04080F8ED3011
:1005B0003CB100230122A5F8EA30A27385F8E830A7
:1005C00038BD40F22923064A0649074809F0C6FE0D
:1005D00084F31188BFF36F8F0323184602DFE8E727
:1005E000E8D90101B4D8010188CD0101F8B590F82E
:1005F000E83004460E461546052B00F29F80DFE8E2
:1006000003F00E1607030B03BDE8F840FFF7B4BF75
:10061000BDE8F840FFF7AABE03290CD0F8BD71B1C0
:100620000429FBD1FFF78EFF84F8E860F8BDBDE830
:10063000F840FFF7EBBE002380F8E830F8BDD0F8B3
:10064000E070002FEAD03B7A90F8EEC0112B90F8C2
:1006500037E011D80121414A01FA03F0024052B3B8
:100660000A2B21D0C3B1204684F8ED60FFF736FE97
:10067000032384F8E830F8BD6B23394A39493A48F6
:1006800009F06CFE002383F31188BFF36F8F0323FF
:10069000184602DF3B7AE3E7EB7F204687F84C30D1
:1006A000BDE8F840FFF762BE2046FFF717FE0523BE
:1006B00084F8E830F8BD10F4386FDDD00A2BF3D0A1
:1006C000002BE9D0BCF1000F01D10E46CBE71EF0A4
:1006D000800F12D1BCF1010F22D0BCF1020F9DD1CD
:1006E0002046FEF79BF83B7A027A9A4222D0082AEB
:1006F0001ED02A2384F83831F8BDBCF1010FECD1AB
:100700002046FEF78BF808B1FF22C2720123204673
:1007100084F8ED30FFF7E2FD032384F8E830F8BDFC
:10072000EB7F204684F8EF30BDE8F840FFF76EBE5F
:10073000092BDED1232384F83831F8BD4FF44373FD
:10074000074A0849084809F009FE002383F3118885
:10075000BFF36F8F0323184602DFF8BD7FF4030059
:10076000E8D9010164CE010188CD010138B50C46FC
:100770008969054610461A46237AE9B10B2B5FD8E2
:10078000DFE803F00C060606063A3A4A42420652F1
:1007900021462846FDF792FFA16921B10B792D2B47
:1007A0001CBF0023A361A37B2BB121462846BDE8D3
:1007B0003840FFF74BBD38BDA26120610B2B3FD8FD
:1007C00001A151F823F000BF39080101910701018F
:1007D000910701019107010191070101F907010149
:1007E000F9070101190801010908010109080101BE
:1007F000910701012908010121462846FBF70CFF5A
:10080000A1690029CAD1CEE721462846FFF7F6FBA9
:10081000A1690029C2D1C6E721462846FCF714FD8C
:10082000A1690029BAD1BEE721462846FFF794FC0A
:10083000A1690029B2D1B6E711460029AED1B2E7CD
:100840004FF4A173084A0949094809F087FD0023BC
:1008500083F31188BFF36F8F0323184602DFA1696A
:1008600000299BD19FE700BFE8D9010164CE0101B7
:1008700088CD010138B50B7A0C46072B05460AD006
:100880000022A37B62612BB121462846BDE8384097
:10089000FFF7DCBC38BDFCF7F9FCF1E738B50B7AA3
:1008A0000C46072B054608D0A37B2BB121462846D2
:1008B000BDE83840FFF7CABC38BDFCF7EBFCF3E7F6
:1008C0000422002380F8E820A0F8EA30704700BF37
:1008D00000220121FFF78ABE00220221FFF786BE17
:1008E00000220321FFF782BE00220421FFF77EBE13
:1008F000F0B504460E46154683B06BB1D27F1B2A75
:100900002FD8012390F83710234FC9098B4007EBEC
:10091000420149780B402BD11846FCF7C3FE07462D
:10092000E8B100230360D4F8E430E3B11860C4F800
:10093000E4002A4600212046FFF758FEBB7B1BB18E
:1009400039462046FFF782FCD4F8E01039B12B4637
:100950003246204603B0BDE8F040FFF707BF03B0C2
:10096000F0BD0023D8E7C4F8E000C4F8E400E0E7F5
:1009700017F812300A2BCFD10193FFF7E3FD0022C5
:100980002046A4F8EA2084F8ED2084F8E820FEF759
:1009900081F9019BC0E700BF30DA010110B50446C0
:1009A000FFF7D0FD0023A4F8EA3084F8ED3084F896
:1009B000E83010BD10B50C4630B994F85C316FF3D7
:1009C000000384F85C3110BD4FF42A73094A0A49C8
:1009D0000A4809F0C3FC002383F31188BFF36F8F2B
:1009E0000323184602DF94F85C316FF3000384F8A8
:1009F0005C3110BD68DA0101B0DA010188CD010176
:100A000000B9704708B5084A4FF4287307490848E9
:100A100009F0A4FC002383F31188BFF36F8F032335
:100A2000184602DF08BD00BF68DA0101FCD40101ED
:100A300088CD0101012800D0704710B50C46F6F7AB
:100A4000FBFE84420ED04FF42673074A074908483C
:100A500009F084FC002383F31188BFF36F8F032315
:100A6000184602DF10BD00BF68DA0101C4DA0101D7
:100A700088CD01014FF6FF712DE9F843099C9DF8DF
:100A80002090A68C8E4226D00546014620469046F0
:100A90001F46FAF751FEF0B926780136F6B22670F5
:100AA0005EB300221C491D4B04F11000C860C1E96F
:100AB00000580F8181F80A90996001201146F4F7DF
:100AC000DFF850B9FF20FAF76BFE2046BDE8F84387
:100AD000FF21FAF761BFBDE8F88340F25223104AC4
:100AE0001049114809F03AFC002383F31188BFF341
:100AF0006F8F0323184602DFE4E740F24523084ADC
:100B00000A49094809F02AFC86F31188BFF36F8F60
:100B10000323184602DFC4E7505700218401002157
:100B200068DA010140CE010188CD0101B8D301018D
:100B3000C38D43B130B590F85C3189B013F0010436
:100B400002D009B030BD70470125124A2B430592EF
:100B50004A1D80F85C310321069023462046CDE9EA
:100B6000014404940094D2B20395F5F787FD10F088
:100B7000FD0FE6D040F20B23074A0849084809F068
:100B8000EDFB84F31188BFF36F8F0323184602DF58
:100B9000D7E700BFB509010168DA010168D5010195
:100BA00088CD010138B50C461546FAF7B9F948B1B8
:100BB0001CB1BDE83840FCF7BFBF2946BDE838404E
:100BC000FCF794BF022038BD38B50C461546FAF73D
:100BD000A7F958B190F93730002B05DA2A4621469B
:100BE000BDE83840FCF758BE0C2038BD022038BDA7
:100BF000704700BF00B9704708B5084A40F2164375
:100C00000749084809F0AAFB002383F31188BFF3C2
:100C10006F8F0323184602DF08BD00BFF4DA01011D
:100C2000FCD4010188CD01014FF6FF712DE9F84395
:100C3000099C9DF82090A68C8E422DD00546014639
:100C4000204690461F46FAF777FD28BB26780136E6
:100C5000F6B2267096B30220FAF7A2FD02212046D2
:100C6000FAF79AFE00221D491D4B04F11000C860DE
:100C7000C1E900580F8181F80A909960012011465E
:100C8000F3F7FEFF50B9FF20FAF78AFD2046BDE8D2
:100C9000F843FF21FAF780BEBDE8F88340F2C53380
:100CA000104A1149114809F059FB002383F31188B8
:100CB000BFF36F8F0323184602DFE4E740F2B2333D
:100CC000084A0B49094809F049FB86F31188BFF32C
:100CD0006F8F0323184602DFBDE700BF685700216E
:100CE00094010021F4DA010140CE010188CD010117
:100CF000B8D301012DE9F84306460020F9F7CCFEF0
:100D000068B34369044653B393F82C2042F00202BF
:100D100083F82C20476917B301460020F9F700FE3D
:100D20000546C8B93F68D7F83C8107F59E79B8F108
:100D3000000F18D04046F6F7C1FC17234FF6FF729C
:100D400087F8403102231034C7F84441A7F8422104
:100D500087F85831C6F800902846BDE8F8830C257E
:100D60002846BDE8F88340F20923064A06490748A9
:100D700009F0F4FA88F31188BFF36F8F0323184644
:100D800002DFD7E7F4DA0101F4D4010188CD0101D3
:100D900070B50C4615461E46FAF7C2F8B8B190F881
:100DA00072C01CF0180C04D0BCF1180F08D00C2035
:100DB00070BD33462A462146BDE87040FCF7C6BDEB
:100DC00033462A462146BDE87040FCF7EFBD0220BD
:100DD00070BD00BF30B583B001A8FFF78BFF04469C
:100DE00010B1204603B030BDF9F756FE054650B1AC
:100DF0000022204695F83C306A616FF3000385F8C5
:100E00003C3003B030BD40F25D23064A0649074836
:100E100009F0A4FA85F31188BFF36F8F03231846F6
:100E200002DFE5E7F4DA010138DB010188CD0101D9
:100E300070B583681E68746924B300257561E36D1D
:100E40006BB140F279231E4A1E491F4809F086FA09
:100E500085F31188BFF36F8F0323184602DF04F177
:100E6000500104F14C00F3F789FE0546C8B1206833
:100E7000E565FAF73BF896F83C306FF3000386F827
:100E80003C3070BD40F276230D4A10490E4809F0FF
:100E900065FA84F31188BFF36F8F0323184602DFCE
:100EA000CBE74FF41F73064A0949074809F056FA81
:100EB00085F31188BFF36F8F0323184602DFD6E74F
:100EC000F4DA0101C8CE010188CD0101BCCE0101D7
:100ED000F4D4010170B50F244FF6FF7682B020469E
:100EE000FAF71EF8054658B190F93730002B07DBAA
:100EF000684600F03BF869462846FCF7C9FD20B972
:100F0000013CA4B2B442EAD1002002B070BD00BFDF
:100F10000860704705380F288CBF002001207047FB
:100F200008B50346074A0068052110601B79104682
:100F30001371F3F7BFFF044B1870FFF7CBFF0020CE
:100F400008BD00BF785700217560002110B41F2034
:100F50004FF0FF342521034B034A1C6018711170B8
:100F600010BC704778570021756000210346044A81
:100F7000044910681860127908781A71704700BF28
:100F8000785700217560002130B5054602FB01113C
:100F90000278204C114484FB01020A44521102EBF6
:100FA000C20002EB80028A1AD0B22870C108595CD4
:100FB00002F0070241FA02F212F001019DF80CC0A2
:100FC0001FD1B0FBFCF25C1E1D1D0CFB120308467A
:100FD000DBB2024600F1080E14F8011F5FFA8EFE24
:100FE00011F0010F02F1010C4FEA510102D04BB197
:100FF000013BDBB25FFA8CF27245F1D11046AC4294
:10100000E7D130BDC11D891AC9B207291046F6D8EB
:1010100030BD00BFA7C867DD4288008850407047D8
:101020004FF0030CF0B5334D334C4840060A5FFADD
:1010300080FE0EEB8E2E06EB862004EA401705EAB2
:10104000400605EA4E0004EA4E1E3E4340EA0E000A
:1010500000EB002706EB062E06EB0E2600EB072022
:10106000360CC0F3074040EA062000EB00100CF1FC
:10107000FF3C08441CF0FF0C80B2D7D141401F4810
:10108000A0FB01400C1A00EB5400400900EBC00427
:1010900000EB8400081AC0F3C404145D00F00705D7
:1010A0002C41E407C0B21CD4604601FB03F3561E7A
:1010B000C3F307430432014600F1080516F801CFD7
:1010C000EDB21CF0010F01F101044FEA5C0C02D0FB
:1010D00043B1013BDBB2E1B2A942F2D108469642EC
:1010E000E9D1F0BD0730401AC0B207280846F6D84B
:1010F000F0BD00BF10210200408408004D91CFBA1E
:101100001B491C482DE9F04300230126451EA1F18F
:10111000020C06E00133082B01F1060100F1280062
:1011200024D003EB830215F83220D407F2D59CF8C3
:1011300000409CF801E0C2F380120768B0F8048018
:1011400006FA03F99A40013344EA09044EEA02021E
:10115000082BA1F804808CF800408CF8012001F1E4
:10116000060141F8067C00F12800DAD1BDE8F083E1
:1011700086570021715800212DE9F04700230127EF
:101180001E481F4ADFF87C80DFF87C90951EA0F196
:10119000020C15F8331007FA03F6C90724D598F89E
:1011A000004012F8011C4CB1072901EB810405D85D
:1011B00019F834104C0701D5C90615D515F83310A8
:1011C0009CF801E0C1F340019CF8004099404EEAD0
:1011D000010ED2F800A0918834438CF800408CF8BE
:1011E00001E08180C0F800A00133082B00F1060067
:1011F00002F10802CDD1BDE8F08700BFF25900210D
:10120000B2590021776000217058002108207047F2
:1012100038B50020F9F710FAF0B9F9F771FC10F0C1
:10122000010019D10D4C0E4D621E14F83030072B01
:1012300007D803EB830315F833106FF3451105F856
:10124000331012F830306FF3000302F83030013001
:101250000828EAD1002038BD0C2038BDB159002142
:10126000705800212DE9F04F074683B00020F9F7B0
:10127000E3F900286FD1F9F743FC10F001046AD1BB
:101280003B78FF2B75D0404E4FF0FF09254607F104
:10129000010BA6F1020803F0010A06E051455ED0F9
:1012A0000135082D06F108060FD018F83520D007B3
:1012B000C2F34001F2D4B9F1FF0F08BF5FFA85F91C
:1012C0000135082D06F10806EFD1B9F1070F54D802
:1012D00018F839204FEAC90A63F3410208F83920A7
:1012E000D7F801200AF1020348F80320BBF80420D4
:1012F00043449A803B78254D03F001036E1E04E0C1
:101300000134082C05F128053BD004EB8402D700FA
:1013100016F83220C2F38011D207F1D59942EFD1ED
:1013200028460622594601930BF076FA019B0028C5
:10133000E6D1F35DE4B243F02003F35518F83930F9
:10134000C24443F001038AF8014008F83930002014
:1013500003B0BDE8F08F0C2003B0BDE8F08F30463D
:101360000622594601930BF057FA019B002897D1AA
:10137000EDE7204603B0BDE8F08F072003B0BDE8DD
:10138000F08FFF24DAE700BFB25900217158002125
:101390002DE9F04106460020F9F74EF900283AD130
:1013A000F9F7AEFB10F0010435D196F80080B8F1E2
:1013B000FF0F36D01C4D0136AF1E08F0010804E0C7
:1013C0000134082C05F1080528D017F83430C3F390
:1013D0004002DB07F4D54245F2D1062228463146C9
:1013E0000BF01AFA0028EBD107EBC4035B78072B4C
:1013F00008D80E4A03EB830312F8331060F345114B
:1014000002F8331017F8343000206FF3000307F8A8
:101410003430BDE8F0810C20BDE8F0810220BDE849
:10142000F0812046BDE8F081B259002170580021BA
:1014300007282DE9F84304468846164618D81C4D5F
:1014400004EB840315F83330A70013F001091FD013
:101450003A19D30015F832200133C2F3801288F80C
:101460000020EA581D443260AB88B380BDE8F883A1
:101470004FF48C730F4A1049104808F06FFF002397
:1014800083F31188BFF36F8F0323184602DFD6E77B
:1014900040F21913074A0A49084808F05FFF89F328
:1014A0001188BFF36F8F0323184602DFD0E700BF18
:1014B0007058002194DB0101D8DB010188CD0101C6
:1014C000E4DB01010820704710B50020F9F7A8F807
:1014D00008B10C2010BD0446F9F7F8FA0128F8D835
:1014E000194B1A491A780C7064F300021A7093F8B9
:1014F000502093F8281064F3000283F8502093F8EA
:10150000A02064F3000164F3000283F8281083F83C
:10151000A02093F8781093F8F02064F3000164F3AE
:10152000000283F8781083F8F02093F8C81093F83D
:10153000182164F3000164F3000283F8C81083F8F3
:101540001821204610BD00BF705800217660002190
:101550002DE9F04F834683B00020CDF800B0F9F7B5
:101560005FF818B10C2003B0BDE8F08F0446F9F71E
:10157000ADFA0128F6D8DDF800B0DFF81C811BF8C1
:10158000012B08F1FF3902F001031F46019204E02C
:101590000134082C08F1280840D004EB840219F823
:1015A00032604FEA840AF307C6F3801109EBC205E3
:1015B000EED5B942ECD14046062259460BF02CF943
:1015C0000028E5D176070746019A2BD4334D02F067
:1015D0000108AE1E04E00137082F05F1080512D0FE
:1015E00016F83730C3F34002DB07F4D54245F2D199
:1015F0000622284659460BF00FF90028EBD1FF23AD
:1016000006EBC70673700020A24419F83A306FF356
:10161000000309F83A3003B0BDE8F08F022003B0B0
:10162000BDE8F08FDFF878E09EF800305E1E023BE8
:10163000062BF6B203D895F817C0B44502D18EF840
:101640000060C3E7174B054603EB0C12904603EB13
:1016500006130FCB88E80F00DFF84C8005EB8503FD
:1016600009EBC30219F83330D80705D5590703D55C
:1016700098F81730B34207D00135082D08F1280833
:10168000ECD1009B1A78DAE7009B82F817C01A7831
:10169000064B03F80C50D2E771580021B2590021D3
:1016A00076600021F057002170580021E857002192
:1016B0002DE9F8431D465B7903F0C003402B01D0B0
:1016C000BDE8F8830E46F1B1DFF89C90002400F0ED
:1016D000010809F1FF3704E00134082C09F1280959
:1016E000EED004EB840317F83330D907C3F380122C
:1016F000F2D54245F0D10622484631460BF08CF82F
:101700000028E9D1E2B2072ADAD8184F02EB8202A8
:1017100017F83230D400DB07D2D5286804F118035B
:10172000F85007EB0309AB880026A9F8043001E064
:10173000102EC5D0B0B2F9F7F3FB013605460028EC
:10174000F6D000F283180622494640460BF064F8B2
:101750000028EDD1621CBB18BA58C5F883219B88BC
:10176000A5F88731ACE700BF7158002170580021FF
:101770002DE9F84F82461C4E1AF8019B00240F46B3
:1017800006F1FF3809F0010903E0082C06F12806EC
:101790001CD004EB840218F832300134C3F3801CEF
:1017A000DB074FEAC205F0D5CC45EED10622514603
:1017B00030460BF031F883460028E6D1183508EBA7
:1017C000050406212046F3F7C9F920B94FF0020BB2
:1017D0005846BDE8F88F58F805003860A388584689
:1017E000BB80BDE8F88F00BF715800212DE9F0479C
:1017F0008246164E1AF8019B00248846771E09F08F
:10180000010903E0082C06F128061CD004EB840231
:1018100017F832300134C3F3801CDB0707EBC20535
:10182000F0D5CC45EED10622514630460AF0F4FF01
:101830000028E7D16B6A1A68C8F800209B88A8F8CE
:101840000430BDE8F0870220BDE8F0877158002120
:1018500010B504460020F8F7E3FE08B10C2010BDD7
:10186000F9F734F90128F9D80CB1012C03D1034B55
:1018700000201C7010BD122010BD00BF7760002139
:101880004FF47A7202FB00F0014B1860704700BF02
:10189000805700212DE9F047824600208846F8F75E
:1018A000BFFE10B10C20BDE8F0870446F9F70EF931
:1018B0000128F7D81B4E1AF8019B771E09F0010981
:1018C00003E0082C06F1280620D004EB840217F868
:1018D00032300134C3F3801CDB074FEAC205F0D578
:1018E000CC45EED13046062251460AF095FF00283D
:1018F000E7D1B8F1000F0FD0B8F1010F09D10020E6
:101900007B5D43F010037B55BDE8F0870220BDE806
:10191000F0871220BDE8F0877B5D002068F3041398
:101920007B55F1E77158002100232DE9F04F344C2D
:10193000344904F1FF3C14F83320072A07D802EB9E
:10194000820211F832E06FF3451E01F832E01CF814
:1019500033206FF300020CF833200133082BEAD157
:10196000002391F8785091F8F04063F3000563F399
:10197000000481F8785081F8F0404FF0FF354FF0C7
:10198000FF3491F8182191F8008063F3000291F878
:10199000287091F8506091F8A0E091F8C8C0DFF885
:1019A000689081F81821194A63F3000863F300076F
:1019B00063F3000663F3000E63F3000CDFF850A03E
:1019C000DFF850B089F800301370134BCAF800B03C
:1019D000C3E9004581F8008081F8287081F85060E3
:1019E00081F8A0E081F8C8C028B1BDE8F04F0B49EC
:1019F0000B480AF01DBC0A48BDE8F04F0AF024BCB1
:101A0000B1590021705800217760002176600021D3
:101A100080570021A0BB0D0018220021F11C0101FC
:101A2000E8210021034A044B002814BF1046184641
:101A3000704700BFF059002184570021A8B14FF42E
:101A4000004340F2E730002110B5094A1268E2FB7A
:101A500003014FF47A720023EEF72EFBBDE810402D
:101A600002460B46034807F013BA02480AF0ECBBE3
:101A700080570021E821002108B500230C4A13807B
:101A800070B900200B4B0C4A1B78108003B908BDBD
:101A9000F9F71CF80028FAD1BDE80840FFF730BB81
:101AA0001846F9F72DF8C307EBD4FFF765FBE8E715
:101AB000F0590021776000218457002108B50023E8
:101AC0000D4A1380C2070ED400200C4B0C4A1B7821
:101AD000108003B908BDF8F7A3FD0028FAD1BDE8CE
:101AE0000840FFF70DBB1846F8F7A6FD0028EBD11C
:101AF000FFF742FBE8E700BFF059002177600021C3
:101B0000845700212DE9F04F834687B00AF0DAFCB4
:101B100044014A01241A42EAD06262EB0102A300A6
:101B200092001B1842EA947241EB02094FEAC9097C
:101B300049EA5379C3F3103343EA49434FEAD939A9
:101B4000BBF1000F16D1624AD2E90012B2F1FF3F99
:101B500008BFB1F1FF3F0DD05E48591A006869EB2C
:101B60000202814272F10002ACBF4FF0010A4FF055
:101B7000000A01E04FF0010A574ECDF804B00024EE
:101B80009B46DFF85881F71F0DE0254417F83530E4
:101B900043F0020307F835300134082C08F1060839
:101BA00006F1280625D004EB840317F83330A5008E
:101BB000DA07F1D5BAF1000F01D19807ECD42B194F
:101BC00017F8333059074DD42B1917F833301A074B
:101BD000DBD5304602A909F06DF8002867D1BDF8C1
:101BE0000C300298A8F80430C6F81D80C8F8000030
:101BF000CBE75B46DDF804B0BAF1000F02D0344AFF
:101C0000C2E90039BBF1000F08D00020F8F7FAFC58
:101C1000044618B194F85E305B0702D407B0BDE803
:101C2000F08FA37E072BF9D8FF238DF80830637F50
:101C300002A904EB830304F11C001D6A01F0D4FB2C
:101C400029466A78054602320AF0B7FD2946204641
:101C5000F8F702FD9DF80830FF2BDFD0637707B05F
:101C6000BDE8F08F337C1E4A0DF1170002EB031222
:101C70000DF1070312F8011903F8011F8342F9D18E
:101C800006F1170102A809F015F800289CD040F2CF
:101C9000F323144A1449154808F060FB002383F32A
:101CA0001188BFF36F8F0323184602DF8CE740F2E1
:101CB00001330C4A0C490D4808F050FB002383F314
:101CC0001188BFF36F8F0323184602DF87E700BF39
:101CD000182200218057002177580021B857002191
:101CE000FF57002194DB010140CE010188CD0101A5
:101CF00010B50120FFF706FF4FF4004340F2E73034
:101D00000021084A1268E2FB03014FF47A720023B3
:101D1000EEF7D2F9BDE8104002460B46024807F044
:101D2000B7B800BF80570021E8210021072815D847
:101D3000F8B5134D00EB800315F8333004461A074D
:101D40004FEA8006C3F3C00007D5C3F340079B07E3
:101D500006D5264405EBC605686AF8BD0020704725
:101D60004FF44A73074A0849084808F0F7FA87F31E
:101D70001188BFF36F8F0323184602DFE9E700BF26
:101D80007058002194DB0101F8DB010188CD0101CD
:101D900007280AD8064900EB800011F83020C0005F
:101DA000530702D51E30084470470020704700BF1B
:101DB000705800212DE9F047884616460AB1FF23E6
:101DC0001370164D002400F0010705F1FF390AE0F9
:101DD00026B13378FF2B08BF86F800A00134082C09
:101DE00005F1280515D004EB840319F833305FFAA8
:101DF00084FAC3F38012DB07EAD5BA42EED1062299
:101E0000284641460AF008FD0028E7D15046BDE8C3
:101E1000F0874FF0FF0A5046BDE8F0877158002167
:101E20002DE9F04F804685B000200D469246F8F728
:101E3000F7FB18B10C2005B0BDE8F08F0446F8F7A9
:101E400045FE0128F6D8474617F8010B0DF10F02A1
:101E50003946FFF7AFFF072840F2B3809DF80F9097
:101E6000B9F1070F00F2A98009EB89034FEAC30B10
:101E7000564ED8F801100BF10102B150B988324426
:101E8000918098F8001016F80B20284661F386120E
:101E9000102106F80B20F2F761FE16F80B20102136
:101EA00060F38202504606F80B20F2F757FE16F850
:101EB0000B2000F001004FEA890360F3C302009396
:101EC000530706EB0B0106F80B2046D400285BD124
:101ED00000220BF11803F250F118009B8A8003EBEB
:101EE000090216F832303A4D23F0120306F8323068
:101EF00098F800A0A5F102080AF0010A04E00134F4
:101F0000082C05F1080516D018F83430C3F3400248
:101F100013F00103F3D05245F1D128460622394689
:101F200001930AF079FC019B0028E8D108EBC40872
:101F300088F8019000E000230020DDF800B05B018C
:101F4000CB4416F83B2043F0010322F02102134357
:101F500006F83B3005B0BDE8F08F1E4BDFF878E0A7
:101F60001A78CA751D490EF8029001EB0211013270
:101F70001A7005F10F02013D12F801C9AA4201F8D9
:101F800001CFF9D10028A3D00021DAF800E0DAF877
:101F900004C0DAF80850DAF80C000BF10702009BD5
:101FA00046F802E03244C2F804C09560D06003EB0A
:101FB000090206EBC20251628AE7072005B0BDE8BC
:101FC000F08F122005B0BDE8F08F00BF70580021DF
:101FD000B259002176600021E8570021EF57002117
:101FE000072807D8044B00EB800013F83000C0F33B
:101FF000C0007047002070477058002107280CD897
:10200000074900EB800011F83030C0001A0704D5F2
:102010009B0702D50144486A70470020704700BF03
:10202000705800210346024A024812781A7070471D
:1020300076600021F057002170B50C4658B1072991
:1020400015D82E4D15F8343013F0010624D005EBC9
:10205000C405687870BD072930D8294B04EB840289
:1020600013F8323013F0010538D0204670BD40F22D
:102070007733244A2449254808F070F9002383F374
:102080001188BFF36F8F0323184602DF1B4D15F82D
:10209000343013F00106DAD14FF45E73194A1C494B
:1020A0001A4808F05BF986F31188BFF36F8F03239A
:1020B000184602DF05EBC4056878CBE7054640F219
:1020C0007B33104A1349114808F048F985F3118809
:1020D000BFF36F8F0323184602DFBEE740F27D3364
:1020E000084A0D49094808F039F985F31188BFF30A
:1020F0006F8F0323184602DF2046B7E7B05900214F
:102100007058002194DB010110DC010188CD010130
:10211000BCDC0101D4DC01017CDD010138B5234BBD
:1021200004461B7883420DD9214B1C5D072C1CD81B
:10213000204B04EB840213F8323013F0010524D055
:10214000204638BD40F287331B4A1C491C4808F022
:1021500005F9002383F31188BFF36F8F032318461B
:1021600002DF134B1C5D072CE2D940F28933124A7F
:102170001449134808F0F2F8002383F31188BFF3E1
:102180006F8F0323184602DFD2E740F28A330A4AF0
:102190000D490B4808F0E2F885F31188BFF36F8F03
:1021A0000323184602DF204638BD00BF76600021B9
:1021B000E85700217058002194DB010188DD0101FE
:1021C00088CD0101A8DD01017CDD0101072825D8AA
:1021D000F8B5134F00EB800317F83330044613F0C3
:1021E00001054FEA800605D0264417F83600C0F3F3
:1021F0004010F8BD40F295330A4A0B490B4808F0ED
:10220000ADF885F31188BFF36F8F0323184602DF03
:10221000264417F83600C0F34010F8BD0020704780
:102220007058002194DB0101E4DB010188CD01013C
:10223000F8B5144B1B788BB107290C460ED868B93A
:10224000114F01EB810317F833308E0013F00105B5
:1022500009D0264417F83600430701D40120F8BD01
:10226000C0F30010F8BD40F2AE33084A08490948EF
:1022700008F074F885F31188BFF36F8F03231846B5
:1022800002DFE6E7776000217058002194DB01014E
:10229000E4DB010188CD01011378FF2B19D12DE971
:1022A000F047194D0446AE46002303EB830C15F8A6
:1022B0003CC09E001CF0010003D0CCF3801CA44560
:1022C00009D00133082B0EF1280EEED10120BDE814
:1022D000F08701207047F0464FF0000C4F1E18F8B1
:1022E00001AF17F8019F0CF1010CCA45E9D1BCF10F
:1022F000060FF4D113701E4415F836305A07E6D590
:10230000C3F30010E3E700BF7058002110B40E4B78
:102310001C7884B1072A0ED80C4C02EB820214F808
:1023200032C0D2001CF0080F05D020B14B7903F069
:10233000C003402B02D0002010BC70470732A01809
:1023400010BC08F0A4BC00BF7760002170580021C9
:10235000024B1878003818BF0120704777600021C1
:1023600000F000BB08B5002303F0C6FD002008BD47
:10237000684620F007018D4601B502F08BFDF1F7AC
:102380000DFCBDE801408546704700BF08B50A4B0B
:10239000D3F840213AB90120F2F7D0FCBDE808405B
:1023A0000220F2F7CBBC0020C3F84001D3F8403143
:1023B000F4F7C2F8EFE700BF001001410020F2F788
:1023C000BDBC00BF70B508BB214B224C1A782178E8
:1023D000D3B291420FD040F237431F4A1F492048E1
:1023E00007F0BCFF002383F31188BFF36F8F032333
:1023F000184602DF23781B4E1B4D013332782370C1
:102400002B78934212D033782B7070BD40F2324358
:10241000114A1649124807F0A1FF002383F31188DF
:10242000BFF36F8F0323184602DFCDE740F23D4331
:10243000094A0F490A4807F091FF002383F31188E6
:10244000BFF36F8F0323184602DF33782B7070BD04
:102450007860002179600021B0DD0101F8DD010123
:1024600088CD01017D6000217C600021FCD4010148
:1024700014DE010170B51A4E1A4D33782A780446DD
:102480009A420BD03378184E2B70184D1CB9337804
:102490002A789A4212D033782B7070BD40F21E43D6
:1024A000134A1449144807F059FF002383F3118895
:1024B000BFF36F8F0323184602DFE3E740F229439F
:1024C0000B4A0E490C4807F049FF84F31188BFF30B
:1024D0006F8F0323184602DF33782B7070BD00BF67
:1024E0007B6000217A600021786000217960002102
:1024F000B0DD01013CDE010188CD010164DE010196
:1025000002F05EBE38B5194C194D237829788B42FC
:102510001AD00022174B21700599012099601146AD
:10252000F2F7AEFB00B938BD40F2B443124A13498A
:10253000134807F013FF002383F31188BFF36F8F55
:102540000323184602DF38BD40F2AE430A4A0D4964
:102550000B4807F003FF002383F31188BFF36F8F4D
:102560000323184602DF2978D3E700BF78600021F3
:1025700079600021A4010021B0DD010170CF0101CB
:1025800088CD010180DE01012DE9F0473F4A404D31
:1025900012782B780E469A428AB005D13D4B3E4ABE
:1025A0001B7812789A4268D03768DFF8F08007F11C
:1025B000310424F07F442046D8F80010F4F74EF997
:1025C00010F4000002D10AB0BDE8F087344A354B60
:1025D00011781A7891421CD03046C1683248C8F848
:1025E0000040002207903120304C3B46CDE90541A8
:1025F00029780131C9B22970009011461046CDE901
:102600000322CDE901220892F3F7A8FF0AB0BDE842
:10261000F087204A2049127809789142DCD04FF0A7
:1026200000091A7849460132D2B21A7048464A4621
:102630001F4BCDF80090F4F73DF810F0FD0FCBD014
:102640004FF494631B4A1C491C4807F087FE89F32A
:102650001188BFF36F8F4FF0030A504602DF40F23C
:102660006943144A1449154807F078FE89F3118824
:10267000BFF36F8F504602DFAEE70768DFF81C80BC
:1026800007F1310424F07F44A7E700BF7C600021FC
:102690007D60002178600021796000212C5A0021A2
:1026A0007A6000217B600021C5230101052501011D
:1026B00075240101B0DD0101CCD2010188CD0101F9
:1026C000814A9368002B76D02DE9F04F136882463B
:1026D00089B07BB14FF0FF338DF80A3003E0067FFD
:1026E00016F0030609D00DF10A00F5F703FA0546C6
:1026F0000028F4D109B0BDE8F08FC36853456ED00F
:10270000B146B046076802E0037F990722D00DF179
:102710000A00F5F7EFF904460028F5D1B8F1000FEB
:1027200008BFA84641464046FFF72EFF30F002039F
:10273000E0D040F2FB43654A6549664807F00EFE6B
:1027400084F31188BFF36F8F0323184602DF09B0AB
:10275000BDE8F08FC368B9F1000F0ED0534510D01B
:10276000D4F800B039465846F4F778F800F4000081
:1027700000281CBFA0465F46C9E79A4556D081464F
:10278000EEE72B7F284643F002032B77E968AB691D
:102790009847A1459ED1FF238DF80A3003E0037FBF
:1027A00013F0030408D00DF10A00F5F7A3F905466C
:1027B0000028F4D19EE77047C36853450FD040F21C
:1027C0001E53424A4449434807F0C8FD84F3118828
:1027D000BFF36F8F0323184602DFD5F80CA03A4AE7
:1027E0005046D2E9001303AA9847044638B310F1C3
:1027F000100F3FF47FAF344A002093681168984768
:1028000014F10B0F24D08C343FF474AF40F25B53BF
:102810002E4A32492F4807F0A1FD002383F3118887
:10282000BFF36F8F0323184602DF63E72B7F284631
:1028300043F002032B77E968AB699847ABE72B7F3E
:10284000284643F00203AA69E9682B77904751E7CD
:102850000225FF248DF80B400DF10B00F5F74AF926
:1028600098B1037F9A07F7D40EB9DB07F4D4164A60
:10287000C36811689942EFD1037F43F002030377E5
:10288000836998478DF80B40E6E70126B54201D0F1
:102890003546DFE70C49002408460A6800950546DE
:1028A00007922C60039B8968406804AACDE905441F
:1028B0000494F5F7D7F8044600287FF41BAF40F2E4
:1028C0005953024A064938E7305A0021B0DD010168
:1028D000CCD2010188CD01019CDE0101C8DE0101DD
:1028E000C0DE010110B5154809F086FA10B30024C6
:1028F000134B9C6000F042FB00281ADB21460820A5
:102900002246F1F737FB224611200121F1F732FB75
:10291000224621461C20F1F72DFB0820F1F7FAFA98
:102920001120F1F7F7FA1C20F1F7F4FA02F0E2FABD
:10293000204610BD6FF0120010BD00BF1CCA01017F
:10294000305A002108B500F029FB002809DB0820D7
:10295000F1F7EEFA1120F1F7EBFA1C20F1F7E8FAA3
:10296000002008BD0A460146024892B283681B68EF
:10297000184700BF1CCA010130B4074DAB685C6842
:1029800034B1A4468AB200230146284630BC6047D1
:102990006FF0850030BC70471CCA010130B4074D90
:1029A000AB685C6834B1A4468AB20023014628466D
:1029B00030BC60476FF0850030BC70471CCA010115
:1029C0000020704730B5254B044683B070B31A68B9
:1029D000824225D0FF250DF107008DF80750F5F74D
:1029E00089F838B91AE0A1420AD00DF10700F5F7CD
:1029F00081F898B1037F9B07F7D4C168002CF2D10E
:102A0000037F826943F00203037790470DF10700CB
:102A10008DF80750F5F76EF80028EBD103B030BD04
:102A20009D6865B101460020A847D3E79D68002D49
:102A3000D0D019680029CDD00020A847CAE740F2BD
:102A4000CB13074A0749084807F088FC85F311882B
:102A5000BFF36F8F0323184602DFBBE7305A002114
:102A6000B0DD0101D4DE010188CD010100207047F5
:102A700038B50446F5F730F864B1054620B324684C
:102A80000020F5F753F82046F5F7F6F8044658B15C
:102A9000002038BD1B4DAC682CB300232C68AB6004
:102AA0002B60002CEBD1EBE74FF40F73164A17495C
:102AB000174807F053FC84F31188BFF36F8F03238B
:102AC000184602DF002038BD40F205230E4A1149A6
:102AD0000F4807F043FC85F31188BFF36F8F032382
:102AE000184602DFCBE740F20A23074A0A490848A2
:102AF00007F034FC84F31188BFF36F8F032318466B
:102B000002DFCAE7305A0021B0DD010100DF010118
:102B100088CD0101DCDE0101ECDE01018446064ABC
:102B200013689068B3EB0C0318BF0123B0FA80F070
:102B30000B704009704700BF305A002131207047A8
:102B400010B51446F3F788FE2146F3F787FE0346D7
:102B500010F4000004D10333092B88BF184610BDC0
:102B6000002010BD262810B504461CD0272812D0FE
:102B7000252808D00A281ED9272821D8033040004C
:102B800002F04CFA02E0022002F048FA2046BDE8CA
:102B9000104002F049BA502002F040FA2046BDE849
:102BA000104002F041BA1A2002F038FA2046BDE87F
:102BB000104002F039BA0230400002F02FFAE5E787
:102BC00040F2A523064A0749074807F0C7FB002340
:102BD00083F31188BFF36F8F0323184602DFD5E715
:102BE000B0DD010164CE010188CD010102F080BA9F
:102BF00002F08ABA08B502F0E3FABDE8084002F034
:102C00005BBD00BF08B502F0DBFA02F055FDBDE880
:102C1000084002F0F9BC00BF08B502F0D1FA02F09A
:102C20004BFD02F02FFD02F08FFFBDE8084002F0DF
:102C3000EBBC00BF014608B5184802F03BF902F0B2
:102C400005FB60B102F028FE02F084F900F0E6F91D
:102C500000280EDBBDE808400020FFF709BF02F0A6
:102C600093FA02F019FE02F075F900F0D7F9002886
:102C7000F0DA40F221330A4A0A490B4807F06EFBAA
:102C8000002383F31188BFF36F8F0323184602DFFD
:102C9000BDE808400020FFF7EBBE00BF01250101A1
:102CA000B0DD010108DF010188CD010110B5044646
:102CB00002F086FA02F000FD02F0E4FC02F044FFAC
:102CC00002F0A2FC2046BDE81040FFF7B3BF00BFF2
:102CD000014608B5144802F0EDF802F0B7FA40B129
:102CE00000F09CF900280ADBBDE808400020FFF74F
:102CF000BFBE02F049FA00F091F90028F4DA4FF46F
:102D00004C730A4A0A490B4807F028FB002383F357
:102D10001188BFF36F8F0323184602DFBDE8084018
:102D20000020FFF7A5BE00BF01250101B0DD0101B4
:102D300008DF010188CD01012DE9F04FFF2489B0A2
:102D40008046894692461F469DF848B08DF81F4040
:102D500002E0037F9C0722D00DF11F00F4F7CAFEAA
:102D60000028F6D1684D0446AB68002B40F0818006
:102D7000FB68C5E901892B603846D047054603E06A
:102D8000037F13F0030356D00DF11F00F4F7B2FEDA
:102D900001460028F4D1284609B0BDE8F08F056847
:102DA0003E689DF81F300446294630460593F3F7E8
:102DB00055FDBBF1000F01D1010254D4BC4214BF38
:102DC0002646002602E0027F920724D00DF11F0064
:102DD000F4F790FE0028F6D1059B4B4D8DF81F307F
:102DE000AB68002B46D1002E44D1002CC0D0BBF1E3
:102DF000000F66D1BC42BBD040F2B533434A4449D0
:102E0000444807F0ABFA8BF31188BFF36F8F0323AD
:102E1000184602DFACE70268294604901046039288
:102E2000F3F71CFD039A049B00F4000000281CBF6C
:102E300015461E46CAE71C46FFF7A6FB30F0020304
:102E4000A9D040F2D533314A3349324807F086FAE7
:102E500084F31188BFF36F8F0323184602DF2846DF
:102E600009B0BDE8F08FFF2335465C465E4605930A
:102E7000ACE72646494653463A464046CDF800B0B0
:102E8000F4F7F0FD014638B3BBF1000F16D1002E68
:102E900035D03046FFF778FB30F002030ED04FF408
:102EA00064731A4A1C491B4807F058FA002383F33D
:102EB0001188BFF36F8F0323184602DF6FF076058A
:102EC00069E753463A4649464046CDF800B0F4F724
:102ED000C9FD06460028F1D140F27E330B4A0F4966
:102EE0000C4807F03BFA002181F31188BFF36F8F84
:102EF0000323184602DFBBF1000FC8D0DEE7002C29
:102F000014BF26460E46C4E7305A0021B0DD010149
:102F10001CDF010188CD0101CCD2010114DF0101C8
:102F200001F1100005F030BD70B505460C468AB0C1
:102F30000122002104A809F0ABF803230026029324
:102F40000D4B694628460396019307F091FA002835
:102F500010DB4FF40043314640F2E7304FF47A7211
:102F6000E4FB03010023EDF7A7F802460B4604A893
:102F700005F044FD0AB070BD212F010110B50120FC
:102F800003F0ECF80124002303494B608C60CB6014
:102F9000BDE8104007F06CBA405A002110B501207E
:102FA00003F0DCF80446044907F0DDFA2046BDE8EA
:102FB000104007F0B4BA00BF405A00210C4B1A78F9
:102FC0000AB100207047012010B5187003F0C6F850
:102FD0004FF4FA710446FFF7A7FF38B9204607F00F
:102FE0009EFA02280CBF00206FF0040010BD00BF45
:102FF0007E60002108B5084BD3E8EF2F511CC3E8D1
:10300000E01F0028F8D1002A01DD002008BD03F0F0
:10301000ADF8002008BD00BF3C5A002108B50A4B9E
:103020001A68002A0DDDD3E8EF2F511EC3E8E01F18
:103030000028F8D1012A01DD002008BD03F0A8F81E
:10304000FAE76FF0770008BD3C5A00210520704771
:1030500032207047014B33F81000704750DF0101F8
:1030600010B50446FFF7D8FD02F002FB2046BDE88C
:103070001040FFF7DFBD00BF30B583B0054602F05A
:10308000E3F8FFF7B7FD962002F02EFB0023184669
:103090001A46194602F078FA0120F4F781FC04463A
:1030A000002847D004F11C0002F016F802F0AEF838
:1030B000F0B92946274801F0FDFEFFF749F970BB3A
:1030C00002F06AFC00210446084602F01FF80021C5
:1030D0000546084602F016F82C44CB34201A02F0BC
:1030E000E7FB02F03BFC03B0BDE8304002F07CBAE5
:1030F00040F2A143184A1949194807F02FF9002353
:1031000083F31188BFF36F8F0323184602DF114842
:10311000294601F0CFFEFFF71BF90028D0D00DF1B2
:103120000700FEF77FFF002201469DF8070002F02E
:10313000BFFCC5E740F29D43074A0A49084807F02B
:103140000DF984F31188BFF36F8F0323184602DF54
:10315000A8E700BF1938010160DF0101B4DF0101F8
:1031600088CD0101ACDF0101814208B50ED00B7A98
:10317000DB0702D46FF08B0008BD134B1360FFF721
:1031800039FF00280FDB6FF00A0008BD0B7B01EB55
:1031900083010B691B7803F00F03012B14BF6FF041
:1031A0008B00002008BD40F25143084A08490948F5
:1031B00007F0D4F8002383F31188BFF36F8F032344
:1031C000184602DFDFE700BF1D36010160DF0101A5
:1031D00008DF010188CD010110B50446FFF71CFD91
:1031E00002F046FA2046FFF725FD00210B4B012295
:1031F00008469C60F1F744FD00B910BD40F2B6539B
:10320000074A0849084807F0A9F8002383F3118802
:10321000BFF36F8F0323184602DF10BDB4010021F6
:1032200060DF010170CF010188CD010110B5E8B167
:103230000C46FFF7F3FE002804DB2046BDE81040F3
:10324000FFF716BC40F277430C4A0D490D4807F0D2
:1032500085F8002383F31188BFF36F8F032318468B
:1032600002DF2046BDE81040FFF702BC064801F02F
:1032700021FEBDE8104001F087BF00BF60DF010103
:1032800008DF010188CD010161300101042210B580
:103290000024074B28219818F1F7FCFB054B9C8173
:1032A00002222146044808F0F3FE204610BD00BF6C
:1032B000805A0021705A0021585A0021042210B56A
:1032C0000024074B28219818F1F7E4FB054B9C815B
:1032D00002222146044808F0DBFE204610BD00BF54
:1032E000805A0021705A0021585A002110B5044616
:1032F0000548F1F7F3FB20B10346002058706360E6
:1033000010BD6FF00B0010BD805A00210022034653
:1033100010461A705A709A60704700BF38B52B4D2E
:103320002B7B6A7B9A4202D055F8234034B9284857
:10333000F1F7D4FB044680B1204638BD254805F09E
:1033400083FB2B7B6A7B9A42F6D00133DBB2032BE3
:1033500008BF00232B73204638BD4FF420320023D2
:103360001C4805F04BFB90B91A4805F06DFB2A7B11
:103370006B7B93421AD0531CDBB2032B08BF002394
:1033800055F822202B738AB11446204638BD4FF4DD
:10339000DB73114A1149124806F0E0FF84F31188EB
:1033A000BFF36F8F0323184602DFDDE740F2BB1344
:1033B000094A0C490A4806F0D1FF002383F311881B
:1033C000BFF36F8F0323184602DFB5E7705A002161
:1033D000805A0021585A002160DF010140CE0101CE
:1033E00088CD0101C8DF010110B5027843789A4207
:1033F00014D0D4B244700278944204D05A1C437062
:10340000D3B2022B0ED01A460B7000EB8204606818
:1034100000B110BDFFF782FF606010BD0133DBB269
:10342000022BF0D100221346EEE700BFF8B5027878
:1034300043780446934226D0D5B2154A00EB85075F
:10344000507B92F80CC0431CDBB2032B08BF002357
:103450009C450E46796806D042F8201053730D48FB
:1034600005F092FA00216B1CDBB2022B08BF002290
:10347000796014BF1A46134601212370317004EBA2
:1034800082046068F8BD1A4604EB82046068F8BDE7
:10349000705A0021585A002170B5057A0446C5F3C8
:1034A000021595FAA5F0002DB0FA80F008BF4FF094
:1034B000FF3082B000F1010646D0227A6B1E2B400D
:1034C00063F3061206F124002272FFF74BFB002380
:1034D0000DF1070104F10C008DF80730FFF7A6FF8E
:1034E0000546002842D0284601F0FCFD2B7803F069
:1034F0000F03022B1FD00DF1070104F11800FFF795
:1035000095FF0646002840D09DF8073063B9214654
:10351000254801F0CFFC962002F0E6F8002002B02A
:10352000BDE8704002F01CB8D5F80230C6F8023091
:10353000EB88F380EBE721461C4801F0BBFC02B0AE
:10354000BDE8704002F036B840F2C153184A19493C
:10355000194806F003FF85F31188BFF36F8F03232B
:10356000184602DF257AC5F30215A6E740F2CA53D2
:103570000F4A1249104806F0F1FE85F31188BFF397
:103580006F8F0323184602DFADE740F2D453084A99
:103590000B49094806F0E2FE86F31188BFF36F8FEE
:1035A0000323184602DFAFE779300101C535010179
:1035B00060DF0101CCDF010188CD0101D4DF010111
:1035C000D8DF010110B5044601F03EFEFFF724FBF1
:1035D000237A03F07102012A06D11A46C3F342038B
:1035E00063F306122272D3B213F0700F05D0636832
:1035F00053B193F82C309B0706D502F039F82046DA
:10360000BDE81040FFF716BB2046FFF745FF01F06D
:10361000A3FDBDE8104002F0A1B900BF70B5C368BA
:1036200004461E68F3F718F905463046FFF786FA98
:1036300002460023AD1AC4E9005323812046BDE8A9
:103640007040EEF73DBE00BF10B582B00446FFF7F4
:10365000D1FC00281CDB0023154A164916480094AB
:10366000F4F738FB08B1773001D102B010BD40F259
:10367000AF23124A1249134806F070FE002383F369
:103680001188BFF36F8F0323184602DF02B010BD0D
:103690004FF42B73094A0C490A4806F05FFE0023D9
:1036A00083F31188BFF36F8F0323184602DFD2E73D
:1036B000C12200012D3201016931010160DF0101E8
:1036C000C4CF010188CD010108DF01012DE9F041DE
:1036D0000D46417A1746CA071E469DF8188009D53F
:1036E000B8F1000F17D02B78B7EBD31F1AD00020FA
:1036F000BDE8F0812946044611F8020B079AC0F391
:103700008010FEF7C9FD0028EDD1637ADB07EED506
:10371000B8F1000FE7D1079B1878FEF757FD002896
:10372000E1D1E4E70622304605F1080109F074F81A
:10373000B0FA80F04009BDE8F08100BF2DE9F84FF4
:103740001F460B9B06460C4692469DF828909DF816
:1037500030506BB9437A03F00303012B2CD9002DB1
:103760003AD02378BAEBD31F4AD00020BDE8F88FB7
:10377000884618F8020B0D9A4146C0F38010FEF7F8
:103780008BFD0028F2D094F800B0BAEBDB1FECD12F
:103790003846062204F1080109F03EF80028E4D179
:1037A0000D9B1B78FF2B1ED0B27AFF2A1BD0981AD4
:1037B000B0FA80F04009D9E711F8020B0D9AC0F376
:1037C0008010FEF769FD0028CBD1737A03F0030364
:1037D000012BCAD9002DC4D10D9B1878FEF7F6FC39
:1037E0000028BED1C1E7CBF3801BCB45BDD106225B
:1037F00041460B9809F010F8B0FA80F04009B5E79F
:103800000622384604F1080109F006F8B0FA80F003
:103810004009BDE8F88F00BF2DE9F04F8BB004469A
:1038200001F008FDC0B250B9FFF7F6F92146834810
:1038300001F040FB0BB0BDE8F04F01F0A5BC01F07A
:103840001BFD054601F028FF074601F02FFF02F09F
:1038500091F9824602F072F9814601F0DFFEEDB285
:103860008046FFF7D9F9002DE0D01AF0FF0A40F0AA
:103870008180FF208DF827000120F4F791F805469C
:10388000002800F0AE80237B95F81C9004EB8303A6
:10389000186909F00F09034613F8026B05F11C01C2
:1038A00006F00F0CBCF1010F14BF4FF0000B00F13C
:1038B000080BB9F1030FC6F38012FFB24FEAD61618
:1038C0005FD0B9F1050FB1D1687F2228AED1606811
:1038D0000028ABD090F82C5015F00205A6D10DF1C0
:1038E00027000390CDE901B720460096FFF726FF99
:1038F00000289BD00420F4F753F8002896D02146E6
:103900004F4801F0D7FA01F03FFC01F07FFC00289E
:1039100058D15FFA88F000284ED1626892F82C30B6
:1039200043F0010382F82C30F4F756F817224FF6D3
:10393000FF730271C3808460054601F0A5FF286112
:1039400002F024F800210446084601F0DFFB241AA7
:103950006C61BAF1000F12D09DF827306B76F4F746
:103960003BF8034629462868EB60F4F763F80BB090
:10397000BDE8F08F5FFA89F0FEF7D0FB7AE7FF230E
:10398000ECE7687F0C287FF451AFBBF1000F7FF4A8
:103990004DAF0DF12700019000972046CDE9062399
:1039A0000591FFF793FE58BBDDE9051295F81C90D1
:1039B000079B09F00F0984E701F020FE636883F894
:1039C000A600AAE740F26D631E4A1F491F4806F091
:1039D000C5FC85F31188BFF36F8F0323184602DF00
:1039E00097E740F20D63174A1949184806F0B6FCEC
:1039F00085F31188BFF36F8F0323184602DF42E778
:103A000021460E4801F056FA01F0D4FD237E04EB66
:103A10008303D86901F066FB01F0F8FB0028A6D00B
:103A200040F22663074A0849084806F097FC8BF3E2
:103A30001188BFF36F8F484602DF98E7C535010153
:103A4000D931010160DF0101B4DF010188CD01013D
:103A5000ACDF01010021EEF7F3BC00BF30B5044636
:103A600083B0FFF7D9F8A37D6FF30003A3759B061E
:103A700002D46368002B37D0962001F035FE002376
:103A80001A461946184601F07FFD0120F3F788FF1A
:103A90000546D0B105F11C0001F01EFBFEF758FCF5
:103AA00040B901F0A1FD2146114803B0BDE8304006
:103AB00001F000BA0DF10700FEF7B4FA002201464A
:103AC0009DF8070001F0F4FFEBE740F25F33094A8D
:103AD00009490A4806F042FC85F31188BFF36F8F4D
:103AE0000323184602DFD5E701F064FDCDE700BFF0
:103AF000B12700011CE00101ACDF010188CD01010B
:103B000010B50446FFF788F801F0B2FD2046BDE885
:103B10001040FFF78FB800BF08B5FFF79FFF01F017
:103B200003FBBDE8084001F019BF00BF70B582B0CB
:103B30000546FFF75FF801F03DFD0120F3F730FF88
:103B40000446002841D004F11C0001F0C5FA01F040
:103B50005DFBE0B9FEF7FCFB60BB01F01DFF00213F
:103B60000446084601F0D2FA00210646084601F054
:103B7000C9FA3444CB34201A01F09AFE01F034FD26
:103B80002946194802B0BDE8704001F093B940F2EF
:103B90001A33164A1649174806F0E0FB002383F350
:103BA0001188BFF36F8F0323184602DFFEF7D0FBA7
:103BB0000028D2D00DF10700FEF734FA00220146AA
:103BC0009DF8070001F074FFC7E740F21633074A7B
:103BD0000949084806F0C2FB84F31188BFF36F8FD0
:103BE0000323184602DFAEE7B12700011CE0010104
:103BF000B4DF010188CD0101ACDF010170B5C368FC
:103C000004461E68F2F728FE05463046FEF796FF8A
:103C100002460023AD1AC4E9005323812046BDE8C3
:103C200070400121EEF70CBC00B9704708B5084A96
:103C300040F28F230749084806F090FB002383F3E6
:103C40001188BFF36F8F0323184602DF08BD00BF42
:103C50001CE00101FCD4010188CD01014B6823B1B6
:103C60004B6893F82C30DB0710D4814210B51ED07E
:103C70004C6A14B16FF08B0010BD104B1360FFF74E
:103C8000B9F9002804DB6FF00A0010BD002070476E
:103C90004FF40D730A4A0B490B4806F05FFB84F39F
:103CA0001188BFF36F8F0323184602DFEBE7074845
:103CB00001F000F901F068FA002010BDFD3B0101A0
:103CC0001CE0010108DF010188CD0101112700017D
:103CD000002208B503990C4B012099601146F0F7BA
:103CE000CFFF00B908BD4FF42273084A08490948BC
:103CF00006F034FB002383F31188BFF36F8F032397
:103D0000184602DF08BD00BFC40100211CE001010C
:103D100070CF010188CD010130B5044685B0FEF7B2
:103D20007BFF20460DF10F01FEF7F8FEE8B90546CE
:103D300001F09EFC94F816E02B46CEF3410C0CF1FA
:103D4000010C0CF0030CBCF1030F08BF4FF0000C8A
:103D50006CF3420E009503222946284684F816E0AB
:103D6000F2F7A8FC2046FEF765FF05B030BD00BFA6
:103D70002DE9F84316469DF8209080464A460D46A8
:103D8000304619461F46FEF7C1FA0446A0B91DB1D8
:103D900098F817309B071CD498F81650C5F3801379
:103DA000B3420CD0C5F3C105012D05D926B17B79ED
:103DB00003F0C003402B12D02046BDE8F883062252
:103DC000394608F1190008F027FD0028EAD101243E
:103DD000F2E74846FEF712F90028EDD1DCE7099B2F
:103DE000002BF4D00123099A1370F0E710B5E8B165
:103DF0000C46FFF713F9002804DB2046BDE810400D
:103E0000FEF736BE4FF41E730C4A0D490D4806F0FE
:103E1000A5FA002383F31188BFF36F8F032318469D
:103E200002DF2046BDE81040FEF722BE064801F042
:103E300041F8BDE8104001F0A7B900BF1CE0010146
:103E400008DF010188CD0101193D01010020704703
:103E50000020704710B582B00446FFF7CBF8002869
:103E60001BDB0023144A154915480094F3F732FF71
:103E700008B1773001D102B010BD8323114A124935
:103E8000124806F06BFA002383F31188BFF36F8F9B
:103E90000323184602DF02B010BD8023094A0C49F3
:103EA0000A4806F05BFA002383F31188BFF36F8F93
:103EB0000323184602DFD4E7553A0101ED3D010125
:103EC0005D3C01011CE00101C4CF010188CD01016D
:103ED00008DF010110B504460846A17D090702D498
:103EE00042B9012010BD002AFBD1BDE810401846A0
:103EF000FEF76CB91946FEF79BF90028F1D1A07DB9
:103F0000C0F3C00010BD00BF2DE9F04F83B09DF895
:103F100038609DF83040B60106F0400646F02506B0
:103F200046EAC4160C464FF0220C01279846237827
:103F30000F9903F0100333434668237084F801C0DF
:103F40000B681546C4F802308B880D9AE38013681D
:103F50008146A3609388A3817368C4F80E303289C8
:103F6000B37A677562822375B6F816A001F00EFD6C
:103F7000074665B16B0740D405F0030B0BF12B0B23
:103F80004FEACB0BC5F340032BFA03FB01E04FF4E0
:103F9000B07B4146284601F0B9F807F5AF67D9F87C
:103FA00010305F448046A7EB000B4BBB109AC2F861
:103FB00000B0A375E375F28A94F823302283328B24
:103FC0006283B9F81420A283D6F82220C4F81E20F8
:103FD00096F8262084F8222096F8282062F304031D
:103FE00084F82330FFF732F894F8233060F3471356
:103FF00084F8233003B0BDE8F08F4FF4356BC8E789
:1040000040F2E24303FB0AFA01F044FC0346D9F80C
:104010001020284601211D46019201F075F8019AF1
:104020002B181344002B01DB5B4501D25344F9E705
:10403000109AA8EB070813609844044BA3FB0823CD
:10404000627D9B0A0132E3826275B4E75917B7D1EA
:10405000F8B50546FEF7E0FDF3F700FE044600283C
:104060003ED00120264B274A1B781278834002401D
:1040700003F002031343A279234922F003021343FE
:10408000224A0988A3711378A1802070237219B184
:1040900095F92730002B04DB2846BDE8F840FEF7F1
:1040A000C9BD95F82C30C3F30213022B16D0042B94
:1040B0000CBF4FF4BC77282701F044FC064601F002
:1040C00047FC0023361AE660EA6B2846C4E9042759
:1040D000EB636B64BDE8F840FEF7ACBD1827EBE777
:1040E00040F2E7330A4A0B490B4806F037F984F3EC
:1040F0001188BFF36F8F0323184602DFB1E700BFBB
:1041000082600021836000216660002181600021BF
:104110007CE00101F8D2010188CD010108B501F070
:10412000B5F8034601211A78002061F301021A70E4
:1041300008BD00BF0020014B187070477F60002150
:10414000704700BF002330B4064A074C1380074D68
:1041500007480849084A2B70238003700B701370BE
:1041600030BC7047666000216860002182600021D9
:1041700083600021846000218160002191F82C304F
:104180005B070AD481420AD1064B1B88002B14BF5F
:104190006FF08B006FF00F007047002070476FF0DA
:1041A0008B0070476660002191F82C305B070AD4C1
:1041B00081420AD1064B1B88002B14BF6FF08B0085
:1041C0006FF00F007047002070476FF08B00704752
:1041D0006860002138B50D46002842D00446FEF73D
:1041E0001DFF002854DBE36821894A1C9983598B01
:1041F0000A4493F927105A83002913DBF3F72EFDA5
:104200000446F8B100220121A379A28023F0030320
:1042100043F00203A371217022722846BDE83840A2
:10422000FEF726BC20891A6B996B00FB02220A4418
:10423000596B8A4228BF0A469A63F3F70FFD04467A
:104240000028DFD14FF487731B4A1C491C4806F035
:1042500085F884F31188BFF36F8F0323184602DFBC
:10426000D0E791F92730002B0ADB2946154800F0EA
:1042700021FE00F089FF95F862301B0717D438BD86
:10428000114B1B88002BF0D10122104B1A70ECE768
:10429000F523094A0E490A4806F060F8002383F323
:1042A0001188BFF36F8F0323184602DF9BE7BDE839
:1042B000384001F0F3BB00BF7CE00101F8D20101FE
:1042C00088CD010151400101686000218260002118
:1042D00008DF010170B505460120F3F761FB0446D4
:1042E00050B30021617704F11C0695F8494004F0B1
:1042F0000704204600F036FE95F86230A2001B0746
:104300000FD51F21082042F0010200F0B5FE324611
:10431000214605F1630001F045FBBDE8704000F067
:10432000DBBE08201B2142F0010200F0A5FE304652
:10433000BDE8704000F0D0BE40F21A33064A07498B
:10434000074806F00BF884F31188BFF36F8F03233F
:10435000184602DFC5E700BF7CE00101ACDF0101C8
:1043600088CD010138B50446FEF744FC334AA089E4
:1043700013880133138001F0B7F994F8482094F8BA
:104380004900C2F3C003002102F0070200F0070059
:1043900001F0FAF82046FFF79DFF00F041FF0028EA
:1043A0003BD101F0F9FA0346258A94F8490001212E
:1043B0000D3500F007001D4400F0A8FE94F84930C8
:1043C000054403F00703022B25D0042B0CBF4FF448
:1043D000BC73282394F848001D44C0F3C00100F0CA
:1043E000070000F08FFE281A01F062FA144B1B88B8
:1043F0001BB994F92730002B05DA2146BDE8384077
:10440000104800F057BD01F0EFF82146BDE83840F4
:104410000C4800F04FBD1823DCE740F2B6230A4AEF
:104420000A490B4805F09AFF002383F31188BFF374
:104430006F8F0323184602DFB3E700BF68600021D7
:1044400066600021794501017CE00101C8E00101BD
:1044500088CD010170B505460E4690F8481001F070
:1044600007042046C1F3C00100F07CFD95F86230DE
:10447000A200DB0642F001020CD508201F2100F04B
:10448000FBFD314605F1840001F090FABDE8704073
:1044900000F028BE08201B2100F0EEFD3046BDE8EC
:1044A000704000F01FBE00BFF0B5054683B001AA02
:1044B0000F46D0E91301F0F775FB95F86230064618
:1044C0005A073BD448B3019C95F8613095F86020B9
:1044D00004341C4412B9627885F8602033B101229B
:1044E000237862F30103237095F8613095F860201A
:1044F0002846D31A6370F7F7A9FB637883422BD958
:104500006070012100222378A27003F00F0343EAB8
:10451000011323703C6003B0F0BD43F0040385F841
:10452000623000F0B3FE0446124B1B78EBB12378E7
:1045300043F0100323703C6003B0F0BD43F004036C
:1045400085F8623000F0A2FE0446002EECD02378FD
:1045500043F010032370EEE732682B6D9A42D0D1FE
:10456000044B19780029CCD1CCE7227863F30412EC
:104570002270CFE77F6000212DE9F04F85B004461F
:1045800000F058FEC0B250B9FEF73CFB2146BA48D5
:1045900000F090FC05B0BDE8F04F00F0F5BD00F074
:1045A0006BFEC5B201F03AF8B44F5FFA80F8FEF73F
:1045B00029FB3B88012001333B80F3F7F1F90646E4
:1045C000002800F01181002D51D1AD4B1F78002F34
:1045D00040F0DA800122204603A91A70FFF764FF39
:1045E0000027BA46039DE08901F07EF894F849005F
:1045F00000F0070000F0B4FF2146A24800F05AFC8A
:1046000001F0ACF994F862202B78294662F3C303D9
:104610002B7094F862302A78C3F3400363F382026C
:1046200020462A70FFF716FF00F0FAFD002840F040
:10463000128101F087F9002800F09080BAF1000F94
:1046400000F094804FF6FF73A08A984200F02B810F
:104650005146F7F741FA002F40F08B80F3F7E2F96B
:10466000B8F1000F40F0AB8005B0BDE8F08F94F8D2
:104670006220337F02F00101C3F38000884200F022
:10468000C580914694F9273081F0010161F300095A
:10469000002B84F8629005DA94F82C3043F008037C
:1046A00084F82C30DFF8E0B19BF8002012B1013A19
:1046B0008BF8002094F8622012F0040540F0048189
:1046C000D4E9130103AAF0F76DFA8246002800F03E
:1046D0001281039A94F86190131D03EB090251783B
:1046E000019371B194F86220D3060AD5D4F89420CE
:1046F0000132C4F89420D4F8982042F10002C4F8A2
:10470000982094F860204944C9B29142C0F0F980E1
:1047100000F0258140F274435C4A5D495D4805F034
:104720001DFE002383F31188BFF36F8F0323184608
:1047300002DF4FF0000A94F92730002BC0F2088105
:10474000337FD8065CBF019A12F8095094F86220B2
:104750005CBF85F01005C5F3001559E001F0E6F8DF
:1047600001F0EAF8BAF1000F7FF46CAF002F3FF4CC
:1047700077AFF3F731F903233371A38A31463068F9
:10478000F380F3F73FF969E794F86290013F204620
:10479000FFB203A91F70AA46FFF786FEC9F380097E
:1047A000002F7FF41DAF2146334800F083FB94F9BE
:1047B0002730002B0ADA00F0FDFE039D22E700F00F
:1047C0001DFF84F8A60005B0BDE8F08F00F0DCFC0A
:1047D00000F01CFD002840F0AB8094F8623069F3D3
:1047E000820384F8623024E740F25B13274A2A49A7
:1047F000284805F0B3FD86F31188BFF36F8F0323BC
:10480000184602DF002D3FF4E0AE30E70025AA464F
:10481000C3F3C003C2F340018B4275D000270021CF
:10482000C2F380090122164B204619701B4B03A9C5
:104830001A70FFF739FE002DB5D1337F039DDA06DC
:104840003FF5D1AE2B78DB063FF5CDAE6B78002B74
:104850007FF4C9AEA7E74FF4F8730C4A10490D482E
:1048600005F07CFD002383F31188BFF36F8F0323D2
:10487000184602DFDDE600BF5140010166600021FD
:1048800084600021654301017F6000217CE001011B
:1048900064CE010188CD0101ACDF010183600021FC
:1048A000C8E0010100274FF404737C4A7C497D482D
:1048B00005F054FD002383F31188BFF36F8F0323AA
:1048C000184602DFA08AC3E66FF3820284F86220F2
:1048D00000F0DCFC94F92730002B0CDB337F13F065
:1048E000100509D10278AA4682F01005C5F300151B
:1048F00094F862208CE7337F002594F86220AA4662
:1049000086E784F8611014E70320F3F749F818B339
:1049100094F8623083F0020384F86230737F94F875
:104920006220002B3FF47AAF110735D4012776E7D8
:1049300040F2B313594A5C495A4805F00FFD002371
:1049400083F31188BFF36F8F0323184602DF44E718
:1049500094F86220337F5BE794F862205EE70022E0
:10496000206DA4F8602004F14C01F0F723F9039ABC
:104970001268CAF80020039AC2F800A09BF8002031
:10498000DDF80CA01AB93A88052A7FF6D4AE474A5A
:1049900012788BF80020CEE601F04EF8074600288A
:1049A0006CD001F071F8002856D1D4F87330D4F8E7
:1049B0007720134304D1337F03F00303032B34D058
:1049C00002223B4B21463B481A7000F073FA00F07C
:1049D000DBFB00F01BFC80B900F0B4FFE8B1BAF1DA
:1049E000000F3FF43DAE4FF6FF73A08A98423FF4AC
:1049F00059AF5146F7F770F830E64FF4B673274ACF
:104A00002949284805F0AAFC002383F31188BFF345
:104A10006F8F0323184602DFDEE700F087FF00F008
:104A20008BFFBAF1000FDED11AE600F033FC4378B9
:104A30000146272BC4D80333DAB206F11C0007F075
:104A4000BCFED4F87330013BC4F87330D4F877302F
:104A500043F1FF33C4F877300122D4F8733004F106
:104A600073019B18C4F87330D4F8773043F1000316
:104A70004B600F4B1A7094F8622057E740F28F4357
:104A8000064A0D49074805F069FC87F31188BFF312
:104A90006F8F0323184602DF83E700BF7CE001012C
:104AA000E4E0010188CD0101B4DF01018060002153
:104AB0008160002151400101DCE001010246024B0E
:104AC00018781A70704700BF8060002110B582B05E
:104AD0000446FEF78FFA00281BDB0023144A154911
:104AE00015480094F3F7F6F808B1773001D102B019
:104AF00010BD5523114A1249124805F02FFC00231E
:104B000083F31188BFF36F8F0323184602DF02B0CF
:104B100010BD4C23094A0C490A4805F01FFC00232C
:104B200083F31188BFF36F8F0323184602DFD4E7A6
:104B3000392D0001D5410101A9410101FCE001012C
:104B4000C4CF010188CD010108DF010110B582B099
:104B50000446FEF74FFA00281BDB0023144A1549D0
:104B600015480094F3F7B6F808B1773001D102B0D8
:104B700010BD5023114A1249124805F0EFFB0023E3
:104B800083F31188BFF36F8F0323184602DF02B04F
:104B900010BD4B23094A0C490A4805F0DFFB0023EE
:104BA00083F31188BFF36F8F0323184602DFD4E726
:104BB000A12F0001D54101017D4101015CE101010D
:104BC000C4CF010188CD010108DF0101264B024657
:104BD000D3F8A412013106D02349D1F8A00210F075
:104BE000010009D170474FF6FF71D3F8A8329BB28C
:104BF0008B42F1D100207047D1F8A4321360D1F874
:104C0000A802C0F3072363F03F0310715371D1F87A
:104C1000903201331CD0D1F89432013318D0D1F83E
:104C20009832013314D0D1F89C32013310D0D1F82E
:104C30009032C2F80630D1F89432C2F80A30D1F876
:104C40009832C2F80E30D1F89C32C2F8123008E027
:104C50000023C2F80630C2F80A30C2F80E30C2F89B
:104C600012300120704700BF0000FF010023144AEA
:104C7000036043608360C360D2F88032013318D090
:104C8000D2F88432013314D0D2F88832013310D0F4
:104C9000D2F88C3201330CD0D2F880320B60D2F8CB
:104CA00084324B60D2F888328B60D2F88C32CB6081
:104CB000704700230B604B608B60CB60704700BF78
:104CC0000000FF014FF480320021044BC3F80815A7
:104CD000C3F84423C3F80423704700BF0010014108
:104CE000054B1878421C1A7018B90122034B1A6040
:104CF00070470120704700BF85600021001001410E
:104D000038B50E4D2C784CB1601EC0B2287018B961
:104D100001220B4B5A6038BD012038BD7123094A6E
:104D200009490A4805F01AFB84F31188BFF36F8F15
:104D30000323184602DF2C78E6E700BF85600021D8
:104D400000100141B8E1010104E2010188CD010137
:104D5000014BD3F80405704700100141024B00F5E8
:104D6000A87043F820107047001001412DE9F0436E
:104D700000243E4DC5F800450224A142C5F8004577
:104D80004AD0042955D03A493A4CC5F884104FF41A
:104D90000065C4F884113849384CC1F804553349CA
:104DA000022AC1F804452FD0032A31D0E322C1F8EA
:104DB0002025304AD2F81825D2B21F2A03D9FF2A5B
:104DC00052D0111F00E01B2100240125274AC2F800
:104DD0001815C2F808052A48C2F80C05C2F81035A3
:104DE000284BC2F81435C2F80042C2F80041D2F88C
:104DF0000031C2F80441D2F80431C2F80841D2F8B7
:104E000008311560BDE8F083C322C1F82025D0E742
:104E1000A322C1F82025CCE71549164CC5F884100B
:104E20004FF40065C4F884111349174CC1F80455B8
:104E3000B5E74FF003094FF008084FF4006E0D4E30
:104E4000DFF848C00C490A4FC5F81C95104CC6F84D
:104E5000D0C1C5F88CC0C1F80485C5F88470C6F807
:104E60008471C1F804E59AE7FB21ADE700E0004159
:104E70000B0000800080004100F0004101000001B3
:104E8000485C0021385B0021010001010300008023
:104E900001000201044BD3F8103123B1034A044B43
:104EA00010681B6818477047008000414C5E002165
:104EB000505E002138B5054608200C46EFF738F85B
:104EC00010214FF48072074B07481D60074B0460A8
:104ED000C3F80413064B0820C3F88021BDE838400E
:104EE000EFF718B8505E00214C5E002100800041B1
:104EF00000E100E0704700BF082008B5EFF718F8A0
:104F000000220120114B1249C1F81825C3F8A02036
:104F1000C3F8A420C3F8A820C3F8AC205862D86214
:104F2000C3F81028D3F8100840F48040C3F81008E4
:104F3000C3F81428D3F8140840F40040C3F8140848
:104F4000C1F88020C1F8842008BD00BF00F00041F6
:104F5000008000410022024BC3F80025704700BFCB
:104F60000040004102280F4A0F4B0ED00428D2F80F
:104F7000802010D00321C3F8882540F201220A4B7B
:104F8000C3F81015C3F850267047D2F884200421C6
:104F9000C3F88825F1E701F00101C1F10601C3F86A
:104FA0008825EAE70000FF0100800041002817DAA9
:104FB00000F10803DBB2072B0CD910F10C0F1BDA40
:104FC00010F1100F22DA14301BDAD822124BC3F87A
:104FD0000C257047104B00F58070C3F80C05704726
:104FE00000220D4B0228C3F80C2504DD0122A3F595
:104FF0008043C3F800257047F422074BC3F80C2503
:105000007047EC22044BC3F80C257047F022024B8A
:10501000C3F80C25704700BF00800041014BC3F866
:105020000805704700800041084B00F07F00C3F87E
:105030005405D3F8182522F00072C3F81825D3F8C8
:10504000182542F00072C3F818257047008000410F
:1050500000210123074AC2F82C15C2F83035C37865
:10506000C2F824358178038843EA01431B02C2F861
:105070001C35704700800041C2F38203022B02F00E
:10508000030221D0042B0CBF4FF0C74C4FF0000C93
:10509000013A022A98BF4CF4801C00F00F000C4B20
:1050A00040EA0C0040F48070C3F81405D3F81805EA
:1050B000084A0240C3F81825D3F81825114341F4D3
:1050C0004031C3F8181570474FF0807CE0E700BF0F
:1050D000008000410000F8FE014BC3F80405704752
:1050E00000800041014BC3F8040570470080004177
:1050F000022804D004280CBF2A2029207047282029
:10510000704700BF0120704729207047022809D04E
:10511000042805D111F0010F0CBF19201E20704783
:105120000A207047052070472020012110B4064A4C
:10513000064B074CC3F8EC21C4F88C20054AC2F892
:105140000405596010BC70470500008000800041D4
:105150000080014100F000412020012110B4064AE6
:10516000064B074CC3F8EC21C4F88C20054AC2F862
:105170000405196010BC70470500008000800041E4
:105180000080014100F0004130B4002201212024C0
:10519000084B0948094DC5F88C20C3F8A020C3F876
:1051A000A820C3F808455962D962C0F800220161FD
:1051B00030BC704700F00041008000410080014198
:1051C0000022114BC3F80021D3F80011C3F80421C9
:1051D000D3F80411C3F80C21D3F80C11C3F86C21D7
:1051E000D3F86C11C3F87021D3F87011C3F82821DB
:1051F000D3F82811C3F81021D3F81011C3F85021A7
:10520000D3F85031704700BF00800041034BD3F802
:105210000001003818BF0120704700BF0080004126
:10522000034BD3F80401003818BF0120704700BFBA
:1052300000800041034BD3F80C01003818BF012057
:10524000704700BF0080004101207047034BD3F836
:105250005005B0FA80F04009704700BF008000415F
:1052600040F20312034BC3F83425C3F83805C3F8E2
:105270003C15704700800041034BD3F80004003810
:1052800018BF0120704700BF0080004100487047F0
:105290004C5D002100487047485C00212DE9F04F2B
:1052A000DFF89482A54E98F800C0A54F0CF1040ECB
:1052B0004FEACE0EDFF88C925FFA8EFE83B0764412
:1052C00001939DF830B09DF838A0C9F8EC713760B3
:1052D00000260CF101049C4D04F00104E3001D4480
:1052E0000CF10E03DBB2012943F000432E6045D0E0
:1052F00088B32D21954A0CF1700542F82530C9F884
:10530000843000270CF10202904E8C480EF1040EFE
:10531000D2B25FFA8EFE703246F822704FEA8C0CE1
:1053200046F8253040F80E300CF1824C0CF5C03CAC
:10533000DCF8403520228B4292BF0123DCF8403557
:105340005B1ACCF84035824BC3F8042588F800403E
:1053500003B0BDE8F08F022A00F0E180042A46D0B5
:1053600036217A4E774804F10E0242F000420CF1E9
:10537000700546F82530C0F88420C2E7012800F007
:10538000B680BBF1020F00F0AF804AF23C5149F603
:10539000C475BBF1040F18BF29460CF10206022A9E
:1053A000F6B27DD0042A29D06A4D01F51A512C316C
:1053B000A5FB0151DFF89491624F0CF1700549F89B
:1053C00025308909C7F88030002878D1520776D572
:1053D000BBF1020F00F0AC804AF2B8124AF2307012
:1053E000BBF1040F08BF024642F2B84024E0019A24
:1053F00012F0010F0CBF45214A21B2E7554A01F5D1
:10540000EB411431A2FB0121504F4E4A0CF17005C3
:1054100047F825308909C2F8803000284FD1BBF108
:10542000020F7ED04AF2B8104AF23072BBF1040F7C
:1054300018BF024646F21800024446480CF5A8750B
:10544000A0FB02024148B60050F8250006F1824652
:10545000B0EB921F98BF01204FEA921588BF401B06
:1054600006F5C036C6F840050820344A0EF1040E91
:105470004FEA8C0C5FFA8EFEC6F8C031C6F8C03118
:1054800042F80E30344B0CF14002D2B213442D4D91
:10549000324AC5F8D0211A602D4BC3F8040543E702
:1054A0002C4A01F5AB511C31A2FB01212748254AAA
:1054B0000CF1700540F825308909C2F88030524659
:1054C000012A04D00020214A703642F826001B4AE7
:1054D0001E480EF1040E5FFA8EFE40F825304FEAAA
:1054E0008C0C42F80E301FE749F6404155E7BBF1FE
:1054F000020F1BD0BBF1040F0CBF2B212A21134E2E
:10550000104804F10E020CF1700546F8253042F007
:1055100000420CF10206C0F88020F6B2CFE732213B
:105520001FE749F6346246F2180085E72921E6E7CD
:1055300049F6346258E700BF8660002180F00041E0
:105540000500008000800041A0F000410080014182
:1055500000F00041D34D62108080014103000080C3
:1055600010B5002302460324064984B0C1F8004266
:105570000120009219461A46CDE90133FFF78EFE4D
:1055800004B010BD0080004130B5844614461D466D
:1055900000200322064B85B0C3F800220B4662466A
:1055A0000121CDE901500094FFF778FE05B030BD30
:1055B0000080004100220320044B0549C1F800028D
:1055C000C3F8A020C3F8A820704700BF00F0004136
:1055D00000800041034BD3F85001B0FA80F040093D
:1055E000704700BF00800041034AD2F8003243F404
:1055F0008873C2F80032704700800041014BD3F835
:1056000048057047008000410022034BC3F81C216D
:10561000D3F81C31704700BF00800041034BD3F822
:105620001C01003818BF0120704700BF00800041F6
:105630004FF0000C10B44FEA8C03146803F182435E
:1056400003F50043C3F8004694880CF1010CBCF14B
:10565000080FC3F8204602F10602ECD1034B40EAE2
:105660000120C3F8400610BC704700BF0080004115
:10567000034AD2F8403623F0FF03C2F840367047A1
:10568000008000410022034BC3F81421D3F81431E9
:10569000704700BF00800041034BD3F8140100386D
:1056A00018BF0120704700BF00800041014BD3F8B4
:1056B000100470470080004130B400204FF4802572
:1056C00043F62872054C0649064BC4F84853C1F806
:1056D0008400C3F8082530BC704700BF00100141AA
:1056E00000E0004100F00041034B044A1B7803F541
:1056F000A87342F8230070478660002100800141B2
:10570000F0B5A2F57423314DA3F51073AB420446F6
:1057100006D902F1E87202F5D432013902F5A57218
:105720002B4B4FF0010EA3FB02324FF0000C900CFC
:10573000042702224FF480264FF48075254BC3F8CE
:105740000CE0C3F804C5C3F81075C3F80825224A55
:10575000C3F84005C2F848152049C2F84463C2F8AE
:10576000C811A2F50052C3F88010C2F8045514B352
:105770004FF400747144C3F8C011A3F58043C3F81B
:105780008010C2F80445012100244FF0040C2026AB
:10579000134B144A144F154DD960C3F80445C3F890
:1057A00010C5C3F808451960C7F8EC21C3F88C2070
:1057B000C5F80465F0BD4FF400740D49C3F8C0117D
:1057C000094BC3F88410C2F80445DCE7BFBDF07F85
:1057D00083DE1B4300C0004100100141080000802F
:1057E00000800141050000800080004100F0004180
:1057F00009000080F0B44FF4802C01244FF480772E
:10580000194B1A4A1A4E1B4D5C60DC60C3F84045C8
:10581000C2F84815C2F844C34FF40071C2F8C86119
:10582000C3F88060144AC5F80475A0B11348C3F8E2
:10583000C021C0F88020C5F804152021104B0F4C62
:1058400010480C4AC4F8EC31C0F88C30C2F804158A
:105850000120F0BC70470948C3F8C021C0F884207B
:10586000C5F80415E9E700BF00C000410010014180
:105870000800008000F00041090000800080004125
:105880000500008000800141014BD3F848057047B6
:10589000001001410020704701230349034A4B6077
:1058A0000B6153601361704700C0004100800141EB
:1058B00070B44FF4C056094B094C0A4A0A490B4DC3
:1058C000C3F84405C2F88441C3F8C440C3F8C41106
:1058D000C2F89010C5F8046570BC704700C0004164
:1058E0000B000080008000410C00008000F00041AF
:1058F00009490A480A4B0B4A10B4C1F88001C3F8A1
:10590000C000C1F884214FF44061074CC3F8C420A3
:10591000C4F8041510BC7047008000410A000080E4
:1059200000C000410B00008000F00041014BD3F8A3
:105930004405704700C00041014B1860704700BF2C
:10594000445C0021014B1868704700BF445C002193
:10595000014BD3F84005704700C000414FF400519F
:1059600010B4064B064C0748074AC4F88C31C0F8FF
:10597000C830C2F8041510BC704700BF0D0000808D
:105980000080004100C0004100F00041014BD3F80D
:105990004805704700C00041014BD3F848057047E7
:1059A00000C0004113460122FFF7E0B930B40222E3
:1059B0000025E3241B4BC3F80055C3F800251A4A01
:1059C000C3F80425194AC3F82045D2F81835DBB2CC
:1059D0001F2B03D9FF2B22D01A1F00E01B2200240B
:1059E0000125104BC3F81825C3F80805104A1148C3
:1059F000C3F80C15C3F81005C3F81425C3F80052FA
:105A0000C3F80041D3F80021C3F80441D3F80421BE
:105A1000C3F80841D3F808211D6030BC7047FB2251
:105A2000DDE700BF00E0004100000101008000410F
:105A3000385B0021485C002138B50223104CC4F8C3
:105A40000433D4F8043163B92025EFF3118085F3D2
:105A50001288BFF36F8F05F03AF8D4F80431002BA9
:105A6000F3D002204FF48041054B064AC3F80803E7
:105A7000C2F88011D3F80801B0FA80F0400938BDAF
:105A800000E0004100E100E0034BD3F800040038DF
:105A900018BF0120704700BF00E000410121002233
:105AA000024B9960C3F80025704700BF00E0004139
:105AB000F0B44FF0030C002540271B4C9208D4F89B
:105AC00004651A4B042A1A4A06F1FF36C3F800C5CA
:105AD000C3F80405C3F80815C3F81065C3F8142506
:105AE000C3F80051D3F80021C3F80451D3F80421BE
:105AF000C3F80851D3F8082114BF3A464522C4F828
:105B00006025D4F800220B493A430B48C4F8002220
:105B1000C4F82851D4F82821C4F8A811C3F880107B
:105B2000C0F80475F0BC70470080004100E00041FF
:105B3000345B00210600008000F00041014BD3F8E7
:105B40000004704700E000410023402010B4064AE2
:105B5000064C0749C2F82831D2F82821C4F800358C
:105B6000C1F8080510BC70470080004100E000410A
:105B700000F0004138B5164BD3F828312BB3012380
:105B8000144CC4F80433D4F8003163B92025EFF382
:105B9000118085F31288BFF36F8F04F098FFD4F85B
:105BA0000031002BF3D001204FF48041094B0A4A09
:105BB000C3F80803C2F88011D3F804212AB1D3F83E
:105BC0000801B0FA80F0400938BD002038BD00BFA0
:105BD0000080004100E0004100E100E001390129BE
:105BE00005D811200AB1EEF795B9EEF7A1B908B5BD
:105BF000074A2D230749084804F0B0FB002383F32C
:105C00001188BFF36F8F0323184602DF08BD00BF62
:105C100010E2010164CE010188CD010129B10139F1
:105C2000012905D81120EEF797B91C20EEF794B999
:105C300008B5084A41230849084804F08FFB0023AF
:105C400083F31188BFF36F8F0322104602DF1846DB
:105C500008BD00BF10E2010164CE010188CD010141
:105C600088420FD0012807D002280DD1A1F10100F0
:105C7000B0FA80F040097047A1F10200B0FA80F05C
:105C8000400970470120704700207047012908B57E
:105C900011D002290FD0A1B17B230D4A0D490E4826
:105CA00004F05CFB002383F31188BFF36F8F0323A1
:105CB000184602DF08BD4FF40032084BC3F800213C
:105CC00008BD4FF08052054BC3F8002108BD00BF4E
:105CD00010E2010164CE010188CD010100E100E084
:105CE00008B506F0C4FA08BD032810B5044604D868
:105CF000124B1C5D9CB1204610BD2923104A11494E
:105D0000114804F02BFB002383F31188BFF36F8F3E
:105D10000323184602DF094B1C5D002CEBD12C231A
:105D2000074A0A49084804F019FB84F31188BFF3B5
:105D30006F8F0323184602DF204610BDE0E2010109
:105D400060E20101B0E2010188CD0101D0E2010170
:105D5000013810B51C46042857D8DFE800F0141CA1
:105D600018200300042920D0B823294A29492A48A9
:105D700004F0F4FA002383F31188BFF36F8F032339
:105D8000184602DF10BD04291FD04C23EDE704297B
:105D900013D07A23E9E703291FD06323E5E703291A
:105DA0002BD0042921D0A023DFE71C4B02219C60CB
:105DB0000320BDE81040EEF763BF194B02219C6041
:105DC0000120BDE81040EEF75BBF164B02219C603E
:105DD0000020BDE81040EEF753BF0121124B0846EA
:105DE0009C60BDE81040EEF74BBF02210F4B084608
:105DF0009C60BDE81040EEF743BF0D4B01219C6055
:105E00000220BDE81040EEF73BBFBE23ADE700BF68
:105E100060E2010164CE010188CD0101E4010021AD
:105E2000140200213402002124020021F401002187
:105E30000402002101460020FEF790BF30B401218A
:105E40000024104B5960C3F80405C3F80041C3F89F
:105E50000441196005E0D3F8042132B9D3F80425D0
:105E60001AB1D3F80021002AF5D05960D3F80421E3
:105E7000002AE7D1D3F80455002DE3D0C3F8042558
:105E800030BC704700D0004170B50126164C0D2083
:105E9000D4F804556660EEF74BF8D4F8040140B12D
:105EA0000021C4F804113046D5E90E32BDE8704037
:105EB0001847D4F8006146B1C4F8000105F120018B
:105EC000D5E90E32BDE870401847E423074A084977
:105ED000084804F043FA86F31188BFF36F8F032359
:105EE000184602DF70BD00BF00D00041E4E20101AE
:105EF00064CE010188CD010170B58CB00E46154607
:105F00000146102268461C46EEF71AFE1022314662
:105F10000DEB0200EEF714FE6846FFF78FFF25B188
:105F20001022284608A9EEF70BFE2CB108AD0FCDC4
:105F300020606160A260E3600CB070BD084B70B57A
:105F4000C31A0D4607499B10044659434022064890
:105F500004F0F7FE2B4601462046BDE87040184786
:105F6000985E0021B76DDBB6BCC90101402373B553
:105F70000B4C0093041B0B460D460A49A4106143C9
:105F80000646094A094804F008FF011E05DA3046B2
:105F90002B4602B0BDE87040184702B070BD00BF8C
:105FA000985E0021B76DDBB605AE0101BCC90101E9
:105FB00010B5EFF31184202383F31288BFF36F8FA2
:105FC000074A136823F00201DB07116002D40120A5
:105FD00005F06CF884F31188BFF36F8F10BD00BF1C
:105FE000E85E0021052170B5002204460846EDF761
:105FF000C1FF0F4801F02AF90E4B984215D101F06C
:1060000035F926690C49304604F01FFA00280BDBED
:10601000012535642469084904F11C0004F015FACF
:10602000002801DB0020E56470BD6FF00400FBE791
:10603000416101010000AD0B30E301017FB5002299
:106040000123CDE9022304ABCDE90433094A6B46B1
:10605000CDF800D0CDF804D004F0CDFE002805DB4B
:106060004FF480420023684602F0C8FC07B05DF898
:1060700004FB00BF23AE01010C22104B014602FBC2
:106080000033002030B4D3E90E529863EFF311804F
:10609000202484F31288BFF36F8F1C6C04F0C004BB
:1060A00044F002041C6480F31188BFF36F8F1DB1AC
:1060B0002B4630BC0248184730BC7047985E002120
:1060C000BCC9010110B4EFF31182202383F31288BD
:1060D000BFF36F8F1748016841F002040460C807DE
:1060E00007D482F31188BFF36F8F012010BC01F039
:1060F000D3B81149D1F80C04D1F80C14C907F0D564
:10610000EFF3118083F31288BFF36F8F0B490B6C91
:1061100003F0C00343F002030B6480F31188BFF364
:106120006F8F82F31188BFF36F8F002010BCFFF7D1
:10613000A3BF00BFE85E002100500041985E00212F
:1061400010B1012804D07047034B1B6C5B0701D1D1
:10615000FFF792BF704700BF985E0021C3B21C20BA
:10616000014A03FB00207047985E0021074BD3E8EB
:10617000EF2F42F00101C3E8E01F0028F7D1930799
:1061800002D4012001F088B8704700BFE85E00210A
:1061900010B5EFF31184202383F31288BFF36F8FC0
:1061A000074A136823F001019B07116002D4012004
:1061B00004F07CFF84F31188BFF36F8F10BD00BF24
:1061C000E85E00212DE9F041012207463449D1E87B
:1061D000EF3FC1E8E02F0028F9D133B93149324807
:1061E0004B60CB608A6004F043F97B1E012B28D8FA
:1061F000012F06D12D4BD3F81C3403F00303022BDF
:106200001FD006F034F80546E8B9294B1B78D3B106
:1062100002220646254BC3F80823244CDFF894805D
:10622000D4F81824D4F81834D20315D503F0030396
:10623000022B01D0012F0FD16DB386F31188BFF36C
:106240006F8FBDE8F081EFF31186202383F312886E
:10625000BFF36F8F0125E0E7C5B1304604F037FC8E
:10626000D4F81835DBB2012BDAD1D4F80421002A96
:10627000D6D00022C4F80421D4F804210222C4F8A4
:1062800018252022C8F88021A360C9E70021212019
:1062900006F08CF8E4E70222044BC3F80423D0E7AD
:1062A000945E0021845E0021B45E00210050004114
:1062B0008960002100E100E008B5074805F09CFD79
:1062C00038B10648EEF7D8F80448EDF729F8002071
:1062D00008BD6FF01200FBE73CCA0101E162010159
:1062E0000A2838B50446074D04D1AB680D2128466D
:1062F0005B689847AB6803485B68E1B29847204603
:1063000038BD00BF3CCA0101EFF31182202383F3A3
:106310001288BFF36F8F0A4BD3F8001161B10021CF
:10632000D3F80805C3F80011D3F80031C0B282F3E6
:106330001188BFF36F8F70476FF00A00F7E700BF57
:10634000009000410346F0B510469C7893F803C0D6
:10635000EFF31182202585F31288BFF36F8F1F782A
:1063600093F801E0E41B04EA0C04A04288BFA0B249
:106370003E180CEA06063D461E7082F31188BFF3F4
:106380006F8F0A188A4216D177450CD1EFF311822C
:10639000202181F31288BFF36F8F1978597082F32F
:1063A0001188BFF36F8F1B79241AA34222BF0122E9
:1063B000054B1A60F0BD5E197679013501F8016B65
:1063C00005EA0C05DEE700BF00900041DB432DE944
:1063D000F04713F001050E46144604D02248FFF79B
:1063E000B1FFBDE8F0879AB3EFF31188202383F360
:1063F0001288BFF36F8F0920EDF7AEFD0746092025
:10640000EDF796FD88F31188BFF36F8FDFF85CA07E
:106410004FF40079CAF80051DAF80031012325461B
:10642000DFF84C80CAF80030C8F88091DAF8003103
:1064300083B1FFF769FF031EC8F88091F6DB013DC9
:10644000ADB27355002DF1D117B10920EDF762FD02
:106450002046C6E7EFF31180202383F31288BFF3B1
:106460006F8F04F034FBE1E71C5F002100900041D6
:1064700000E100E02DE9F0410D461446114F07F10F
:10648000450814B92046BDE8F0814FF0FF334FF0C6
:10649000FF32384602F0B2FA224629464046FFF75C
:1064A00051FF0646384602F06FFA3EB94FF0FF3210
:1064B0004FF0FF33044802F0A1FAE6E7A41BA4B2B0
:1064C0003544DEE7EC5E0021045F002138B501228F
:1064D000194C1146204605F0DBFD0122002104F194
:1064E000180005F0D5FD40F20743A4F848304FF0FE
:1064F000706323630C23002584F834300F4B84F839
:106500004550A4F84650D3F80425052142F0010275
:10651000C3F80425C3F80051D3F800210122092053
:10652000C3F804231A602A46EDF724FD0920EDF78D
:10653000F1FC284638BD00BFEC5E00210090004110
:1065400010B5FFF7E1FE002820DB174BC0B293F82F
:10655000322093F8314093F83310141B31EA0404CD
:106560000DD193F8472093F8464093F84810141B38
:1065700031EA04040BD101220C4B5A600EE09C1846
:106580000132114084F8350083F8321010BD9C1898
:106590000132114084F84A0083F847100448BDE8EE
:1065A000104002F0F1B900BFEC5E00210090004104
:1065B000045F0021F0B51646426801F01F04107B0D
:1065C00087B044EA40141069002871D0B6F5001F66
:1065D00002F1100506D12146284604F0E6FD002010
:1065E00007B0F0BD0027B6F5800F01A801974760FE
:1065F00039D1B3F1007F14BF052304238DF8043093
:106600000023CDE90403039393680DF1030723FAF4
:1066100001F111F001013DD1B6F1A07F3AD104F0B2
:106620001F03620903F1800328D0012A46D1254ABD
:1066300052F82330DB072DD43A462146284601F094
:1066400027F9214B98421BD002972146284603AADE
:1066500000F0DAFF1D4B98422DD101222146284639
:1066600001F078F9BBE7B3F1C06F05D0B3F1007F5B
:1066700014BF01230223C1E70323BFE7144AD7E76E
:106680003946284601F060F9104B9842DCD06FF093
:106690000B00A5E73A462146284601F0F9F80B4BD6
:1066A0009842D2D128469DF8031001F047F9CCE773
:1066B0006FF0850094E76FF0150091E751F82330F3
:1066C000FFDE00BF00088C410400AD0B0000AD0BE5
:1066D00000058C414209034670B502D0012A17D04B
:1066E00070BD0D4E326951680029F9D0012503F0C3
:1066F0001F030C689D400029F2D08A682A4002D00E
:1067000030464B6898472CB1236821461C46F2E777
:10671000024EE7E72346F8E7FCC90101DCC90101A5
:1067200038B545682B69B3B11035284601F0FCF83F
:10673000044680B90146284601F0C4F8084B984247
:106740000BD122462846074901F09CF82246052134
:106750000A20EDF70FFC002038BD6FF00400FBE7C6
:106760000000AD0BD56601012DE9F04340F206357E
:106770004668D00648BF0320337B02EA050558BFB0
:10678000C2F3401087B001F01F07B5F5837F1446B0
:1067900047EA43178DF8030044D00DD8062D16D0D4
:1067A00005D8A5B1022D3FD06FF0150037E0B5F543
:1067B000807FF9D101250AE040F20222954235D0CE
:1067C000B5F5407F34D0B5F5007FEDD1022501232A
:1067D000220303FA01F12DD573689960326982BBF7
:1067E00007F01F037F092AD0012F77D13D4A02EB22
:1067F000830284F48033D2F80012C3F30043C4F35D
:10680000404444EA430421F4706144EA800421F0E6
:106810000F0144EA05230B43C2F80032002007B001
:10682000BDE8F0830725D2E70425D0E70525CEE7AC
:106830000325CCE7630344BF7368D960CEE72A4AD7
:10684000D5E71036394630460DF1020201F020F846
:1068500014F4403F80460CD13946304604F0A3FC86
:10686000224B9845DAD130469DF8021001F066F8C7
:10687000D4E74FF0000901AB3946304603AACDE911
:106880000439CDE90199CDF80C9000F0BDFE174B0D
:106890009842C3D114F4003315D09DF8033084F42A
:1068A0008034C4F300448DF80E3039464B463046F0
:1068B00003AA8DF80C508DF80D4000F061FF0B4BD2
:1068C0009842ABD1CCE7CDE9043339460DF103034F
:1068D000304603AA039300F097FEF0E7803352F8A6
:1068E0002330FFDE00088C4100058C410000AD0B19
:1068F00010B504460269A2B0C2F880001649002013
:1069000001F056F9002205211220EDF733FB842215
:10691000002101A8646805F077FF0023012001AA87
:1069200061680432D940C90744BF00FA03F142F854
:10693000041C2168D940C90748BF00FA03F103F1DC
:10694000010348BFD163102BEAD101A801F048F937
:10695000002022B010BD00BFC3AE01012DE9F04FF1
:106960008C46002640F2FF1EDFF8E480DFF8E4905A
:10697000DFF8E4A0F3B29C4502D80020BDE8F08F18
:1069800050F82610C1F3C324082CC1F3080350D8D3
:10699000090E734508BF4FF0FF3318F80440032970
:1069A0004AD8DFE801F002083033C2F80C35591C30
:1069B0002FD10136DEE7C2F814355D1CF9D0002571
:1069C00050F8261001F40047002F0EBFAB464FF0E1
:1069D000010B002503F01F075B0928D0012B31D1E3
:1069E000534603EB8707C1F341212402D7F8003255
:1069F00044EA81042C4303EA090344EA4B04234399
:106A0000C7F80032D5E7C2F80835D0E7C2F810352C
:106A1000D3E7590909D0012911D10F4F012503F0FE
:106A20001F0105FA01F1B960CAE70C4FF6E70B4BFD
:106A3000D7E76FF01500A1E76FF085009EE7002310
:106A40009B60FFDE0023803753F82730F9E700BF53
:106A5000F9E40101F0F0FCFF00088C4100058C41D5
:106A60002DE9F04104460D46476805F000FC4FF063
:106A7000200888B9264B1B7873B16426606804F03F
:106A8000C0FAF0B9012004F0FEFA013EF6D100216F
:106A9000212005F08BFCF0E7EFF31186314688F3F7
:106AA0001288BFF36F8F606804F0ABFAA8B986F361
:106AB0001188BFF36F8FEFE786F31188BFF36F8FF5
:106AC000E5E7EFF31186314688F31288BFF36F8F45
:106AD000606804F096FA0028EED0FB6900201D7073
:106AE0006368FA691B68C3F844250122C3F8482586
:106AF000C3F82001D3F82041C3F85801D3F8580156
:106B00009A6081F31188BFF36F8FBDE8F08100BFF9
:106B100089600021F7B50546002205211320EDF715
:106B200029FA1320EDF7F6F96B681A691868C0F8AE
:106B30002425997D5A7D0A43198B1B7D0B431343F2
:106B4000C0F86C356E68D6E9004313F0010348D0F5
:106B50002F6907F1080000F015FB304B98425AD11D
:106B6000387A04F10C0204F5907104F098FA387A3E
:106B7000012707FA00F000F0FFFA0823C4F80035F7
:106B8000F369C4F844350023C4F84835A760D4F845
:106B90005831002BFBD00021C4F800156B6801AA06
:106BA000DC68204604F000FA002805DB019B22681F
:106BB00019791868FFF7D2FE08216A681368C3F8CC
:106BC0000015117A51B9126AC3F834250122C3F8AD
:106BD0003825C3F81011D3F810111A60002003B043
:106BE000F0BD0822C4F80025F269C4F84425C4F8B1
:106BF00048350123A360D4F82031002BFBD00023BB
:106C0000C4F82031D4F820310123E3604FF48073BD
:106C1000C4F80433BBE76FF00400E0E70000AD0BFD
:106C20000123834070B5DC430B4AD2E8EF1F01EA31
:106C30000405C2E8E65F002EF7D14FF480328240AF
:106C40000648C0F80823BFF35F8FBFF36F8F0B4276
:106C500014BF0120002070BDF05F002100600141E1
:106C600070B40E4922F07F46D1E90034D01AC3181F
:106C700044F10004C1E90034A6F50013B3F5400F58
:106C800009D2074B1B681A0A1B069C19054B42F1D7
:106C90000005C3E9004570BC02F016BE3022002199
:106CA000F45F002138220021D9B101230D4A83402D
:106CB000D2E8EFCF4CEA030CC2E8E1CF0029F7D1CC
:106CC0004FF48033084A8340C2F80433074BD3E8BB
:106CD000AF3FC340DB0742BF4FF48002044BC3F811
:106CE00000217047F05F002100600141EC5F00214E
:106CF00000E100E00D4B1868010A0006BFF35F8F4A
:106D00000B4BD3F80435181841F10001B3F5801F7F
:106D10000AD2084BD3E90023904271EB030303D25C
:106D200010F1807041F10001704700BFF45F002155
:106D300000600141382200212DE9F04F85B0164650
:106D40001F4604469DF840A0FFF76AFF0190FFF739
:106D5000D1FFB04271EB070352D23B4B301A67EBC5
:106D60000101984271F100014DD2384B03EB04133D
:106D7000D3E902239F4208BF964258D04FF480388F
:106D8000334908FA04F8204626F07F4BC1F84883BF
:106D900004F068F94FF00309584604F15005AD00BE
:106DA000ADB205F1824504F5A87305F5B03502933F
:106DB000029A20F07F4341F82230C1F84483D1F891
:106DC0000435244AC01A033820F07F4090422ED95F
:106DD000286868B1D1F80435A3EB0B0020F07F40A0
:106DE000B0F5000F039322D9204604F03BF9039B32
:106DF000BAF1000F07D109EB030009F10109D7E748
:106E0000BAF1000F09D06FF0150520460199FFF780
:106E10004BFF284605B0BDE8F08F01230E4AA34082
:106E2000D2E8EF0F1843C2E8E10F0029F8D1074973
:106E30000E982301C8500F9B01EB04120025C2E9F4
:106E400002675360E1E700BF0100800020220021BB
:106E500000600141FDFF7F00EC5F00217FB5002550
:106E60004FF0FF304FF0FF31194C1A4B0226C4F897
:106E70000833C4F84833184BC4F80855C3E9020175
:106E80004FF480334FF48002C4F80433134B0521D0
:106E9000C4F804631620C3F880212A46EDF76AF887
:106EA0001620EDF737F801230D4AA3602360136025
:106EB0000C4B0D4A009328460023CDE90155FFF7FE
:106EC0003BFF3046FFF77EF9284604B070BD00BF97
:106ED0000060014103000F002022002100E100E0DA
:106EE000F05F0021616C0101FFFF7F002DE9F74396
:106EF00003F0ADFE2E4BD3F8042390070BD5D3F847
:106F0000042142B10022C3F804212A4AD3F80431F3
:106F1000136801331360264AD2F80433D90326D507
:106F2000254BD3E8EF1F21F00100C3E8E40F002C4C
:106F3000F7D1CB0702D4D2F84031C3B100251C4CA5
:106F4000C4F84051D4F84031FFF7D4FEEFF311827A
:106F5000202383F31288BFF36F8F184BD3E90267A6
:106F6000B042B94106D282F31188BFF36F8F03B0EC
:106F7000BDE8F0834FF0FF38D3E900104FF0FF3940
:106F80001D60C3E902894FF48033C4F84833C4F864
:106F90004051D4F8403182F31188BFF36F8F00293C
:106FA000E5D0009032463B4628468847DFE700BFE1
:106FB00000600141F45F0021EC5F002120220021EC
:106FC00030B5431C124C85B005D08442A8BF04469E
:106FD000012CB8BF0124FFF78DFE0E4B0C4DD3E9F9
:106FE0000013401AB0F5000F0FD22218AA4228BF92
:106FF0002A46002052180849CDE90100009143F1CA
:107000000003FFF799FE05B030BD2A46F1E700BF47
:10701000FFFF7F0030220021616C010108B5FFF7FE
:1070200069FE024B1B68C01A08BD00BF3022002158
:107030000022D30003F1FF7303F58033D3F800136C
:10704000013107D0D3F800130132D3F80433202ADA
:107050000B60EED1224BD3E94C32072B26D1023AFA
:10706000032A204B28D9D3F80024D10732D41C4B53
:10707000D3F83021072A19D1D3F83431023B032B3E
:1070800002D8194AD35C8BB17F23184A1849C2F839
:1070900018310023C1F8043EC1F8083EC2F824317B
:1070A000C2F82C3102F57F22C2F81031114B1A6858
:1070B000114BC3F84425704710498A5C002AD2D08E
:1070C000D3F80024D207CED50022C3F81421C3F888
:1070D0001821C8E76FF00102C3F80024C7E700BF1A
:1070E0000000FF010050004110E5010100200041B7
:1070F000000008410080FF010060004114E501012B
:1071000030B50468ACB1B4FA84F30122C3F11F03B3
:10711000DBB29A4024EA0202D0E8EF5FA54204D134
:10712000C0E8EC2FBCF1000FF6D1EAD102480B7099
:1071300030BD0248FCE700BF0000AD0B0200AD0B04
:1071400010B50368CB40DB0710D401238B400268E5
:1071500043EA0201D0E8EF4F944204D1C0E8EC1FAB
:10716000BCF1000FF6D1F2D1014810BD0148FCE797
:107170000000AD0B0400AD0B014BC3F804057047D4
:1071800000F000410146014800F01CB94C0200210A
:10719000F7B5064618B301281FD104224FF48073B7
:1071A000014629480025C0F80813012142F2107455
:1071B00002F1824203F1824303F5A04302F5A042AB
:1071C00011601D608E421B681F4F8DF8071008BFAD
:1071D0000DF1070546B1012E23D003B0F0BD0C22FE
:1071E0004FF482730221DCE7D7F8183403F48033BC
:1071F0003DB9002BF1D0012003F045FF013CF3D154
:10720000EBE7D7F8182402F003022A70002BE4D031
:107210009DF807000128E0D103F035FF013CD9D1EA
:10722000DBE7D7F80C3403F480333DB9002BD4D01E
:10723000012003F028FF013CF3D1CEE7D7F80C245E
:1072400002F00102E1E700BF00500041044B1A794F
:1072500022B9012218601A7102487047024870472B
:10726000F85F00210000AD0B0C00AD0B08B5084B1A
:107270001B6833B10520ECF76FFE10B90520ECF761
:1072800049FE0122034BC3F81825C3F8142508BD95
:10729000F85F00210050004110B510B1012848D01E
:1072A00010BD294BD3F81814D3F81824C90324D5DA
:1072B00002F00303022B05D0012B02D00020FFF7C0
:1072C00067FF0123204A0220C2F8183508224FF434
:1072D0008273002103F1824303F5A04319601C6807
:1072E000012402F1824202F5A0421460174A12689A
:1072F0001AB3154BC3F80403D2E7D3F81424D2070A
:10730000DFD5D3F81C2402F00302013A012AD5D8B4
:107310000E4A12681AB10222C3F80423C0E7D3F858
:107320000421002AFBD00022C3F80421D3F8043141
:10733000B6E700224FF48073CBE71A68002AFCD02E
:1073400019601B68ACE700BF00500041F85F0021E6
:10735000F8B50126194C1A4FD4F8045305B9F8BDF5
:10736000B5FA85F0C0F11F00830003F580739BB26E
:1073700003F1824303F5A04306FA00F21968D2B282
:1073800025EA02050029E9D00021022A19601B68BC
:10739000C4F808230DD1D4F81834D4F8183403F005
:1073A0000303012B05D1C4F81825C4F80423A360F6
:1073B000D4E73B68C0B29847D0E700BF0050004117
:1073C000F85F00210079024B03EB0010FFF798BE35
:1073D00054020021036803F01F025B09026004D01D
:1073E000012B034818BF002070470248704700BFB8
:1073F00000088C4100058C41034A4309D35C00F02E
:107400001F001844C0B2704718E5010170B5054669
:10741000FFF7F2FF0C4C083034F810300E46DA0556
:1074200008D5C3F3432304EBC302284654F8333092
:1074300052689847A3682BB131462846E268BDE8F8
:107440007040184770BD00BF6402002108B5FFF707
:10745000D3FF034B083033F81000400B08BD00BFCA
:107460006402002108B5FFF7C7FF034B083033F86B
:107470001000C0F3400008BD6402002108B5FFF70A
:10748000BBFF034B083033F81000C0F3401008BDB9
:1074900064020021034611F0010010B5CCB20BD1FB
:1074A000A207C4F340000DD5074A106A5860106265
:1074B000003818BF012005E004490A6A1A600A6210
:1074C000002AEDD010BD00BF00088C4100058C41A2
:1074D00010B5FFF791FF124A083032F81030D90585
:1074E0001CD5C3F3432123F4F85322F810300020B5
:1074F00002F10E0434F8023F13F4807F03D0C3F38B
:10750000432399420AD001303028F3D1002342F8B6
:1075100031300448BDE81040FFF712BE10BD00BF77
:1075200064020021DC020021F0B50546002001269E
:10753000044607468C420BD1114BD3F87C2132B163
:107540000022C3F87C21D3F87C3140F00040F0BD2C
:10755000E3B29B0003F580729B0806FA03F31D4219
:107560000BD002F1824202F52042D2F800C0BCF1F9
:10757000000F02D01760126818430134DAE700BF29
:1075800000A00041F7B506460846FFF735FF1A4F41
:1075900000F1080537F815300C46DB0729D53046D1
:1075A00003F0DEFD2046FFF769FF50B12046FFF7EC
:1075B0004DFF0023316801EB8000C0F81035C0F8A2
:1075C00010352046FFF784FF002301A827F8153067
:1075D0000194FFF7FFFE019B00EB8300D0F800222F
:1075E000064B134043F00203C0F80032044803B0D6
:1075F000F0BD0448FBE700BF64020021F0F0FCFF8F
:107600000000AD0B0400AD0B2DE9F043164680469B
:1076100085B00846FFF7F0FE0D463168044609B311
:107620002846FFF71FFF18B12846FFF727FF10BBBA
:1076300000230DF10F02CDE900338DF80E308DF8E7
:107640000F3028460B460DF10E0103F031FD484A7C
:1076500004F1080132F8113023F0020343F0010372
:1076600022F8113073687BB328461F785968FFF7FA
:10767000F9FE10B1E9B13F4829E03D4A04F10800A4
:1076800032F8103023F02003DB04DB0C22F810303A
:1076900079B1032FEFD87168496891F800C0D8F824
:1076A00000104FEA8C094944A7B9C1F81075C1F818
:1076B00010752F4A04F1080132F8113023F01C0331
:1076C00043EA870322F81130B3683BBB2A4805B070
:1076D000BDE8F083D1F810E543EA4C332EF0030EF9
:1076E000C1F810E5D8F8001043F0200301EB090EB3
:1076F000DEF8101522F8103021F44F3121F44071DA
:10770000CEF810152902DEF8108501F47C5141EA0B
:10771000074141EA0801CEF81015CAE72846D3E927
:107720000067FFF7D5FE002ED0D0114DD5E900231C
:10773000964203D19F4201D1002209E00F480DF18A
:107740000F01FFF7DDFC0C4B9842C0D19DF80F20D4
:1077500005EBC20308345F6035F8143045F8326039
:1077600043EA422343F4807325F81430AEE700BFA8
:10777000640200210400AD0B0000AD0BDC0200210F
:107780002DE9F0430C46804685B0204611461E4642
:10779000FFF732FE054629B32046FFF763FE18B90E
:1077A0002046FFF76BFE18BB334F05F1080937F889
:1077B000193013F01C0F02D04B78012B18D0012385
:1077C0008DF80F3000234A1CCDE9001320468B1C96
:1077D0000DF10F0103F06CFC37F8193043F003038F
:1077E00027F81930002E44D02046FFF73BFE18B989
:1077F000224805B0BDE8F083002296F800C0D8F812
:1078000000301D4F03EB8C03C3F81025C3F810257F
:1078100005F1080237F812104FEA8C0E21F0200112
:10782000C904C90C27F81210757815B3D8F80000F0
:10783000B6787044D0F810352D0423F4991323F44E
:10784000F853C0F81035230203F47C5305F4403597
:107850003605D0F810E52B4306F48016334341EA91
:107860004C3143EA0E0341F02001C0F8103527F8EF
:1078700012100348BDE700BF640200210400AD0BF5
:107880000000AD0B014BC3E90212704764020021F6
:1078900010B508461446FFF7F1FD50B10846FFF752
:1078A000ABFD054B083033F8103004485B0B2370F8
:1078B00010BD0348FCE700BF640200210000AD0BCF
:1078C0000400AD0B70B5154D064695F880401CBB05
:1078D0002146602205F1100004F096FF2146306831
:1078E0002E6F8E420ED10023C0F87C31D0F87C314F
:1078F00040F30730ECF70EFB0123094885F8803090
:10790000AB6770BDCBB29B0003F580727C2B04BFCC
:10791000845083580131E4E70248F2E76402002111
:107920000000AD0B0C00AD0B034B93F8800000384A
:1079300018BF0120704700BF640200210148FFF713
:10794000FFBB00BFD80200210148FFF7D9BB00BF31
:10795000D802002173B503681646D3F80423054600
:10796000002AA8BF4FF000420846A8BFC3F804236E
:107970000C46FFF783FDE8B10846FFF773FD0146AB
:10798000C0B92046FFF762FD2C68820002F58073C3
:10799000E150E3582B681344D3F8102542F001025C
:1079A000C3F8102526B101232A688340C2F80433A6
:1079B00002B070BD2046FFF71FFD0F4B083033F8B3
:1079C0001030C3F38203042B11D0052B11D001A872
:1079D0000194FFF7FFFC019A0369D34003F0010310
:1079E000991C204602B0BDE8704003F0AABB0321F9
:1079F000F7E70221F5E700BF640200212DE9F04F0F
:107A0000674BDFF8A091D3F80403D9F87010C0B227
:107A100089B040F00040FFF787FD051E2EDACA4608
:107A200000235AF87C1F06A8CDE90633FFF732FD84
:107A30004FF0000B5C4B0DF118080193019A12F8FE
:107A4000013B0192DA081AF8022003F0070322FA38
:107A500003F3DA071BD408F10408BBF1000F13D0BD
:107A600000214FF00040FFF75FFDD9F87C1006A819
:107A7000FFF710FD0028DBD125F000450124002D83
:107A800076D109B0BDE8F08F4FF0010BD6E7474B38
:107A90005B440293D8F800100029DCD091FAA1F1E0
:107AA000B1FA81F1029B1C7841EA44142046FFF7A9
:107AB000A3FC083039F81070C808BB0803930123F1
:107AC00018F8002001F0070103FA01F122EA01028F
:107AD00008F8002005A80594FFF77CFC059A039B95
:107AE000803250F82220C7F382065B073746C2F384
:107AF000014222D520463946D6B2FFF787FC05A8B9
:107B00000594FFF767FC059B803350F82330C3F3DF
:107B100001439E4207D10021204603F012FB31466B
:107B2000204603F00EFB05A80594FFF753FC012245
:107B3000059B02FA03F30362ACE7022A0CD103218E
:107B4000204603F0FEFA06F00503012BEBD139467F
:107B50002046FFF75BFCE6E702212046039203F094
:107B6000F0FA032EF3D0039A032ADCD1022EEDE7BC
:107B700095FAA5F3B3FA83F304FA03F29B0003F139
:107B8000824303F52043D3F81005D3F81015C0F352
:107B90000520C1F3014125EA0205FFF737FC6EE736
:107BA00000A000416402002128E5010128E501014F
:107BB00070B5084C0E462379154643B91220ECF7F0
:107BC000A9F90123044823712660A56070BD03480C
:107BD000FCE700BF006000210000AD0B0C00AD0B06
:107BE000002330B50D4A50F8234003F5A27101334C
:107BF000102B42F82140F6D10023084A00F13C0145
:107C000003F5B27451F8045F0133102B42F824508D
:107C1000F6D1D0F88030C2F8043330BD00200141E5
:107C20000123024A8340C2F8043370470020014117
:107C30000123024A8340C2F8083370470020014103
:107C4000F8B5012600270B4B0B4DD3F80C4304B9B4
:107C5000F8BD94FAA4F0B0FA80F006FA00F324EA32
:107C60000304064B82009F502B68002BEFD0A968BD
:107C70009847ECE70020014100600021002101410C
:107C80002DE9F0410E4617460C4D55F81C4FAC42FD
:107C900003D16FF01200BDE8F081314654F8440C76
:107CA000A4F14408E8F722FA30B9C7F8008040464A
:107CB000BDE8F04103F04BBB2468E8E70C6000210D
:107CC00010B5D0E909124A60416A00F1240311603D
:107CD000C0E909334368044603B19847054A9368ED
:107CE00033B11279062A03D907202268024998473E
:107CF000002010BD0C6000212AE501012DE9F041B2
:107D000007460D460B4E56F80C4FB44202D16FF0A9
:107D100001000AE0394654F8240CA4F12408E8F7DD
:107D2000E5F920B91DB1C5F80080BDE8F0812468EF
:107D3000EBE700BF0C60002138B5044600B30068D3
:107D4000F0B10378E3B10021FFF7D8FFD8B104F117
:107D50001C03C4E907330D4B04F12402196903F134
:107D60000C00A16260621A610A609D6835B11B79DE
:107D7000062B03D9072022680549A847002038BDF3
:107D80006FF01500FBE76FF01000F8E70C600021C2
:107D90002CE5010138B5114C0546216819B10020C8
:107DA0000131216038BD2422204604F02DFD2B68CE
:107DB0002846A3602B79237104F10C03C4E9033333
:107DC00004F11403C4E9053304F11C03C4E90733C7
:107DD00000F018F80028E5D12168E0E70C600021E8
:107DE00038B5074D2C68013C2C6044B900F012F8FE
:107DF00021462846BDE83840242204F005BD38BDA0
:107E00000C60002108B50248FFF796FF002008BD6E
:107E1000E80200210148FFF753BF00BFE80200213C
:107E20000EB4431E062B33B588BF0020094B05ACAA
:107E300054F8045B53F82010074802F082FA2146F8
:107E400028460194EBF772FA02B0BDE8304003B067
:107E5000704700BFC4E3010147E501012DE9F04F80
:107E600087B017469B460446DDF840A000284BD05B
:107E7000056A35B12D6825B1AC4607B0BDE8F04FB5
:107E80006047E36A9F4242D80026BE4203D10020E9
:107E900007B0BDE8F08F182303FB06F8D4F8309044
:107EA000A26909EB08052B1D0593CAB968696968C1
:107EB0000368B5F80CC0C91AAB680CF1030E5D1E5F
:107EC00005EB0C155B4205EB4E051D4005EBCC03A5
:107ED00085680633A94228BF4FF0FF3103F004FA4A
:107EE00059F8083020460293236AB1B29B6A019385
:107EF0005AF8263000935BF82620059B03F045FADC
:107F00000028C5D10136C0E76FF01500C0E7014871
:107F1000BEE700BF40F4FFFF10B5044690B1028DEC
:107F200043899A4209D0084A936833B11279032AE7
:107F300003D942680549042098472046BDE810400F
:107F400004F034BC10BD00BF0C600021E2E501016B
:107F500030B544898C4212D9436A013C5D882C407B
:107F600003EBC40359609A60BFF35B8F426A538886
:107F700001335380438D01334385002030BD0148D8
:107F8000FCE700BF41F4FFFF70B4039E144660B1EC
:107F9000006A50B14BB1013407D0002E05DBD0F898
:107FA000844014B1A44670BC6047014870BC70475F
:107FB0002DF8FFFF70B4039E144660B1006A50B103
:107FC0004BB1013407D0002E05DBD0F8944014B13A
:107FD000A44670BC6047014870BC70472DF8FFFF95
:107FE0002DE9FF47DDF834800E4691469A46054656
:107FF000002876D0002974D0B8F1000F71D001F1BB
:108000006407384603F051FBBAF1FF3F49D1346EA3
:1080100006F1500204F18000844204F01F0C07D2E4
:10802000C4F3411152F8211021FA0CF1C90736D4DA
:10803000012104F07F04600952F8203004F5806AC1
:1080400001FA0CF104F201440B4304F07F0442F8FE
:10805000203034666B6C4A4603930E9B2946CDE96B
:1080600001830C9B30460093534603F0CDFB38460A
:1080700000F08AFC2C7874B196F8A4405CB1AB6A2D
:10808000013330D10021284603F04EFB044610B1E5
:10809000284603F01FFB204604B0BDE8F0870134FA
:1080A000BAE7BAF5806FD5D3AAF580637F2B06F1C6
:1080B00050010FD8580951F8204003F01F0324FA4B
:1080C00003F2D2070BD4012202FA03F3234341F84F
:1080D0002030BFE7054C384600F056FCDBE7044C87
:1080E000F9E7024CD7E70024D5E700BF2DF8FFFFE2
:1080F00029F8FFFF08B583681A0C0AD1094A93686A
:108100002BB11279022A02D903200749984700208F
:1081100008BDA3F5803383601B0C0CBF0120002039
:10812000F6E700BF0C60002104E6010138B5044603
:10813000E0B100F16405284603F0B7FBD4F8B43091
:108140009B6953B9D4F8A840103C002C00DC084CC3
:10815000284603F0A8FB204638BD012BF7D1D4F800
:10816000BC0003F08AFAA0F11004EEE7014CF2E73C
:108170002EF8FFFF2DF8FFFF38B50446E0B100F1FF
:108180006405284603F091FBD4F8B4309B6953B9D9
:10819000D4F8AC40103C002C00DC084C284603F01E
:1081A00082FB204638BD012BF7D1D4F8B80003F08C
:1081B00064FAA0F11004EEE7014CF2E72EF8FFFF9D
:1081C0002DF8FFFF2DE9F04385B00F46904603A937
:1081D0000D9A0546994603F029FD0446E0B10C9E30
:1081E000039BD5F8C0009E42A8BF1E460168D0F888
:1081F00008C0611A33464A46614528BF4FF0FF3137
:1082000003F038F82346424639462846009603F0E4
:10821000ADFC05B0BDE8F0830048FAE72EF8FFFF9B
:108220002DE9F0478AB00D46DDE9129716469846CB
:10823000044620B9954E30460AB0BDE8F0870029C3
:10824000F8D0002BF6D00021A822C0F8D01004F0FE
:10825000DBFA012204F16400114603F019FF8C4B94
:10826000C4F8B450E667AC62C4F88430894BC4F8F3
:108270008830894BC4F88C30884BC4F89030884BD8
:10828000C4F89430874BC4F89830874BC4F89C30BE
:10829000864BC4F8A030AB693BB9002FCAD097E831
:1082A000070004F1A80383E80700AB69012B04D0A1
:1082B0002B6A03BB6FF00506BDE7D4F8B4000028B5
:1082C00000F0E080036A002BF4D09B68002BF1D013
:1082D000984742060CD50021D4F8B40003F0D3FA35
:1082E00006460028A7D10021212004F05FF8E4E72A
:1082F0004307F8D5DCE71B69002BDBD028469847FD
:10830000AB69012B04BF0023286100F0010008BF06
:108310006B6184F8A400AB69DBB93B7A002B00F0F9
:10832000838009F10C03C4F8C430B9F1000F81D087
:10833000D9F80820002A00F0A3809B68002B00F0E9
:108340009F805B4B04935B4B05935B4B06935B4BAE
:108350000793AB69012B07D1564B0493544B0593FC
:10836000564B0693544B0793002104F1C803C4E90C
:10837000323306ABC4F8C080022200932846019134
:1083800004ABFFF76BFD064600287FF454AFAB69E2
:108390003BB92B6B1B68C4F8B8302B6B9B69C4F8D6
:1083A000BC30AB69012B07D12B6B9B69C4F8B8308B
:1083B0002B6B1B68C4F8BC30D4F8BC0003F0F8F891
:1083C0002B6B1B68C3F82C802B6B9B69C3F82C802C
:1083D000D5F818A0BAF1000F07D1D4F8AC30099342
:1083E000D4F8B8305B89534520D894F8A430C4E958
:1083F000004463B100230293314B2046019335239F
:10840000304A0394009304F1080103F0FDF9AB69CD
:10841000002B7FF410AF0421284603F034FA0746FE
:1084200000283FF408AF26E04B467CE74846D4F8E6
:10843000AC1003F0ECFB0746E0B1D8F80010089050
:10844000411AD8F808000022814228BF4FF0FF31BE
:10845000D4F8AC30404602F047FF009701230022D9
:10846000D4F8B80008A902F0BDFF074618B90AF110
:10847000010AB5E7144F284603F0FEF93E46DAE656
:10848000114ED8E66FF01506D5E600BF2DF8FFFFB8
:10849000C5810101FFB801016DBA01012DBC0101C7
:1084A0006DBB0101B7B80101798101012D81010185
:1084B00025E601012BE60101A1BA0101A5B80101E0
:1084C00023B9010131E601012EF8FFFFF0B50546A1
:1084D0000E46174687B0074A03AC07CA84E8070070
:1084E0000C9A3146009228463A460194FFF798FECE
:1084F00007B0F0BD40CC010138B5EFF31185202362
:1085000083F31288BFF36F8F064B9C6803F087FCE0
:1085100085F31188BFF36F8F2046BDE83840EBF735
:10852000A1BC00BF3060002138B50A4B53F8204091
:10853000013053F82050A54200D838BD606830B1F2
:10854000037FDB0701D403F06DFC0834F3E72368F5
:108550009847FAE7E4E30101012270B52A4B0320B2
:1085600086B01A70FFF7E0FFECF76AF901F006FB3E
:108570000420FFF7D9FF254C254D2646AE4204F1D5
:10858000300410D300F098FE204C224EAC4226D38B
:1085900000F0A6FEEAF768FE1F4A137B23F00103F2
:1085A000137306B070BD54F80C3C059354F8103C9E
:1085B000049354F8143C039354F8183C029354F871
:1085C0001C3C019354F8203C009354E90A2354E9DD
:1085D0000C0100F063FC54F8303C5E65CDE7D4E953
:1085E0000A23B3F1FF3F08BFB2F1FF3F05D052EAC3
:1085F0000301206803D100F02FFF3034C6E7314675
:10860000183001F0D1F8F8E789600021ACCB010106
:10861000ACCB01016FC30101C022002108B50348A2
:10862000034A0021121A03F014FC08BD18040021AB
:108630008C6000210023012270B586B0CDE90423AF
:108640000F220193CDE9023214230F4D0F4E03FB8D
:1086500000550F4906EBC016044601EB00214FF40C
:10866000807230460B4B009500F018FC737B2C7425
:1086700023F004037373084B013403EBC423EE604F
:108680006B6006B070BD00BF306000214022002149
:1086900010740021A3BE0101106C0021BFB50020A1
:1086A000FFF742FF2A4B03F5006282F3088883F349
:1086B0000A880024E023274D274F85F82230EC77E5
:1086C0002C766C76AC7685F820406B6A43F4E02318
:1086D0006B6285F82340EBF78FFBEBF7ABFC4FF0B9
:1086E000FF33AB62EB62EBF731FEEBF7C7FC1B48E5
:1086F00000F03EFC03F07FFBECF79AF80120FFF757
:1087000013FF0220164DFFF70FFF00F01DFE154B63
:1087100015495D61154B4FF40072059301232846FE
:10872000CDE90343CDE901443B46009400F0B6FB9C
:1087300006466A7B284622F004026A7303F0DAFDDB
:108740002046FFF777FF3A4631462846EBF752FCC2
:10875000106C002100ED00E059850101402300214B
:10876000C0220021306000211075002134E6010193
:1087700038B5064C064DAC4201D3002038BD20462A
:10878000D4E9011203F069FB1434F4E73803002143
:108790004C0300212DE9F341044617461E46EFF332
:1087A0001188202383F31288BFF36F8FC368334A85
:1087B0007BB180689168884219D057EA060318D1C6
:1087C00088F31188BFF36F8F6FF00F0002B0BDE820
:1087D000F081916891F90E100133E3609368216193
:1087E000A36088F31188BFF36F8F0020EEE7216943
:1087F000F2E791F90E1090F90E306FF07E02994277
:10880000A8BF19469142B8BF11468B422DDD03F037
:1088100053FB054622464146CDE90076184800F054
:1088200091FC0028E1D0EFF31186202383F3128816
:10883000BFF36F8FA068D0B1236821699C420AD032
:108840004BB193F90E309942A8BF19466FF07E03E1
:108850009942B8BF194603F02FFB40B13146084892
:1088600000F004FD6FF00A00B0E70025D2E7002D0C
:10887000F4D186F31188BFF36F8FF3E730600021E6
:108880008A600021F8B583680546002B3FD0234A53
:10889000926893423ED1C368012B03D9013BC36068
:1088A0000020F8BDEFF31187202383F31288BFF374
:1088B0006F8F0169806803F0FFFA2C68A54207D129
:1088C0000023C5E9023387F31188BFF36F8FE7E711
:1088D000002CF5D0D4E90032002613605A60637B87
:1088E000C4E9006623F002036373A66004F1180074
:1088F00003F0BCFDAC6094F90E3020462B61E667B6
:1089000003F0F8FC3946064800F0B0FCC8E76FF009
:108910001500C6E74FF0FF30C3E700BF306000210D
:108920008A60002137B51146EFF31185202282F3CA
:108930001288BFF36F8F04689CB12368426823F0EC
:1089400003039442036008BF43600121204603F003
:1089500040FB044685F31188BFF36F8F204603B0B8
:1089600030BD51EA0302F5D000F10802CDE9001351
:108970001046294600F0E6FB0028EFD1014B9B682A
:108980001C69EBE73060002170B5EFF311862023FE
:1089900083F31288BFF36F8F0468A0421AD0CCB162
:1089A000D4E90032002513605A60637BC4E90055A6
:1089B00023F002036373A56004F1180003F056FD71
:1089C0002046E56703F096FC3146BDE870400A4852
:1089D00000F04CBCD0E902329A4218BF01330221A8
:1089E0008360103003F0A6FE0028EDD186F31188D5
:1089F000BFF36F8F70BD00BF8A60002113B5EFF326
:108A00001181202484F31288BFF36F8F846844B1EE
:108A1000013C846081F31188BFF36F8F002002B0A6
:108A200010BD52EA030406D181F31188BFF36F8FA2
:108A30006FF00F00F3E7CDE900230246014800F094
:108A400081FBECE78A6000212DE9F8430546EFF34E
:108A50001188202383F31288BFF36F8F00266FF0F5
:108A60000A0937462C68A54216D0ACB1D4E90032C9
:108A700013605A60637BC4E9007723F002036373D9
:108A8000A76004F1180003F0F1FC2046C4F87C90C4
:108A900003F030FC0126E5E700230221AB6005F17D
:108AA000100003F047FE30B92EB988F31188BFF3E8
:108AB0006F8FBDE8F8834146BDE8F843014800F0F8
:108AC000D5BB00BF8A6000212DE9FF410446202765
:108AD0004E4EEFF3118887F31288BFF36F8FD4F8EF
:108AE0008450F5B9022104F19C0003F0E1FA00285A
:108AF00068D004F1940500220121284603F07DFC92
:108B00000028F8D100234FF0FF3202934FF0FF33DB
:108B10004146CDE900233E4804F18C0200F062FD9D
:108B2000D7E7D4F888202B689542C4F8843008BF72
:108B3000C4F88830D4F89C3043F00203C4F89C3069
:108B4000EB6823F0040343F00103EB606B6888F3E8
:108B50001188BFF36F8F28469847EFF3118887F38A
:108B60001288BFF36F8FEB68D80623F0010236D46A
:108B7000EA60EB689A0716D5306823F00203EB60D1
:108B800088B10021036870B14268954235D103680D
:108B900069BB72683360824200D17360002340F881
:108BA000083BFFF7F1FED4F89C3023F00203C4F831
:108BB0009C3088F31188BFF36F8FDB0589D400F0F8
:108BC000CBFB86E7D4F89C30D9069BD5C4F89C0033
:108BD00088F31188BFF36F8F04B0BDE8F08123F0F4
:108BE0001103EB6005F11000FFF7CEFEC1E70B604B
:108BF0007368834208BF7160D0E723B11A680146E9
:108C000018461346BFE71A46F9E700BF5060002137
:108C10008A600021F8B5C36804469A070F46C3F37B
:108C200040062ED45B071CD40B680BB983680B601D
:108C3000E368DD0742BFA36802263B603D6858BF7A
:108C40000126002D3CD0204B9A68D5F880309A42FE
:108C50000AD0D5F89C30D807C3F3800214D46FF043
:108C6000120600233B6025E003F001FBD5F89C30A1
:108C70000028F0D1D907C3F3C002F0D552B15B0789
:108C800008D46FF00F06ECE7002AFAD1C3F3C00353
:108C9000002BF6D100232360D5F8883063B9C5E9ED
:108CA0002144284603F01FFAE36843F00403E3601D
:108CB0003B68A3603046F8BD1C60C5F88840F0E70B
:108CC0006FF01506CDE700BF30600021F8B5C3682E
:108CD000064603F00503002B0C4614BF01270027AE
:108CE0001CD085680122002104F1100003F0D0F9A6
:108CF0002046134903F04FFAE36843F01003E360A2
:108D0000F3685B0712D5336823606BB9D5F88830F8
:108D100033B9C5E92144284603F0E5F93846F8BDE2
:108D20001C60C5F88840F6E73460F4E7D5F8843075
:108D30002360D5F88830C5F88440002BEBD1F0E7EC
:108D4000C7C00101F0B50446002089B0C4E9210084
:108D50000E9D04F18C00C4E9230004F19400C4E9E1
:108D6000250055B32879002840F2011008BF0120E2
:108D7000C4F89C0000204FF0FF364FF0FF37CDE9DC
:108D80000330CDE90100CDE9066720460C4B009485
:108D900000F0C2F855B1296811B1204603F06DFA10
:108DA0006B791BB1237B43F001032373204600F052
:108DB00053FBC4F8804009B0F0BD0120D8E700BFE4
:108DC000C98A010130B50A46044685B0EFF3118522
:108DD000202383F31288BFF36F8FD0F89C3013F0F9
:108DE000060F1DD1B1B143F00C03C4F89C302046EE
:108DF00003F079F900234FF0FF3202934FF0FF3375
:108E00002946CDE900230C4804F1940200F0EAFB66
:108E100005B030BDD0F8840048B143F00403E4E766
:108E200043F00401C0F89C10002AE0D0DBE785F392
:108E30001188BFF36F8FEBE78A60002137B501908F
:108E40000846EFF31184202181F31288BFF36F8F5E
:108E5000C16811F01E0F16D153EA020508D101A90D
:108E6000FFF7D8FE84F31188BFF36F8F03B030BDD6
:108E700041F00801C160019910308161034900F09F
:108E800093FC0120EEE70020ECE700BF5BC101018D
:108E900001460148FFF7D2BFE02300212DE9F0434E
:108EA000984685B000F15803C0E91633109B0026A0
:108EB00003730423073222F0070543730F9B01EB72
:108EC00005090F4683734946C0E906668660C67386
:108ED0000446EAF743FE0E9B073020F00700E066E9
:108EE000C4E9197502930D9BA9EB000901930C9B32
:108EF0004A460093394643462046EBF75FF8054B58
:108F000066659B6803B11B6F4846236705B0BDE8E3
:108F1000F08300BF30600021F0B5002587B00595D3
:108F2000109DDDE9127604950F9D044603950E9D74
:108F300002950D9D01950C9D0095FFF7AFFFB6F1D1
:108F4000FF3F08BFB7F1FF3F05D056EA070305D141
:108F5000204600F081FA204607B0F0BD3A4633467D
:108F600004F11800014900F01FFCF4E76FC3010190
:108F700040F201138381002310B50446C0E9193380
:108F800000F0EEFD014B9C6010BD00BF3060002181
:108F90006FF00A01084A9368D967084998674B68D7
:108FA00043F080534B60002383F31188BFF36F8F2E
:108FB0009368D86F704700BF3060002100ED00E07B
:108FC00070B590F90D20437B002A36DBD90634D1E9
:108FD0001B4C63F07F032246437352F8183FE1694C
:108FE000934207D1C0E900210860E06111E0994295
:108FF000F8D01B68002BF5D090F90E5093F90E6055
:10900000B542F4D0AE42F2DD5968C0E900310860E3
:109010005860A569954200D005B9E568A3685A7BF8
:10902000D20604D1DA897F2A01D9AA6932B1AB42CA
:1090300002D0284600F016FB656170BD6361FCE755
:109040003060002138B590F90D200146002A437B9D
:1090500004DA03F07F03437303F012F90D4D2A463F
:1090600052F8184FAB68944200D004B9EC688B42B8
:1090700007D05A7BD20604D1DA897F2A01D9A269A6
:109080002AB1A34202D0204600F0ECFA23466B61DD
:1090900038BD00BF30600021B3F1FF3F08BFB2F11F
:1090A000FF3F03D00249183000F07EBB704700BF7D
:1090B0006FC3010170B590F90D200146002A437B72
:1090C00004DA03F07F03437303F0DAF81C4C4B7BA4
:1090D000224663F07F034B7352F8183FE0699342D6
:1090E00007D1C1E900200160E16111E09842F8D0A8
:1090F0001B68002BF5D091F90E5093F90E60B54224
:10910000F4D0AE42F2DD5868C1E900300160596028
:10911000A569A368954200D005B9E5688B4207D0E0
:109120005A7BD20604D1DA897F2A01D9AA692AB1E9
:10913000AB4202D0284600F095FA2B46636170BD21
:1091400030600021F8B5DDE906670D4B0C469868E4
:1091500011460C4A1060EFF31182202282F312882C
:10916000BFF36F8F9D68284603F09CF8284632466F
:109170003B46FFF791FF2046BDE8F840FFF708BFE8
:109180003060002158600021F8B50446EFF31187E4
:10919000202383F31288BFF36F8F437B49B203F020
:1091A0001F02002A0CBF0126002639D103F07F03DD
:1091B0002D4D437303F064F82A46437B817363F0BB
:1091C0007F03437352F8183F934227D1E869C4E9FB
:1091D00000200460EC610FE09842F8D01B68002B7F
:1091E000F5D093F90EC06145F6D08C45F4DD596891
:1091F000C4E900310C605C60AC69944200D004B9F1
:10920000EC68AB689C4202D0204600F02BFA6C61FF
:1092100087F31188BFF36F8F3046F8BDE869DEE74A
:109220009B071ED5856803F02BF881732B689D4240
:1092300009D16B68C4E900531C606C60E8E76A6898
:109240009342F6D01B68002BF3D093F90E20914285
:10925000F5D08A42F3DD5A68C4E9003214605C60DC
:10926000D6E78173D4E700BF3060002149B9EFF33E
:10927000058030B9054B5A699B689A4201D0FFF7C7
:1092800087BE81F31188BFF36F8F70473060002174
:10929000034648B9EFF3058232B9064A516992682C
:1092A000914201D0FFF774BE83F31188BFF36F8F33
:1092B000704700BF30600021EFF31181202383F35A
:1092C0001288BFF36F8F054B9A68D37B013BD37332
:1092D00081F31188BFF36F8F704700BF30600021AA
:1092E00070B5EFF31186202383F31288BFF36F8FDD
:1092F000144DAB68DA7B0132DA732A4652F8184F04
:10930000944200D004B9EC685A7BD20604D1DA89C1
:109310007F2A01D9A2692AB1A34202D0204600F0D7
:10932000A1F923466B6186F31188BFF36F8FEFF3CA
:109330001180202383F31288BFF36F8FBDE8704044
:10934000FFF7A6BF30600021024B03F11802C3E90A
:10935000062270473060002170B5EFF3118620239C
:1093600083F31288BFF36F8F1B4CA168E0690B6811
:10937000814214BF1A46002249680B605960A368F5
:10938000E1692AB9154AC3E900210B60E3610CE0E9
:1093900093F90E0092F90E50A84218D0854216DDBE
:1093A0005168C3E900210B605360A5690B4B9D42D6
:1093B00000D005B9E568A3689D4202D0284600F0B8
:1093C00051F965613046BDE87040FFF7E1BD8A4262
:1093D000D8D01268D5E700BF306000214860002176
:1093E000F8B550EA010306460C4603D1FFF7B4FF77
:1093F0000020F8BDEFF31187202383F31288BFF319
:109400006F8F124D124BA8681860FFF71BFEA868FB
:10941000234632460F49183000F0C6F9AA680446C0
:10942000537B384643F004035373FFF7B1FDAB6839
:10943000D3E90A23B3F1004F08BF002AD8D103F0C3
:109440003DF8201A20EAE070D3E700BF3060002129
:10945000586000216FC3010138B50446EFF3118550
:10946000202383F31288BFF36F8F437B5B070FD5F5
:10947000183002F0FBFF637B204623F00403637384
:10948000FFF79EFD2946BDE838400448FFF7EEBED1
:1094900085F31188BFF36F8F38BD00BF8A6000214C
:1094A000014B9868704700BF306000212DE9F843F8
:1094B0000446077BEFF31185202383F31288BFF363
:1094C0006F8F437B190705D585F31188BFF36F8F25
:1094D000BDE8F883D90943F008025AD14273A36862
:1094E00013B1204602F0D4FE04F1180002F0BEFFD2
:1094F000A66D04F15808B04511D04FF0000976B1BF
:10950000304602F0C5FE06F1180002F0AFFF30460B
:10951000C6F87C90FFF754FDA66DB045EFD1DFF89B
:10952000B880D8F808309C423BD1EFF30589B9F1F7
:10953000000918BF4FF00109D8F81860274A964271
:1095400000D00EB9D8F80C60B34202D0304600F01B
:1095500089F8C8F81460B9F1000F02D02048FFF76D
:1095600007FDD8F808309C4231D1EFF3058373BB77
:10957000227BD20718D42846FFF70AFDFB07A7D5A0
:10958000002383F31188BFF36F8F0423184602DF93
:109590009EE703F07F0343F00803437302F070FE7D
:1095A0009DE74FF00009C7E785F31188BFF36F8F80
:1095B00083F31188BFF36F8F0423184602DFEFF3A4
:1095C0001180202383F31288BFF36F8FD4E785F3D4
:1095D0001188BFF36F8FD1E7306000214860002110
:1095E00040230021D3B5DDE90667089CCDE900677B
:1095F000FFF7A8FD1CB1034B9B681B69236002B0F9
:10960000D0BD00BF306000210122044BC01A044BC2
:10961000C0105843034B1A54704700BFC0230021A9
:10962000ABAAAAAA8A600021C3897F2B12D80A4B51
:109630001B6863B1094B90F90E201B689A4209DB45
:10964000437BDB0606D1064BC31A18BF012303F088
:10965000010070470023FAE7140300215C60002139
:109660004022002170B50E4B0E4C1E7C182303FBCC
:1096700006440546204602F0F9FE00220A4B284621
:109680009A55FFF7D1FF48B1084B2046BDE870401E
:109690001A680749013AD31700F086B870BD00BFB9
:1096A00030600021C02300218A60002114030021C2
:1096B0000996010138B5EFF31185202383F3128851
:1096C000BFF36F8F104B114A9C681068A04206D1FF
:1096D000FFF7C8FF85F31188BFF36F8F38BD0021F6
:1096E0001B7C11600A4AD35C002BF3D02046FFF7A5
:1096F0009BFF0028EED0637BDB0602D12046FFF7FC
:10970000D9FC2046E4E700BF30600021586000210A
:109710008A600021074808B5074A0849121A02F072
:109720009AFBBDE808400648064A0749121A02F0AB
:1097300092BB00BF00000021180400217CE601015B
:1097400000000021000000217CE60101024B1868A6
:10975000984208BF0020704718030021034B1B6884
:109760000BB9FDF75BBC0020704700BF60600021B3
:1097700030B570B10B4B5B6898420AD0036843B1B7
:10978000D3E90421D0E90445121941EB0501C3E9ED
:109790000421D0E9003213605A600023C0E900338D
:1097A00030BD00BF18030021B3F1FF3F08BFB2F185
:1097B000FF3F2DE9F84F0446994615461F467AD0DB
:1097C0008160EFF31188202383F31288BFF36F8F3A
:1097D000B9F1000FDFF8E4A020DBFFF7BFFFDAE903
:1097E0000027013549F100092D1849EBE0730646C1
:1097F0004FF00109C4E90453AD1843EB0707FFF725
:10980000A5FF0346DFF8B8E0DEF804A0EBB9C4E931
:1098100000EACAF80040CEF8044028E06FF00103E7
:10982000DAE900125B1A4FF0FF3161EB02025B1BB9
:1098300062EB0902012B72F10001BCBF012300227F
:109840004FF00009C0E90432D9E7D3E9041CD4E998
:1098500004208A4270EB0C0B24DA891A5A686CEBEC
:109860000000C3E90410C4E9003214605C60FFF733
:109870006DFF84420ED1134B1B685BB9B9F1000F29
:1098800002D1FFF76BFF0646304602F0D8FD0021FB
:10989000FDF796FB88F31188BFF36F8F2846394692
:1098A000BDE8F88F521A60EB0C009A45C4E9042019
:1098B000ADD01B68AAE700252F46EFE7D82300218B
:1098C00018030021606000212DE9F047EFF31185B6
:1098D000202383F31288BFF36F8FDFF8A090002658
:1098E000C9F800000027FFF731FFDFF89480D9F8AE
:1098F0000030D8E900ECD91750B1D0E90442A342B6
:1099000071EB020A1BDAE41A62EB0102C0E90442BD
:10991000002413EB0E034CEB01012046C8E9003193
:10992000C9F8004002F08BFD2146FDF749FB85F3A5
:109930001188BFF36F8FBDE8F047FFF7BBBE14EB94
:109940000E024CEBE473C0E90467C8E90023FFF79B
:109950000FFF85F31188BFF36F8F83689847EFF38C
:109960001185202383F31288BFF36F8FD9F800305D
:109970001B1BC9F80030FFF7E9FEB8E76060002163
:10998000D823002110B5EFF31184202383F312882C
:10999000BFF36F8FFFF7E2FE0346054AD2E90001ED
:1099A000181841EBE37184F31188BFF36F8F10BD7A
:1099B000D82300211423F0B50024202703FB010045
:1099C000134E01B9F0BD10F8073CA0F1140C03F0E0
:1099D0003F03102B40F80C4C0CD826FA03F3DB079E
:1099E00008D550F8143C2BB150F8105C2B605D602A
:1099F00040E9054482F31188BFF36F8FEFF31182C2
:109A000087F31288BFF36F8F60460139D9E700BF33
:109A1000160101002DE9F74F1D46274B16469F689A
:109A2000012387F8603087F8613052EA05030CBFE4
:109A30000123002307F16002804602F0B5FD814654
:109A4000EFF3118B4FF0200A8AF31288BFF36F8F68
:109A500097F860404CB901465A464046FFF7AAFFC6
:109A60008BF31188BFF36F8F0BE0002387F8603012
:109A700056EA050309D18BF31188BFF36F8F6FF09E
:109A80000A04204603B0BDE8F08F5946CDE90065D1
:109A90000A4A0B48FFF756FB0446EFF311858AF399
:109AA0001288BFF36F8F2A4649464046FFF782FF70
:109AB00085F31188D6E700BF306000212003002124
:109AC0008B60002138B50346EFF31185202282F325
:109AD0001288BFF36F8FC1600121816000688342EB
:109AE00006D185F31188BFF36F8F0024204638BD5F
:109AF000D0E9003213605A600023C0E9003302F05D
:109B0000D6FD294604460248FFF7B0FBEEE700BF4A
:109B10008B6000212DE9F04105460E46174602F004
:109B2000A6FB28B9074B9B681C6F14B9BDE8F081F0
:109B3000054C3B46324629462046BDE8F04102F03E
:109B40001DBE00BF30600021380300210246002105
:109B5000014B024802F012BEBFA2010138030021EE
:109B6000014B0367704700BF380300210146024ADA
:109B70000020FFF7CFBF00BFBFA20101014800F0E6
:109B8000E0BB00BF39E6010107B5074B4FF4007297
:109B9000009306494FF0FF330548FFF7D3F8002044
:109BA00003B05DF804FB00BFFCE301011087002156
:109BB000E02300212DE9F04F43688DB01546804623
:109BC000029383789A0740F10D8100240E78002ECD
:109BD00000F00A81252E0BD04B1C03930134414623
:109BE0003046029B98470028C0F2F6800399EDE7C3
:109BF0004E788B1C252E0393F0D00027B946BB4628
:109C0000BBF11F0F38D8A6F12003102B0AD8DFE8CC
:109C100003F02A0909300909092109090928092D30
:109C200009091F00A6F13003092B33D92A2E37D199
:109C30001BF0400F55F8043B40F08280002BA7BF7B
:109C40004BF0200B9946C3F100094BF0280B01E0C3
:109C50004BF0010B039B13F8016B0393002ECFD144
:109C600030E04BF0020B4BF0040BF3E74BF0080B2A
:109C7000F0E74BF0100BEDE7BBF17F0F19D8A6F121
:109C80003003092BD2D81BF0400F03D00A2101FB6F
:109C90000737DFE70A214BF0200B01FB0939D9E731
:109CA0002E2E06D11BF0400F40F09E804BF0400B53
:109CB000D0E76C2E31D02BD8682E36D06A2E3CD00F
:109CC0004C2E3AD0002F46F02003B8BF2BF04002B4
:109CD000A3F16501BCBF00271FFA82FB022901D94D
:109CE000612B2FD107350727DFF8ACA225F0070538
:109CF00008351BF0080F66D00AEB070B56465E4589
:109D000063D1A4EB0A0AA9EB070906EB0A026FE18B
:109D1000742E9FD07A2E9DD0D4E71BF0800F18BFF1
:109D20004BF4007B4BF0800B94E71BF4807F18BF53
:109D30004BF4007B4BF4807B8CE74BF4207B89E772
:109D40001F4687E7A6F16301122900F2F080DFE8E1
:109D500011F013004F00EE00EE00EE00EE004F0099
:109D6000EE00EE00EE00EE00EE00FE00E900EE0078
:109D7000EE001B00EE00AF0055F8043B01270DF18B
:109D8000180A8DF81830B4E755F804AB834BBAF1D4
:109D9000000F08BF9A461BF0400F504614BF3946CB
:109DA0004FF0FF3102F06AFD0746A2E7414620204E
:109DB000029B984700280FDB013EB742F6D34C4484
:109DC000B146A41B98E74E46F7E7414616F8010B4B
:109DD000029B9847002892DA98F8023043F0040377
:109DE00088F802304FF0FF3420460DB0BDE8F08F08
:109DF0001BF0800F34D01BF4007F2CD0073525F0EA
:109E00000705AA4669685AF8080B2BF010050029C7
:109E1000ADB237DA404245F4806561EB41010DF1A6
:109E2000180B0A235A4602F035FDA0EB0B030193F1
:109E30006B0662D5019B25F001019F4289B240F378
:109E4000A180002E00F0998015F0100240F09C8057
:109E5000BB460D4623E0AA465AF8040BC117D4E7C7
:109E6000AA461BF4807F5AF8041B01D10846F5E787
:109E70001BF4007F19BF48B241F3C01108B241F38F
:109E8000C031C2E750EA0103C9D11BF0400FC6D070
:109E9000002FC4D12BF01102BB46019795B240F2BE
:109EA000064115EA01021CBF0BF1010B00222CE058
:109EB0002BF010020A231FFA82FB1BF0800C49D002
:109EC0001BF4007115BF0735AA4625F007055AF89F
:109ED000040B1EBFAA4669685AF8080B50EA010530
:109EE00045D12BF016051BF0400FADB242D0002F2C
:109EF00040D12BF01702019795B215F0100248D00F
:109F0000019B002E42D103F1010B29075AD4EB0724
:109F100006D5D9456FDDA9EB0B030199CB465F1838
:109F20005B4649E04BF0100B10237826C5E7782BF1
:109F300004D1C6F1780343F01003BEE74146252063
:109F4000029B98470028FFF647AF023447E60823F4
:109F50000026B2E7AA461BF480715AF8040BBDD064
:109F60001BF400711ABFC0B2614680B2B6E72BF095
:109F7000060295B20DF1180B54E725F01105BB460A
:109F8000ADB28CE70D46B8E73B460D4603F1020B38
:109F9000BBE7DDF804B082E771E601016AE6010182
:109FA000CDE9043241462020029B98470028FFF665
:109FB00013AF049B059A01339945F1DCA4EB0B0127
:109FC0009B46CC180AB341463020029B9847002894
:109FD000FFF602AF8EB901342744391B019B994229
:109FE00024DC1D4655BB019AA9EB0B0955462244BA
:109FF0001446914433E0019F92E7023441463046D3
:10A00000029B98470028E7DAE6E640F206410D4257
:10A01000E2D015F0020F04F10104414614BF2B20D9
:10A02000202015F4806F18BF2D20E9E7414630202D
:10A03000029B013498470028CFDACDE606AB013DFC
:10A040004146585D029B98470028CBDAC4E641465A
:10A050002020029B013498470028FFF6BDAEA9EBF3
:10A060000403002BF3DCC1E5704700EBC10040881E
:10A0700040087047F8B50346FFF7F7FFB0FA80F0E5
:10A08000C0F11F0003EB800CDCF81060CA00171D44
:10A090000C4606328DB256B9012101FA00F0D9689A
:10A0A0000143D960CCF81040DD539D52F8BDF1005A
:10A0B0000431585AD85303EBC0009E52C5805D52FC
:10A0C000F4E710B500EBC104E388994202F1040102
:10A0D0000AD1012303FA02F2C36823EA0203C36030
:10A0E000002340F8213010BDA28840F8213000EB59
:10A0F000C20100EBC300CB808280F4E708B50346C1
:10A10000FFF7B3FFB0FA80F21846BDE80840C2F18D
:10A110001F02FFF7D6BF2DE9F843B1FA81F5C5F16B
:10A120001F0900EB8908D8F8102003460E46C2B17B
:10A130000327D8F8104018462146FFF796FFB04293
:10A1400006D34A461846FFF7BCFF2046BDE8F88311
:10A1500003EBC404E088013FC8F8100001D082423C
:10A16000E7D14FF0FF34C5F120029440DA68144083
:10A17000EBD094FAA4F2B2FA82F2111D53F8214006
:10A180002146DFE738B50346FFF76FFF0D4604466B
:10A1900011461846FFF769FF0444600003EBC5054C
:10A1A00068801846FFF761FF014423F8314038BD4D
:10A1B00038B50C460346FFF758FFA51A511A054457
:10A1C00003EBC4044800608003EBC2006C004480D1
:10A1D00023F8321018461146FFF747FF014423F8D1
:10A1E000315038BD38B50546FFF73FFF0C460144F6
:10A1F00005EBC1035B88DA070AD42846FFF77EFF28
:10A2000021462846FFF731FF22182846FFF7BAFFFC
:10A2100035F83410611A05EBC1035B88DB070CD4F9
:10A220002846FFF76BFF35F834102246611A28469E
:10A23000FFF7A8FF35F83430E41A21462846BDE878
:10A240003840FFF717BF61B100680439091A21F0DF
:10A25000070303445A88C90822F001025A80FFF715
:10A26000C1BF704770B5056809B9002070BD01F025
:10A2700007030B33CC0804EBD304AB6828469C429D
:10A2800028BF1C462146FFF746FF06460028ECD0B3
:10A2900001462846FFF7E9FEA04207D928463219B1
:10A2A000FFF786FF11462846FFF7E4FE05EBC602DE
:10A2B00010465388043043F001035380D6E711461B
:10A2C000FFF7D0BF043A2DE9F041CC1D114424F032
:10A2D000070421F007010E1BF708B7FA87F24FF0C9
:10A2E0000008C2F12405AD000735C2F12002ED08D7
:10A2F00004604146A760C4F80C80920004F110008D
:10A3000002F082FA6B0043F0010363807B1B04EBD5
:10A31000C5025900A4F800805180A21924F83550D4
:10A32000A2F80280A35304EBC7035A88294642F0DF
:10A3300001025A802046BDE8F041FFF79BBE002095
:10A3400070470FB407B504A951F8040B0191E8F761
:10A35000EDFF03B05DF804EB04B070470FB407B530
:10A3600004A951F8040B0191E8F7E0FF03B05DF890
:10A3700004EB04B07047002203680BB9184670471D
:10A380008B4210D10B6842B942680360914200D100
:10A390004360002301200B607047136043689942BB
:10A3A00008BF4260F5E71A461B68E6E7038B13F027
:10A3B000070305D10368002B0CBF00200320704762
:10A3C000022B05D1408BB0FA80F040098000704725
:10A3D000012B05D10368002B0CBF0020052070471E
:10A3E0000020704710B50C4600B111B96FF0150090
:10A3F00010BD081D00F0D2F80028F9D1A368032B86
:10A40000F6D9F3E72DE9F0410D4607461946281D18
:10A4100090461E4600F0D6F8044638B13346424610
:10A4200029463846A446BDE8F0416047BDE8F081C2
:10A4300010B4EFF31182202484F31288BFF36F8FDE
:10A44000416110BC0121E8F7A3BF38B50C460546B1
:10A4500058B151B10B6843B14B6833B11C22002194
:10A4600002F0D2F900202C6138BD6FF01500FBE737
:10A4700070B505460E46FFF7B5FF041E14DBEFF37B
:10A480001182202383F31288BFF36F8F4FF6FF7181
:10A490006B8B2C8B8B4204F0070407D182F311885D
:10A4A000BFF36F8F6FF00A04204670BD022C0CD1F1
:10A4B00001336B8382F31188BFF36F8F0023224631
:10A4C00031462846FFF79EFFEEE7062C14D8DFE85A
:10A4D00004F004131313041A0400002333606B68A0
:10A4E0003BB9C5E90066ACB902212846E8F750FF40
:10A4F000DAE71E606E60F6E782F31188BFF36F8FB4
:10A500006FF00404D0E782F31188BFF36F8F6FF010
:10A510008504C9E782F31188BFF36F8FC4E710B5D4
:10A52000EFF31182202383F31288BFF36F8F048B24
:10A5300004F00704022C0AD0012C0CBF6FF00400B9
:10A540006FF0850082F31188BFF36F8F08E0438BB3
:10A55000013B9BB2438323B92146E8F719FF20460C
:10A5600010BD2046EEE738B5A8B1A1B1EFF31185D3
:10A57000202282F31288BFF36F8F048BFFF7FBFE5C
:10A5800030B104F0070085F31188BFF36F8F38BD39
:10A590006FF07700F7E76FF01500F8E7034640B17A
:10A5A000426802F00302022A06D0032A04D0012ADC
:10A5B00005D06FF0150070471A68002AF9D0002006
:10A5C0009860704710B54268034602F00302022A01
:10A5D0004FF00004816007D0032A02D05C600020A5
:10A5E00001E018685C6010BD18685C600028F6D057
:10A5F000FFF768FAF3E7704720B183682BB11B6857
:10A6000033B118476FF0150070476FF004007047C2
:10A610001846704730B450B149B142B1846854B162
:10A62000E56845B141F8040BE36830BC18476FF0AA
:10A63000150030BC70476FF00400FAE730B41346E1
:10A64000044650B1006860B182686AB195685DB136
:10A650000A46AC46616830BC60476FF0150030BCFC
:10A6600070476FF00100FAE76FF00400F7E7036945
:10A67000D3F8780370476FF085007047084608B537
:10A68000114618B101F073F8002008BD6FF0010009
:10A69000FBE7084608B5114618B101F05FF8002045
:10A6A00008BD6FF00100FBE713B5044608462169B9
:10A6B00001F55D71D1E8AF1F022909D15BB168B125
:10A6C00000931346D0E90912FDF774FC02B010BDE7
:10A6D0006FF00F00FAE76FF04C00F7E76FF0010042
:10A6E000F4E72DE9F8431C46DDE908531646984681
:10A6F0000F46006939B34AB344B36A1C43F10003FF
:10A70000022A73F1000324D2226842B1D0F87833D0
:10A710009A4204D96FF00B002360BDE8F88305EA84
:10A72000080909F101035A425A412146384601F00D
:10A7300027F888B9B8F1FF3F08BFB5F1FF3FF0D067
:10A740006FF06800E9E76FF00100E6E76FF01500D1
:10A75000E3E76FF08500E0E730600020DDE701F01F
:10A7600074B838B50D46044600F148012846E5F7AF
:10A77000BDFC30B1284604F1C001E5F7B7FC20B9B3
:10A780000120782303FB004038BD0020FCE702F5E0
:10A79000307102F5347001F01ABDD0F8B030A0F578
:10A7A0003070003B18BF012300EB8300D0F8AC02EF
:10A7B00000F075BFC86828B1096983681B680BB1D0
:10A7C000002218477047FEF75DB8D0E8EF3FC0E8B9
:10A7D000E21F002AF9D1704710B5436804691B686D
:10A7E000C4F8703304F5EC7001F06EFB002104F541
:10A7F0005D70FFF7EAFF084610BD2DE9F7431746E5
:10A800000D4691B30B7883B3D0F8C440A4F5E27938
:10A8100014344FF0FF324FF0FF332046FDF7BAFFFC
:10A820002A46484601A9E8F7E3FE019E80462EB974
:10A83000204603B0BDE8F043FFF7C5BF58B120463E
:10A84000FFF7C1FF3B462A463146484603B0BDE804
:10A85000F043E8F7ABBE1F22294606F1480001F09D
:10A86000FDFF86F86780B766E2E703B0BDE8F083D6
:10A87000030103EB4003093323F0030303EBC0039D
:10A8800048430330083320F0030018444000704769
:10A890002DE9F84306464FF001080569D0F8049009
:10A8A00005F55D77D7E8EF3F022B03D1C7E8E28FCC
:10A8B000002AF7D141D195F86C30002B40D195F8A2
:10A8C000E430002B3CD12846D5F8701300F054F842
:10A8D000044680BB73683669D3E9050183681B6948
:10A8E0003BB322469847044628BB414606F53470E0
:10A8F000FEF768FAD6F8500305F5F876E9F7B2FAEC
:10A900003046D9F8001000F072F8044698B90146B4
:10A91000D022304601F078FF21464FF4F6722846E7
:10A9200001F072FF21463846FFF74FFF2046BDE891
:10A93000F8836FF057040221F5E76FF07704F5E72D
:10A940006FF00F04F2E710B50846029B114652B9AA
:10A9500093F86C202AB90122184683F86C20E8F796
:10A9600033FF002010BD1A6F9468002CF9D05A6F85
:10A97000A047F6E700F069BF38B50D46044660B160
:10A98000F03001F001FA0DB1002038BDC4F8C45117
:10A99000C4F8C851C4F8CC51F6E76FF01500F4E7DD
:10A9A0000268D2F8C83013B1D2F8C4101847704703
:10A9B000704783690BB9C36B1970704701207047EA
:10A9C0008369012B03D1C36B1878C0B27047042090
:10A9D000704738B5C41DE4002046FFF7B7F80546B8
:10A9E00018B12246002101F00FFF284638BD38B5C6
:10A9F00004463822002101F007FF1822002104F14B
:10AA0000A40001F001FF1822002104F18C0001F0E4
:10AA1000FBFED4F8C000FDF77FFAD4F8BC00FDF7C8
:10AA20007BFAD4F8803004F154050BB128469847DE
:10AA300038220021284601F0E7FEFDF7D1F9002079
:10AA400038BD012801D1EFF30583FDF755BD01465F
:10AA50000068FFF7F6BF08B5E9F77CF8BDE80840E5
:10AA6000E9F79CB800210120FFF7EBBF08B5E9F733
:10AA700097FAFDF7D3FDFEF74DFEE9F7E1FAFDF792
:10AA80000DFE436E83F30B88704761B662B680F3A8
:10AA90001188BFF36F8F704708B5E9F7FDFD72B6F7
:10AAA000002383F31188BFF36F8FE9F773FE50B172
:10AAB000BFF34F8F30BF00BF00BF00BF00BF00BF5C
:10AAC00000BF00BF00BF62B6BFF36F8F08BD10B5F7
:10AAD0000446E9F7E1FD72B6002383F31188BFF362
:10AAE0006F8FE9F757FE50B1BFF34F8F20BF00BF04
:10AAF00000BF00BF00BF00BF00BF00BF00BF84F3A6
:10AB00001188BFF36F8F62B610BD40E800F313F4F5
:10AB1000803FD8B208BF6FF01500704730B50C68A1
:10AB20004B6885B00A894D890094013B24F01F04CD
:10AB3000234402F01F0242EA451223F01F03694634
:10AB40008DF808200393E9F7CFFA05B030BD08B5BA
:10AB5000E9F78AFC002008BD7047416A8968E9F777
:10AB6000EFBC027A01320272704710B508B14B682F
:10AB7000436000234C6808464B60E9F75FFD2046C0
:10AB800010BD8388026819448180D018704730B4A2
:10AB900084880568A3188380281930BC01F00DBE95
:10ABA00010B5838802685C1C8480D154D01810BD15
:10ABB00003468288521A82800068084418607047F1
:10ABC000034600689A88521A01449A8019607047B7
:10ABD00010B5036801211C78FFF7EAFF204610BD7D
:10ABE0008388C2888168D21A03685B1AD01A7047BA
:10ABF000F0B5D0F80473064617F002001CBFC2F18E
:10AC0000807018604FF0000518BF01204FF0010C54
:10AC10004FF4803E0CFA05F40C4214D00EFA05F401
:10AC20003C4210D005F5A87456F82440A41A34F01C
:10AC30007F4408BF4FF0807408B91C6002E01868B8
:10AC4000A042FAD801200135042DE3D1F0BDE9F787
:10AC500011BD30B5054614460A8885B08B78ADF82D
:10AC6000002000210D220DF103008DF8023001F0CB
:10AC7000CBFD6A4669462846F7F774FB28B9BDF84C
:10AC800000209DF802302280A37005B030BD13B5BE
:10AC90000C4601AA0331FFF7DCFF48B90322204626
:10ACA00001A901F0B9FDB0FA80F0400902B010BD71
:10ACB0000020FBE770B5CE1C05460C46304603214C
:10ACC000F7F74EFB60B96379224603F03F0343F088
:10ACD0004003637131462846BDE87040FFF7B9BFB5
:10ACE00070BD0220E9F730BE033138B5C9B2054660
:10ACF0000E20E9F7A7FE032104460C30FFF741FFC1
:10AD00000123A0F801500370204638BD70B50546F8
:10AD10000E460F200421E9F795FE042104460C306D
:10AD2000FFF72FFF0122067042704580204670BD5C
:10AD30000C220369C9B201FB0233186C00F0070052
:10AD4000704770B5C9B20369EFF31185202484F30D
:10AD50001288BFF36F8F0C2606FB0134246C14F0AD
:10AD6000C00408D0A24206D085F31188BFF36F8FCC
:10AD70004FF0FF3070BD012206FB01331A6485F3EA
:10AD80001188BFF36F8F436803EBC1035B6898477B
:10AD90000020EFE78022FFF7D4BFF8B5069F0469D3
:10ADA000C9B2EFF31186202585F31288BFF36F8FA8
:10ADB0000C2505FB0144256C05F0070CBCF1010FC7
:10ADC0000CD1276486F31188BFF36F8FC4E90E237B
:10ADD000436853F8313098470020F8BD05F0C005AE
:10ADE000AF4286F31188BFF36F8F0CBF6FF077000F
:10ADF0004FF0FF30F1E713B580240094FFF7CDFF4B
:10AE000002B010BD10B41C240069CBB203FB0400D7
:10AE1000002110BC10470020FCF73EBA002000F0D3
:10AE200045B91046FDF7B0BD436800205B681B695B
:10AE30000B607047436802EA01005B6821EA020187
:10AE400098600020D9607047436800205B68996073
:10AE50007047436800205B68D960704743685A6850
:10AE6000536821EA03000B4090600020D3607047D4
:10AE700010B503695868F8B1884219D19C68086810
:10AE8000A142586000D19860002008602AB15A6839
:10AE90000A609A68596002B99960002010E0814206
:10AEA00006D10868206098688142EDD19C60EBE78C
:10AEB000044600680028F2D1002AE8D16FF015009E
:10AEC00010BD30B451F820500C4601EB80023DB16A
:10AED0000146AC46D4F88000002330BC126C6047B9
:10AEE00030BC704710B500690F299FBF00EB81048B
:10AEF00040F821202364002088BF6FF0150010BDAA
:10AF000000207047102070470F290ED843685B68F7
:10AF1000CB40DB0709D501228B00DBB203F1824372
:10AF200003F5903300201A6070476FF015007047EA
:10AF300038B50F290C46056933D843681B68CB40E8
:10AF4000DB072ED5D5F8841021FA04F303F00103B2
:10AF50001AB99BB96FF0770022E0002BFAD111B932
:10AF60001220E8F7D7FF0122D5F88430A24013431E
:10AF7000C5F88430E0B2FCF753FE0AE0E0B2FCF71B
:10AF800057FE0122D5F88430A24023EA0203C5F817
:10AF90008430D5F8843013B91220E8F7C9FF0020B7
:10AFA00038BD6FF01500FBE730B543681360057AD4
:10AFB000446804EBC504A34202D36FF0010030BD26
:10AFC0005C798C4201D00833F0E70020F7E7436852
:10AFD0001B68D3F88004C3F8800470474268136884
:10AFE000D3F8100150B10020126A12780A70C3F829
:10AFF0001001D3F8102101221A6070474FF0FF3082
:10B00000704702680346D2F8580140B95B68DB0715
:10B0100006D4D2F82001003818BF01207047012063
:10B02000704743681B68D3F80423D20517D5D3F8BB
:10B030002021A2B1EFF31182202181F31288BFF306
:10B040006F8FD3F8201131B10021C3F82011D3F84C
:10B0500020110121D96082F31188BFF36F8FD3F8DB
:10B0600058317047002200F150039B009BB203F15E
:10B07000824303F5B0331A601B68704708B5FBF7CD
:10B0800039FE08BD004700F0B2BE40F00040C1F8F4
:10B090008000704740F00040C1F88000704740F0E9
:10B0A0000040C1F88000C2F880007047FCF770B81B
:10B0B000F7B51646DDE90847019001A81D46FCF7E3
:10B0C00089F9019BB6F1000C18BF4FF0010C00EBA1
:10B0D00083000B1E18BF0123002D43EA4C0314BF4D
:10B0E0004FF00C0C4FF0000C002C43EA0C0314BF83
:10B0F0004FF4706C4FF0000C002F43EA0C0314BFA8
:10B100004FF4403C4FF0000CD0F8002243EA0C030F
:10B1100022EA030301B109780EB1367876001943AB
:10B120000DB12D78AD0031430CB1247824022943B0
:10B130000FB13F783F040C433C43C0F8004203B0DA
:10B14000F0BD1FB50DF10F03019300238DF80F1013
:10B150001A4619460093FFF7ABFF05B05DF804FBF4
:10B1600038B5054608460C46FCF788F9A8B10846EC
:10B17000FCF778F988B90846FCF768F901232A68D2
:10B180008340C2F808332B6803EB8000D0F81035F9
:10B1900023F00303C0F8103538BD2046BDE8384021
:10B1A0000021FFF7CEBFFCF7EDB9FFF7D9BF2DE9BE
:10B1B000F04389B0109E0446894690460021202223
:10B1C00068461F46129D01F01FFB1F2E97BF0123EB
:10B1D0004FF0FF33B34003F1FF332361119BC4E908
:10B1E0000098C4E902766361183445B10FCD0FC4ED
:10B1F00095E80F0084E80F0009B0BDE8F0836D46C4
:10B20000F4E773B50468661C31D08568A9422ED274
:10B2100064182CD05E18AE4288BF6B1A056A35B12F
:10B2200000930523A8470346184602B070BDBFF33C
:10B230005B8F1946A41A101919B140EA0205AD072F
:10B240000AD103290DDC013811448A42ECD010F8F0
:10B25000014F02F8014BF8E70078013902F8010BC1
:10B26000E9E750F8044B043942F8044BE9E76FF082
:10B270002103D9E773B50468651C32D08568A942FB
:10B280002FD264182DD05E18AE4288BF6B1A456A63
:10B29000CDB100930523A84702B070BD12F8015B41
:10B2A000013905701546A01819B140EA0206B60723
:10B2B000F4D103290ADC013D014488420CD1BFF3DB
:10B2C0005B8F1846E8E71946A41AEBE755F8042BFC
:10B2D000043940F8042BECE715F8012F00F8012B96
:10B2E000EBE76FF02100D7E773B51C4603681546FE
:10B2F0005A1C29D08268914226D25B1824D0661845
:10B300009642866A88BF541A36B105232A460094AD
:10B31000B047204602B070BD184622464AB92946B9
:10B3200001F072FABFF35B8FF3E700F8015B013ABB
:10B33000F4E78307F9D14FF001336B43032AEEDDC5
:10B3400040F8043B043AF9E76FF02100E2E70020FF
:10B35000704710B4046B02460B4684B9C1681F29BC
:10B3600098BF23FA01F4416861B18068834209D231
:10B370001069184051F82430184410BC7047234617
:10B3800010BC18474FF0FF30F7E730B5059CC4E913
:10B390000002039A21811989E260049A6181218562
:10B3A0006261D3E9002502EB0113C4E906128A1C8D
:10B3B000236203EB42036A1C13446D422B40636219
:10B3C000836953B90139E2698B4202EB031206DB50
:10B3D000002393736FF07F03D373002030BD0133DC
:10B3E000D381F0E72DE9F04FB0F830A00446554680
:10B3F000002685B002EB030891460E9A00EBCA03C3
:10B400001FFA88FB9A63A3F83CB008F1FF32C369C6
:10B410000F1D0192B0451ADC238D2586A3EB0B038B
:10B420002385236A61895A8801390A4003EB420364
:10B43000A3F804A0BFF35B8F0020226A5388013376
:10B440005380638D0133638505B0BDE8F08FE06AFA
:10B450002A0157F8041C03EB0515029303680392B5
:10B46000C91A83680837994228BF4FF0FF31FFF7A8
:10B4700070FFDDE90232985000226A6057F8082C0C
:10B48000AA60019A9642ACBF00220122B145D8BF02
:10B4900042F00202AA810136ED89BBE7F0B550B354
:10B4A000456A448E6B88A34230D0631C438643892F
:10B4B000BFF35B8F013B1C4005EBC4056B689EB27C
:10B4C00009B1AD680D60D0F81CC09BB20CEB031144
:10B4D00000EBC3039D8F078D2F44013D07859D879A
:10B4E0008D896F070ED5058ECD8100210686986B5C
:10B4F000996302B11480F0BD9D8FC989013D0CEBA9
:10B5000001119D878D89ED07F6D4ECE70020F2E765
:10B51000C36903EB01139868704770B5C369C56AC6
:10B5200009015E586B6BE3B92C69621C09BF6B683B
:10B5300034401C68341B21462846FFF70AFF864228
:10B5400007D02B6901331C44AB689C42F3D34FF006
:10B55000FF342868431C09D0AB68A34206D92044B5
:10B5600070BD3146284698470446F2E70020F7E7C9
:10B5700070B5BFF35B8F0D46016A1646838E4A880D
:10B5800004469A4212D05A1C82864289013A1340DC
:10B5900001EB43018988298089B2FFF7BEFF2A8821
:10B5A000E36903EB02139B68336070BD0020FCE786
:10B5B00010B5026893691269920017D543B9438E9A
:10B5C000026A81694489013B1B1B02EB41029380A3
:10B5D00003689B69012B08D1838E426A8169408987
:10B5E000013B1B1A02EBC102938010BD23B9026A12
:10B5F000138843F00103138003689B69012B01BF8B
:10B60000426A138843F001031380EEE710B5BFF3DD
:10B610005B8F036804461A699B6912F0005F1AD0B9
:10B620007BB9036A426A5B888169013B02EBC10214
:10B6300092889B1A628D9BB29A4214D8002363852C
:10B6400010BD012BFAD1436A026A5B888169013B14
:10B6500002EB4102ECE763B9436A1B88DB4303F06A
:10B660000103002BEAD06369002BE7D020469847FE
:10B67000E4E7012BE2D1036AEFE7036A828E59887F
:10B6800091420AD0418901390A4003EB42039A886A
:10B69000C36903EB02139868704700207047BFF33B
:10B6A0005B8FC36803B1184770474FF0FF324FF00C
:10B6B000FF33FDF7A3B910B1C36A0133C36270470A
:10B6C00038B1C26A013AC2621AB9026B02B11047BC
:10B6D0000262704770B50446056A05F1640630469B
:10B6E000FFF7E3FF636AA3F580637F2B0BD801228A
:10B6F0005909503503F01F039A4055F8213023EAC9
:10B70000020345F82130D4E90F124A60E16B04F1DD
:10B710003C0311602046C4E90F33FFF7D1FF3046E8
:10B72000BDE87040FDF730B910B5436A8CB00A939C
:10B730002023044602460B9102A8194600F038FB6C
:10B7400028230122CDE9003220463522616A02AB6E
:10B75000FCF71AFC00EAE0700CB010BD30B1006AD2
:10B7600020B119B1D0F8883003B11847704730B113
:10B77000006A20B119B1D0F88C3003B11847704776
:10B7800030B1006A20B119B1D0F8903003B1184738
:10B79000002070472DE9F84306468846174699462B
:10B7A0000468A64201D1002520E07A1CA4F13C05E2
:10B7B00002D06B6ABB4219D0B8F1000F22D0202210
:10B7C0004146284601F038F8E0B9B9F1FF3F02D010
:10B7D000AB6A4B450AD07B1C0BD02468B442E2D044
:10B7E00054F8183CA4F13C059F42E8D12846BDE836
:10B7F000F883AB6A0133F9D02468B442D3D0A4F102
:10B800003C05D9E72468CCE770B505460C461E46D2
:10B81000CAB120232046194600F0CAFA0123E36288
:10B82000049B6662A362059B25626363069BA36318
:10B83000079B63646A6804F13C03C4E90F526B60C0
:10B84000226C136070BD0A70E8E710B5044690B131
:10B85000036A83B102784AB193F8A43033B1436AE2
:10B86000B3F5806F02D30121FFF75EFF2046BDE8EC
:10B870001040FFF72FBF10BD20B1036A13B15B6802
:10B8800003B11847704708B530B1036A3BB1DB68B4
:10B890002BB19847002008BD6FF01500FBE76FF053
:10B8A0000500F8E77047FDF76FB84FF0FF324FF033
:10B8B000FF33FDF7A3B8F8B50C4600F16407054661
:10B8C000A4F110063846FFF7F0FF3046FCF712FCF3
:10B8D00080B154F8083C24F8083CD5F8CC3044F842
:10B8E0000C3C05F1C80344F8103CC5F8CC6054F892
:10B8F0000C3C1E603846FFF7D6FF0020F8BD38B577
:10B900000D4600F164042046FFF7CFFF55F8083CD0
:10B91000204603F5803345F8083CBDE83840FFF782
:10B92000C2BF2DE9F04188B00E9C282A8846D4F881
:10B93000C0006ED101688568A8EB0101A94228BF4B
:10B940004FF0FF3120236A46FFF75BFC04F16406E9
:10B95000D8F820703046FFF7A8FF3B464FF0FF3283
:10B9600069462046FFF716FFD8F824300546E0B1B7
:10B97000D0F8308003F00103B8F1000F02D0DBB93A
:10B98000AF6230E0002BFBD04FF0FF3383623046D4
:10B99000FFF789FFAB6B83BBD4F88030002B38D026
:10B9A0003A4669462046984733E0DB071FD43046C5
:10B9B000FFF779FFE36FF1E74FF0FF338362FFF7A3
:10B9C0007AFE3046FFF76FFFAB6BA3B9D4F8803037
:10B9D0001BB13A466946204698473046FFF765FF57
:10B9E0002846FFF76DFE3046FFF75DFF11E0304659
:10B9F000FFF759FFD0E74FF0010828469847D4F8E1
:10BA000080301BB13A46694620469847B8F1000F8E
:10BA1000E3D1002008B0BDE8F081F0B504468E689F
:10BA20000D46B6B23146D0F8B80085B0FFF770FDCC
:10BA3000D4F8B43007469A6942B90095CDE902506E
:10BA40000123D4F8B80002A9FFF7CCFCD4F8B43035
:10BA50009B69012B08D13A463146D4F8B80005B0AD
:10BA6000BDE8F040FCF774BA05B0F0BD70B500F168
:10BA70006406A1F1100504463046FFF716FF28467C
:10BA8000FCF738FB38B120462946FFF7C6FFD4F84B
:10BA9000B800FFF7BBFD3046BDE87040FFF703BFBD
:10BAA0002DE9FF4103689E6A06F164084046FFF7EE
:10BAB000FCFED6F8B4309B693BB1012B12D0404656
:10BAC000FFF7F1FE04B0BDE8F081D6F8B8000DF143
:10BAD0000A0203A9FFF7E2FCD6F8B43004469B69DA
:10BAE000012B07D1D6F8B80003AA0DF10A01FFF720
:10BAF0003FFD0446002CE2D0BDF80A300021626808
:10BB0000A36030464FF0FF33FFF744FE0546FFF7D2
:10BB1000D2FDA368404603F58033A360FFF7C3FE60
:10BB200075B1AB6A696C013308BF2368284608BF4A
:10BB3000AB622368A28900916F6B04F11001B847D2
:10BB40004046FFF7B2FE2846FFF7BAFD2046FCF755
:10BB5000D1FA38B130462146FFF75FFFD6F8B8007A
:10BB6000FFF754FD4046FFF79EFE9FE72DE9F041A9
:10BB7000A3F1100653F8085C002388B00693ADF8D3
:10BB80001E3004461023CDE904120E9FD0F8C000E9
:10BB9000ADF81C700168D0F808C0711A0DEB0302F3
:10BBA000614528BF4FF0FF3104F16408FFF762FBE5
:10BBB0004046FFF77AFED4F8B430ADB29B69CBB9FA
:10BBC000D4F8A820D4F8B430D4F8BC009B69C3B929
:10BBD000CDE902620096012202A9FFF703FCD4F826
:10BBE000BC00FFF713FD4046FFF75DFE384608B086
:10BBF000BDE8F0812946D4F8BC00FFF789FC024675
:10BC0000E0E7012BEBD12946FCF7A2F9E7E710B5F5
:10BC100048B149B143688B4206D382680468D21A9E
:10BC20005B1A4360A01810BD0020FCE72DE9F34724
:10BC30000546D0F8B4000E46904618B9002002B070
:10BC4000BDE8F087036A002BF8D09B68002BF5D085
:10BC500098474307F2D543F69823B8F1000F18BF71
:10BC6000984605F1640705F1C8093846FFF71DFE3F
:10BC7000D5F8C8404C452BD054B3D4E900235360C9
:10BC800022681A60C4E90044D5F8B43021899B6960
:10BC9000ADF806107BB1012B14D03846FFF703FE38
:10BCA000BDF8063004F1100003F58033A36033685B
:10BCB000103B3360C3E7D5F8A8303360D5F8B43013
:10BCC0009B69E8E7D5F8BC00FFF722FC3060E4E7A9
:10BCD000D5F8B430D3F818A0BAF1000F36D13146F8
:10BCE000D5F8BC000DF10602FFF7D8FB044600288A
:10BCF000D3D1D5F8BC301B8DB3B93846FFF7D3FD8F
:10BD0000B8F1000F9AD0D5E92D32182112891B6B9A
:10BD100001FB0233D5F8D02022BB2120002100F006
:10BD200045FB08F1FF38A0E7D5F8A810D5F8C40006
:10BD3000FFF76DFF0446D5F8A830ADF806A03360D4
:10BD40003846FFF7B0FD002CDAD0A9E7BAF1010FB1
:10BD5000D3D13246D5F8BC000DF10601FFF708FC3F
:10BD60000446EDE71969284690476FF4FB63984253
:10BD7000D3D000283FF479AF60E720B119B112B1F8
:10BD8000C0E901220160704738B5044618B938BDD2
:10BD90003C38FFF75AFD20688442F9D10025D4F8D9
:10BDA000B400C4E92E55FFF767FDC4F8B450EEE7C0
:10BDB00070B505461C4699B18B4228BF0C46661CDF
:10BDC000013E05D012F8013B00F8013B002BF7D1F2
:10BDD000A14207D9091B8A19002100F015FDA11BFA
:10BDE000084670BD00230D4405F8013CF7E708B193
:10BDF000E8F776BD7047704740B1C368587810F0D7
:10BE000001001EBF1878B0FA80F040097047EFF3C8
:10BE10001183202383F31288BFF36F8FFEE708B5E9
:10BE2000FFF7F5FF10B54369044633B90020E26817
:10BE3000537843F00103537010BD98470028F5D0A4
:10BE40000028B8BF4042FF28A8BFFF20E368187051
:10BE5000EDE700F0D9BC00F0B0BC10B400F10C0468
:10BE6000C0E9034410BCFEF72DBA38B50446EFF321
:10BE70001185202383F31288BFF36F8FFEF7E3F958
:10BE800004F10C0000F07FFA30B1294604F11400EF
:10BE9000BDE83840FDF7EAB985F31188BFF36F8F2D
:10BEA00038BD202408B5EFF3118384F31288BFF363
:10BEB0006F8FFEF7F1FDF6E790F90E308B4201D05F
:10BEC000FDF762B90020704703460020C3E9003344
:10BED000C3E902007047D0E9003213605A600023C2
:10BEE000427BC0E9003322F0020242738360704754
:10BEF0002DE9F843914604460D469DF8202000F1B7
:10BF00000807EFF31186202181F31288BFF36F8FAA
:10BF100002B14568D4F80880474518D0B8F1000F41
:10BF200015D04046FFF7D7FF08F1180000F09EFA41
:10BF300000234046C8F87C30C8F8109000F0DAF9C9
:10BF400038463146FDF792F90020BDE8F883A3B1E9
:10BF50000820FDF70BFE002838D00122C0F804901D
:10BF60000260016801F003015DB922680A430260C2
:10BF7000626820606AB960600BE04846C9F800302A
:10BF8000EFE72A68032A16D80160616869B9C4E935
:10BF90000000042104F1100000F0CCFB0028CFD1F8
:10BFA00086F31188BFF36F8FCFE70A6802F00302B0
:10BFB00002430A60DFE722F003020A4302602A68B4
:10BFC00002F0030240EA02032B60E2E76FF00B008D
:10BFD000E6E710B5044630B10268930703D0446821
:10BFE00009B100F0E3FB204610BD0023C0E9003397
:10BFF00000F10803C0E9023300F11003C0E9043383
:10C000007047F8B500F10806EFF31187202383F39A
:10C010001288BFF36F8F856800F11004AE4217D00D
:10C02000B5B12846FFF757FF05F1180000F01EFADA
:10C0300000232846EB672B6100F05CF908212046BD
:10C0400000F078FB39463046BDE8F840FDF70EB900
:10C050000821204600F06EFB0028F3D187F31188F9
:10C06000BFF36F8FF8BD012307B5009300230A4685
:10C070001946FFF73DFF03B05DF804FB002307B549
:10C080000A4600931946FFF733FF03B05DF804FB3F
:10C090005AB18A4209D300F11003C0E90212C0E983
:10C0A0000000C0E90433002070476FF015007047AE
:10C0B000012302688B4022EA0303036022FA01F0A5
:10C0C00000F001007047704710B5032104460C30A2
:10C0D000FFF7EEFF30B104F1100000F0C7F9B0FA3D
:10C0E00080F0400910BD20B100228C30114600F0D4
:10C0F00084B9704770B5C3680446C3F340069B0714
:10C1000016D4856802210C30FFF7D2FF80B1D5F834
:10C1100084206AB194421DD122689EB9D5F8883036
:10C12000C5F884209C4201D1C5F8882000232360F3
:10C13000E36813F01F001EBF43F00203E36040F00A
:10C14000020070BD3260D5F88820944208BFC5F85F
:10C150008860EBE716461268DBE773B50446EFF339
:10C160001185202383F31288BFF36F8F0023A0F182
:10C170001006032104380193FFF79AFF28B1A36941
:10C18000304601A90193FCF745FD85F31188BFF303
:10C190006F8F02B070BD38B504460D4610220021E5
:10C1A00000F032FB656038BD13B501900846EFF32F
:10C1B0001184202383F31288BFF36F8F01A9FCF74A
:10C1C00029FD84F31188BFF36F8F02B010BD10B545
:10C1D000FFF7EAFF041E08DDEFF31180202383F34D
:10C1E0001288BFF36F8FFDF753F8204610BD70B56E
:10C1F0000D46EFF31186202383F31288BFF36F8F70
:10C20000FCF764FD044686F31188BFF36F8F38B1E5
:10C210004FF0FF324FF0FF3305F11000FCF7EEFB5B
:10C22000204670BD08B5A022002100F0EDFA08BD3F
:10C2300038B530220D460021044600F0E5FA4FF4EF
:10C2400080736560E36038BD38B50446EFF311854F
:10C25000202383F31288BFF36F8FFFF735FF20464B
:10C26000FFF748FF85F31188BFF36F8F38BDEFF3F9
:10C270000580003818BF012070476FF057007047E5
:10C28000D0E9003213605A600023C0E900337047E0
:10C2900008B5FFF7F5FF437B23F002034373002348
:10C2A000836008BD38B504460D46FCF7CBFE637BC2
:10C2B00043F002036373E5B1A5602B689D4209D189
:10C2C0006B68C4E900531C606C6012E06A689A42B3
:10C2D000F6D01B68002BF3D094F90E2093F90E10C2
:10C2E0008A42F3D09142F1DD5A68C4E90032146009
:10C2F0005C6038BD10B5EFF31184202383F31288FE
:10C30000BFF36F8FFCF75CFE84F31188BFF36F8F70
:10C3100010BD08B5EFF31181202282F31288BFF31C
:10C320006F8F83680BB1FFF7B3FF81F31188BFF301
:10C330006F8F08BD014610B5EFF31184202383F3FE
:10C340001288BFF36F8F437B13F0280F0AD18368E5
:10C350000BB1FFF79DFF4B7B084623F004034B73A3
:10C36000FCF72EFE84F31188BFF36F8F10BD0121FF
:10C370001838FFF7DFBF10B5FFF7CBFFBDE810405F
:10C38000183000F073B838B5054604680020AC4298
:10C3900000D138BD002CFCD02046FFF7ECFF204632
:10C3A000FFF7A8FF2C680120A542F1E738B5044645
:10C3B0000D46FDF715F8B5F1FF3F08BFB4F1FF3F9B
:10C3C0000246204618D000204FF47A7447F6FF73D7
:10C3D0000146C2FB0431B3F5004F71F100020BD3EB
:10C3E0006FF400429A4243F6FF728A4132BF6FF007
:10C3F0000040D80B40EA414038BD38B5EFF3118515
:10C40000202383F31288BFF36F8F0468A04212D0F9
:10C410009CB1E16722612046FFF73AFF04F1180062
:10C4200000F024F82046FCF7CBFD012085F31188AD
:10C43000BFF36F8F38BD0020F8E72046F6E708B558
:10C440000246FDF783F970B1D0E904319B1A61EB24
:10C45000E272B3F1004F72F1000104DA002AACBFBE
:10C460001846002008BD6FF00040FBE7024638B5D3
:10C47000EFF31185202383F31288BFF36F8F0368D6
:10C48000CBB1FDF763F904461046FDF771F90022C0
:10C490004FF000438442C0E9042306D1FDF75EF962
:10C4A000FFF7CDFF0021FAF78BFD002085F31188FF
:10C4B000BFF36F8F38BD6FF01500F7E708B5FDF7D4
:10C4C00061FA08BDFDF75EBAB3F1FF3F08BFB2F1F4
:10C4D000FF3F70B506461D46144614D01A4316D0C9
:10C4E000002B08DBFDF74EFA041941EB0501C6E904
:10C4F0000041304670BD6FF001031C1B4FF0FF334D
:10C5000063EB0501F3E74FF0FF342146EFE700242A
:10C51000FBE7B3F1FF3F08BFB2F1FF3FF8B50746B5
:10C5200016461C4610D054EA020311D0FDF72AFA31
:10C53000B0420A46A14103460AD2F31A64EB020450
:10C54000C7E900343846F8BD4FF0FF331C46F7E723
:10C550000023FBE770B5D0E90034984209D044B11C
:10C56000A568EDB115F9526C12F9525CB54208D0CC
:10C5700007DDC1E900042160416010E0A342F8D06A
:10C580001B68002BF5D09A6862B112F9522CAA42AE
:10C59000F4D0F3DD5A68C1E900321160596070BD12
:10C5A000AB7BFFDE937BFCE72DE9F84F00250F46C0
:10C5B0001446984601462E464FF0200AA946BD4231
:10C5C00002DB3046BDE8F88FEFF3118B8AF3128857
:10C5D000BFF36F8F4B7B03F03F03082B09D853B198
:10C5E000013B072B07D8DFE803F0281C06220606CC
:10C5F000062E102B2DD0B8F1000F3BD12378002B45
:10C6000038D04B7B03F03F03082B3AD8002B3AD0AD
:10C61000013B072B37D8DFE803F03F393639363690
:10C6200036420B699B68002BE5D0022317E00B69AB
:10C630001B68002BDFD0042311E00B699B68002BE3
:10C64000D9D001230BE00B691B6A002BD3D0102338
:10C6500005E00B69DA895B899A42CCD02023CA684D
:10C66000C1F80890C2F38630034363F39432CA6082
:10C6700084F800908BF31188BFF36F8F013514316C
:10C680009DE7102B0FD08C600136F3E72246086936
:10C690001030FFF75FFFF6E722460869F9E70869FF
:10C6A00022462430F5E7086922462C30F1E72DE9CF
:10C6B000F041846805460E46D4B16378012B22D13F
:10C6C00014F8533C9A0711D5A4F160073846FFF7D8
:10C6D00052FE082E0CBF6FF003030023E36114F831
:10C6E000533CDB0602D13846FFF704FE00232370DB
:10C6F0000020EB68A860C3F38632164366F39433D8
:10C70000EB60BDE8F081022BF0D12378002BEDD057
:10C7100054F8048CB8F1000FE8D004F11400FFF7CE
:10C72000A5FE0023A4F1140739464046E362FFF753
:10C730003BFDDBE738B5EFF31185202383F3128847
:10C74000BFF36F8F0468A04211D0D4E900321360A8
:10C750005A6000232046C4E90033FFF7A8FF85F3A1
:10C760001188BFF36F8F201E18BF012038BD002431
:10C77000F5E70023C0E9000083607047043270B51C
:10C7800004460ED2EFF31185202686F31288BFF3FC
:10C790006F8F41F00401984785F31188BFF36F8FC5
:10C7A00008B9002070BD40F8044BFBE720B1011F21
:10C7B00050F8040CFFF759BB70470A44431E9142DE
:10C7C00000D1704710B511F8014B914203F8014FA9
:10C7D000F9D110BD884210B501EB020402D98442A0
:10C7E000234607D8431EA14208D011F8012B03F8B5
:10C7F000012FF8E7024401468A4200D110BD13F828
:10C80000014D02F8014DF7E702440346934200D17F
:10C81000704703F8011BF9E70139024410B5904253
:10C8200001D1002005E0037811F8014FA34201D0A7
:10C83000181B10BD0130F2E710B56AB10139841838
:10C8400010F8012B11F8013F9A4203D1A04201D008
:10C85000002AF5D1D01A10BD1046FCE710B50139F9
:10C86000044632B111F8013F013A00F8013B002BB8
:10C87000F7D10021FFF7C8FF204610BD0246014452
:10C8800010B58A42134603D01C780132002CF8D12F
:10C89000181A10BDF0B5C3F13707044603F01F03A3
:10C8A0001046FFB2082BE6B232D0102B3DD06508FF
:10C8B000A40845EAC17544EA81748A082D1942EB3F
:10C8C0005102290941EA02716D1842EB1212290A3C
:10C8D00041EA02616D1842EB1222290C41EA024141
:10C8E0006D1842EB1242AD1842F10002EC0844EA26
:10C8F0004274D10804EB8402A6EB4205EDB2092D87
:10C900000CD90134A5F10A0541F10001EDB212E0A4
:10C91000E40806F0070544EA4174C908303554EAD2
:10C92000010200F8015BBDD1F0BD240906F00F053E
:10C9300044EA01740909092D84BFED19EDB2EDE750
:10C940000148006870470000B0240021B437FE7F22
:10C950000100000000000000BCC901017187010155
:10C960000000000000000000FCC901010000000000
:10C97000DCC90101000000001CCA01010000000028
:10C980003CCA0101B9620101000000005D6E0101B5
:10C9900000000000914400010000000000000000C1
:10C9A0005CCA0101899B0101000000000000000039
:10C9B0007CCA0101000000009CCA0101B0E4010131
:10C9C0003CE30101F8CB01012C030021985E00211A
:10C9D000E55F01010000000000000000CFE401015C
:10C9E0004CE30101B4CB010130030021405F002181
:10C9F000216701010000000000000000DDE40101EA
:10CA000064E30101B4CB0101320300214C5F00213A
:10CA1000216701010000000000000000BFE40101E7
:10CA200000000000ACCB01012E030021EC5E0021D0
:10CA3000CD640101000000000000000002E50101DA
:10CA40007CE3010114CC010136030021E05F0021E9
:10CA5000156B01010000000000000000EBE4010183
:10CA600044020021D8CB010134030021585F00218A
:10CA7000F168010100000000000000001EE4010157
:10CA80003000002158CC0101280300219804002126
:10CA9000D9A70101000000000000000060D00101E2
:10CAA00000000000ECCB01012A030021803A0021A4
:10CAB0000000000000000000000000000000000076
:10CAC00065AA01010000000065AA01010000000044
:10CAD00065AA01010000000065AA01010000000034
:10CAE00065AA01015173010185B001010000000038
:10CAF00065AA01010000000065AA01010000000014
:10CB000065AA0101EC5E002141650101FD79010189
:10CB100085B001010000000065AA010100000000CD
:10CB200065AA010100000000895E0101000000000B
:10CB300065AA01010000000065AA010100000000D3
:10CB400065AA0101000000008D230101417C010163
:10CB500085B001013CCA010123B0010100000000C1
:10CB600065AA01010000000065AA010100000000A3
:10CB7000ED6E01010000000065AA01010000000047
:10CB800065AA01010000000065AA01010000000083
:10CB900065AA01010000000065AA01010000000073
:10CBA000BD2301010000000065AA010175640101B7
:10CBB000CD6301016967010129AE010135AE0101B3
:10CBC00049AE010153AE01015DAE0101B565010140
:10CBD00071AE01010000000009AF0101E5AE0101E5
:10CBE00001AF010105AF010131AF01010D7E00016F
:10CBF000C57D0001397D00013D60010195AD010158
:10CC0000F7AD01010000000031AD0101000000009E
:10CC100000000000DDAF0101616A0101CFAF010139
:10CC2000217E010106000000000103FF04FF020055
:10CC300000010602010000000001020104040404D6
:10CC400000020000000200000000000000000000E0
:10CC50000338FDD8704700001936000191A8010182
:10CC6000F937000145380001313900016FA6010193
:10CC7000E3A6010177A60101A9A6010193A601017E
:10CC80007DA601010000000000000000C1A9010113
:10CC9000B3A90101BDA90101B1A901010000000072
:10CCA000000000000000000000000000A1A9010138
:10CCB000000000210000000006000100020000004A
:10CCC000C4CC01010000000123E4010106000000C2
:10CCD000E0FF0301000000212BE40101210000001E
:10CCE000E0FF00211D4500010000000059AB0101DB
:10CCF000E4CC0101FCCC01012000000010890021DE
:10CD0000E4CC01010CCD010145000000988A00210E
:10CD1000E4CC01011CCD010147000000988E0021E8
:10CD2000574553545F544F504449522F7A657068A9
:10CD300079722F7375627379732F626C7565746F76
:10CD40006F74682F636F6E74726F6C6C65722F7482
:10CD500069636B65722F7469636B65722E63000083
:10CD60007469636B65725F726573636865642D3E99
:10CD70007469636B735F746F5F6578706972652047
:10CD80003D3D203055000000415353455254494F1A
:10CD90004E204641494C205B25735D204020257381
:10CDA0003A25640A0000000028287469636B6572E4
:10CDB0005F72657363686564292D3E6578745F648E
:10CDC0006174612026262028287469636B65725F70
:10CDD00072657363686564292D3E6578745F64616C
:10CDE00074612D3E7469636B735F736C6F745F77EE
:10CDF000696E646F7720213D20305529290000009D
:10CE000069000000574553545F544F504449522F16
:10CE10007A65706879722F7375627379732F626C9B
:10CE20007565746F6F74682F636F6E74726F6C6C5E
:10CE300065722F6C6C5F73772F756C6C2E630000BE
:10CE4000216572720000000072780000756C6C5FE2
:10CE50007265665F67657428756C6C5F68647229BB
:10CE6000000000003000000072656C656173652091
:10CE70003D3D20646F6E65002172657476616C00C3
:10CE800064656C7461203C3D2030207C7C206D65A5
:10CE90006D5F6C696E6B5F72782E71756F74615F18
:10CEA000706475203C20282833202B2030202B2034
:10CEB0003629202B2028313629290000636F6E6E19
:10CEC0005F6C6C6C0000000021636F6E6E5F6C6CB9
:10CED0006C2D3E6C696E6B5F74785F667265650081
:10CEE0006D656D715F6C696E6B00000072782D3E30
:10CEF0006864722E7479706520213D204E4F444540
:10CF00005F52585F545950455F4E4F4E45000000E8
:10CF10002163632D3E7374617475730072785F666C
:10CF20007265652D3E6864722E7479706520213DAE
:10CF3000204E4F44455F52585F545950455F4E4F05
:10CF40004E450000636F6E6E20213D202828766FCD
:10CF50006964202A2930290021636F6E6E2D3E6C92
:10CF60006C6C2E6C696E6B5F74785F6672656500C1
:10CF700021726574000000006C6F6F70000000008B
:10CF8000574553545F544F504449522F7A65706847
:10CF900079722F7375627379732F626C7565746F14
:10CFA0006F74682F636F6E74726F6C6C65722F6C28
:10CFB0006C5F73772F6C6C6C5F636F6D6D6F6E2E33
:10CFC0006300000021657272207C7C2065727220F3
:10CFD0003D3D202D31313900574553545F544F505A
:10CFE0004449522F7A65706879722F73756273792C
:10CFF000732F626C7565746F6F74682F636F6E74D6
:10D00000726F6C6C65722F6863692F6863695F6407
:10D0100072697665722E630042542043544C52204C
:10D0200052580000657272203D3D2030207C7C20EB
:10D03000657272203D3D202D340000006572722023
:10D040003D3D2030000000006E6F64655F72782007
:10D050003D3D202828766F6964202A293029000068
:10D0600062745F6863695F636F6E74726F6C6C6526
:10D07000720000005A6570687972204F5320763430
:10D080002E322E3000000000574553545F544F504D
:10D090004449522F7A65706879722F73756273797B
:10D0A000732F626C7565746F6F74682F636F6E7425
:10D0B000726F6C6C65722F6863692F6863692E6389
:10D0C00000000000286863695F686275665F7365C9
:10D0D0006E74202D206863695F686275665F6163A6
:10D0E0006B656429203C206863695F686275665FD0
:10D0F000746F74616C00000068616E646C65203C44
:10D1000020282873697A655F742920282828696E89
:10D1100074292073697A656F6628636861725B3170
:10D12000202D2032202A202128215F5F6275696C22
:10D1300074696E5F74797065735F636F6D7061742D
:10D1400069626C655F70285F5F747970656F665F98
:10D150005F286863695F686275665F70656E6429E1
:10D160002C205F5F747970656F665F5F2826286882
:10D1700063695F686275665F70656E64295B305DC8
:10D180002929295D29202D203129202B2028736968
:10D190007A656F66286863695F686275665F706547
:10D1A0006E6429202F2073697A656F66282868636A
:10D1B000695F686275665F70656E64295B305D29C2
:10D1C000292929006164762D3E74797065203D3DE2
:10D1D000205044555F4144565F545950455F44497F
:10D1E000524543545F494E44000000002828282837
:10D1F00075696E747074725F74296E6F646529202E
:10D2000025205F5F616C69676E6F66287374727545
:10D210006374206E6F64655F72785F636329292091
:10D220003D3D2030290000002828282875696E74AB
:10D230007074725F74296E6F6465292025205F5FAA
:10D24000616C69676E6F6628737472756374206EA3
:10D250006F64655F72785F63752929203D3D2030DA
:10D260002900000002000000000000000000000093
:10D27000000000000000010303030303030000009B
:10D28000574553545F544F504449522F7A65706844
:10D2900079722F7375627379732F626C7565746F11
:10D2A0006F74682F636F6E74726F6C6C65722F6C25
:10D2B0006C5F73772F756C6C5F6164762E63000012
:10D2C00068616E646C65203C2031000028726574D2
:10D2D000203D3D203029207C7C2028726574203D33
:10D2E0003D203229000000006164762D3E6C696E9D
:10D2F0006B5F63635F667265650000006164762D35
:10D300003E6E6F64655F72785F63635F66726565CA
:10D3100000000000216864722D3E64697361626CD4
:10D3200065645F6362000000737461747573203D0F
:10D330003D2030207C7C20706172616D203D3D205D
:10D34000756C6C5F64697361626C655F6D61726B53
:10D350005F6765742829207C7C2028636F6E6E656A
:10D36000637461626C6520262620216164762D3EFF
:10D370006C6C6C2E636F6E6E29207C7C20300000FC
:10D38000216C6C6C2D3E6C696E6B5F74785F66729D
:10D39000656500006D61726B203D3D206164760023
:10D3A00021657272207C7C2028657272203D3D20B0
:10D3B0002D313230290000007265660028726574D4
:10D3C000203D3D203029207C7C2028726574203D42
:10D3D0003D203229207C7C202866705F6F705F665C
:10D3E000756E63203D3D202828766F6964202A29C8
:10D3F000302929007064752D3E6C656E203E3D20FD
:10D400005F5F6275696C74696E5F6F666673657481
:10D410006F662028737472756374207064755F6121
:10D4200064765F6164765F696E642C206461746108
:10D4300029000000574553545F544F504449522F20
:10D440007A65706879722F7375627379732F626C65
:10D450007565746F6F74682F636F6E74726F6C6C28
:10D4600065722F6C6C5F73772F756C6C5F73636183
:10D470006E2E6300657272203D3D2030207C7C2042
:10D48000657272203D3D202D31323000097061728D
:10D49000616D313A20257520706172616D323A20DC
:10D4A00025750A00574553545F544F504449522F35
:10D4B0007A65706879722F7375627379732F626CF5
:10D4C0007565746F6F74682F636F6E74726F6C6CB8
:10D4D00065722F6C6C5F73772F756C6C5F636F6E0A
:10D4E0006E2E630074785F627566000072782D3E60
:10D4F0006864722E6C696E6B000000007374617456
:10D500007573203D3D203000737461747573203D48
:10D510003D2030207C7C20706172616D203D3D207B
:10D52000756C6C5F7570646174655F6D61726B5F63
:10D530006765742829207C7C20706172616D203DB4
:10D540003D20756C6C5F64697361626C655F6D61D1
:10D55000726B5F67657428290000000070203D3DF4
:10D5600020706172616D0000287469636B65725F81
:10D57000737461747573203D3D203029207C7C20BC
:10D58000287469636B65725F737461747573203D91
:10D590003D20322900000000636F6E6E2D3E6C6CE2
:10D5A0006C2E68616E646C6520213D2030784646A3
:10D5B00046460000287469636B65725F737461741A
:10D5C0007573203D3D203029207C7C2028746963C0
:10D5D0006B65725F737461747573203D3D203229F1
:10D5E000207C7C202828766F6964202A29636F6E4E
:10D5F0006E5F6C6C203D3D20756C6C5F646973617F
:10D60000626C655F6D61726B5F67657428292900C4
:10D610006C6C6C5F747800007064755F74782D3E7C
:10D620006C656E00216C696E6B2D3E6E65787400C2
:10D63000574553545F544F504449522F7A65706890
:10D6400079722F7375627379732F626C7565746F5D
:10D650006F74682F636F6E74726F6C6C65722F6C71
:10D660006C5F73772F756C6C5F6C6C63705F656E4D
:10D67000632E63006E746600574553545F544F50D9
:10D680004449522F7A65706879722F737562737985
:10D69000732F626C7565746F6F74682F636F6E742F
:10D6A000726F6C6C65722F6C6C5F73772F756C6C1E
:10D6B0005F6C6C63705F7068792E63006E74662DAA
:10D6C0003E6864722E74797065203D3D204E4F4453
:10D6D000455F52585F545950455F52455441494E39
:10D6E00000000000636F6E6E2D3E6C6C6C2E726FCE
:10D6F0006C65203D3D20307830310000636F6E6EE8
:10D700002D3E6C6C6C2E726F6C65203D3D20307828
:10D71000303000006374782D3E6E6F64655F726513
:10D72000662E747800000000574553545F544F50E4
:10D730004449522F7A65706879722F7375627379D4
:10D74000732F626C7565746F6F74682F636F6E747E
:10D75000726F6C6C65722F6C6C5F73772F756C6C6D
:10D760005F6C6C63702E63006374782D3E6F776E10
:10D77000657200006374782D3E6E6F64655F72653C
:10D78000662E7278000000006374780039D30001BF
:10D7900049D3000159D3000169D3000179D30001B5
:10D7A00089D3000131D4000141D4000199D3000193
:10D7B00051D4000161D4000171D40001A9D300014A
:10D7C00081D4000191D40001B9D30001A1D400019A
:10D7D000C9D30001B1D40001C1D400010000000090
:10D7E000D1D40001E1D40001F1D40001D9D300016A
:10D7F00001D5000100000000000000000000000052
:10D800000000000021D40001574553545F544F508D
:10D810004449522F7A65706879722F7375627379F3
:10D82000732F626C7565746F6F74682F636F6E749D
:10D83000726F6C6C65722F6C6C5F73772F756C6C8C
:10D840005F6C6C63705F636F6D6D6F6E2E63000055
:10D850006374782D3E70726F63203D3D2050524FAF
:10D86000435F5445524D494E41544500574553542A
:10D870005F544F504449522F7A65706879722F7304
:10D8800075627379732F626C7565746F6F74682F2E
:10D89000636F6E74726F6C6C65722F6C6C5F7377F4
:10D8A0002F756C6C5F6C6C63705F6C6F63616C2E5A
:10D8B0006300000063747820213D202828766F697A
:10D8C00064202A29302900006374785F68656164E8
:10D8D0006572203D3D206374780000006374782DEC
:10D8E0003E6E6F64655F7265662E7278203D3D20E6
:10D8F0002828766F6964202A293029207C7C2063BF
:10D9000074782D3E6E6F64655F7265662E72782D39
:10D910003E6864722E7479706520213D204E4F441C
:10D92000455F52585F545950455F52455441494EE6
:10D9300000000000574553545F544F504449522F44
:10D940007A65706879722F7375627379732F626C60
:10D950007565746F6F74682F636F6E74726F6C6C23
:10D9600065722F6C6C5F73772F756C6C5F6C6C637A
:10D97000705F636F6E6E5F7570642E6300000000F1
:10D980006374782D3E6E6F64655F7265662E727883
:10D99000203D3D202828766F6964202A29302900FF
:10D9A000574553545F544F504449522F7A6570681D
:10D9B00079722F7375627379732F626C7565746FEA
:10D9C0006F74682F636F6E74726F6C6C65722F6CFE
:10D9D0006C5F73772F756C6C5F6C6C63705F6368E2
:10D9E0006D752E6300000000574553545F544F502F
:10D9F0004449522F7A65706879722F737562737912
:10DA0000732F626C7565746F6F74682F636F6E74BB
:10DA1000726F6C6C65722F6C6C5F73772F756C6CAA
:10DA20005F6C6C63705F72656D6F74652E63000070
:10DA300008020B020A0305020000000000000000BB
:10DA400002020000060200000403000002010903B4
:10DA500000000000010300000000000007030000B8
:10DA60000000030100000000574553545F544F501D
:10DA70004449522F7A65706879722F737562737991
:10DA8000732F626C7565746F6F74682F636F6E743B
:10DA9000726F6C6C65722F6C6C5F73772F756C6C2A
:10DAA0005F7065726970686572616C2E630000005A
:10DAB0007469636B65725F737461747573203D3D47
:10DAC0002030000073746174757320213D20312073
:10DAD0007C7C20706172616D203D3D20756C6C5FB7
:10DAE00064697361626C655F6D61726B5F676574B9
:10DAF00028290000574553545F544F504449522F32
:10DB00007A65706879722F7375627379732F626C9E
:10DB10007565746F6F74682F636F6E74726F6C6C61
:10DB200065722F6C6C5F73772F756C6C5F63656EBD
:10DB30007472616C2E6300007363616E00000000FC
:10DB4000574553545F544F504449522F7A6570687B
:10DB500079722F7375627379732F626C7565746F48
:10DB60006F74682F636F6E74726F6C6C65722F6C5C
:10DB70006C5F73772F756C6C5F73636865642E637D
:10DB800000000000737563636573730072657472DF
:10DB900079000000574553545F544F504449522F69
:10DBA0007A65706879722F7375627379732F626CFE
:10DBB0007565746F6F74682F636F6E74726F6C6CC1
:10DBC00065722F6C6C5F73772F756C6C5F66696C18
:10DBD0007465722E63000000726C5F696478203C8B
:10DBE00020380000726C5B726C5F6964785D2E7423
:10DBF000616B656E00000000726C5B726C5F696443
:10DC0000785D2E727061735F7265616479000000E7
:10DC10006465766D617463685F6964203C202828C0
:10DC200073697A655F742920282828696E74292011
:10DC300073697A656F6628636861725B31202D2095
:10DC400032202A202128215F5F6275696C74696E19
:10DC50005F74797065735F636F6D70617469626C16
:10DC6000655F70285F5F747970656F665F5F2866B7
:10DC7000616C292C205F5F747970656F665F5F2827
:10DC8000262866616C295B305D2929295D29202DB4
:10DC9000203129202B202873697A656F66286661F8
:10DCA0006C29202F2073697A656F66282866616C5D
:10DCB000295B305D292929290000000066616C5B21
:10DCC0006465766D617463685F69645D2E74616B11
:10DCD000656E00006465766D617463685F696420D9
:10DCE0003C20282873697A655F74292028282869D0
:10DCF0006E74292073697A656F6628636861725B48
:10DD000031202D2032202A202128215F5F62756971
:10DD10006C74696E5F74797065735F636F6D706149
:10DD20007469626C655F70285F5F747970656F6697
:10DD30005F5F28726C292C205F5F747970656F6655
:10DD40005F5F282628726C295B305D2929295D29AF
:10DD5000202D203129202B202873697A656F6628B1
:10DD6000726C29202F2073697A656F662828726C7F
:10DD7000295B305D2929292900000000726C5B694C
:10DD80005D2E74616B656E0069726B6D61746368A2
:10DD90005F6964203C20706565725F69726B5F63C8
:10DDA0006F756E740000000069203C203800000090
:10DDB000574553545F544F504449522F7A65706809
:10DDC00079722F7375627379732F626C7565746FD6
:10DDD0006F74682F636F6E74726F6C6C65722F6CEA
:10DDE0006C5F73772F6E6F726469632F6C6C6C2F2E
:10DDF0006C6C6C2E63000000707265656D70745FF2
:10DE0000726571203D3D20707265656D70745F6153
:10DE1000636B0000707265656D70745F737461721E
:10DE2000745F72657120213D20707265656D70743C
:10DE30005F73746172745F61636B0000707265651B
:10DE40006D70745F73746F705F72657120213D2017
:10DE5000707265656D70745F73746F705F61636B12
:10DE600000000000707265656D70745F72657120EE
:10DE7000213D20707265656D70745F61636B000099
:10DE8000707265656D70745F61636B20213D2070F9
:10DE90007265656D70745F726571000072656164B2
:10DEA000792D3E707265706172655F706172616D2F
:10DEB0002E706172616D203D3D20706172616D0058
:10DEC0006974657200000000657272203D3D202D6E
:10DED0003134300021706172616D00002170617217
:10DEE000616D207C7C206E65787400006576656EBF
:10DEF000742E637572722E61626F72745F6362005A
:10DF00006576646F6E650000657272203E3D20305C
:10DF1000000000006E6578740000000021726561E9
:10DF20006479207C7C202672656164792D3E707254
:10DF300065706172655F706172616D203D3D20703A
:10DF40007265706172655F706172616D00000000E2
:10DF5000F401FA00960064004B0032001E00140029
:10DF6000574553545F544F504449522F7A65706857
:10DF700079722F7375627379732F626C7565746F24
:10DF80006F74682F636F6E74726F6C6C65722F6C38
:10DF90006C5F73772F6E6F726469632F6C6C6C2F7C
:10DFA0006C6C6C5F6164762E630000006E6F64655C
:10DFB0005F72780021726164696F5F69735F726577
:10DFC0006164792829000000700000006368616EB8
:10DFD00000000000706475007363616E5F706475AB
:10DFE000000000000925733A2041637475616C20BC
:10DFF0004556454E545F4F564552484541445F5340
:10E00000544152545F5553203D2025750A000000AD
:10E01000707265706172655F6362000057455354AA
:10E020005F544F504449522F7A65706879722F734C
:10E0300075627379732F626C7565746F6F74682F76
:10E04000636F6E74726F6C6C65722F6C6C5F73773C
:10E050002F6E6F726469632F6C6C6C2F6C6C6C5FCD
:10E060007363616E2E630000636F6D6D6F6E5F7022
:10E070007265706172655F636200000057455354BA
:10E080005F544F504449522F7A65706879722F73EC
:10E0900075627379732F626C7565746F6F74682F16
:10E0A000636F6E74726F6C6C65722F6C6C5F7377DC
:10E0B0002F6E6F726469632F6C6C6C2F6C6C6C5F6D
:10E0C000636F6E6E2E63000021726164696F5F6919
:10E0D000735F61646472657373282900646F6E6591
:10E0E000000000006C6C6C2D3E68616E646C6520F5
:10E0F000213D20307846464646000000574553549F
:10E100005F544F504449522F7A65706879722F736B
:10E1100075627379732F626C7565746F6F74682F95
:10E12000636F6E74726F6C6C65722F6C6C5F73775B
:10E130002F6E6F726469632F6C6C6C2F6C6C6C5FEC
:10E140007065726970686572616C2E630000000012
:10E15000707265706172655F636200005745535469
:10E160005F544F504449522F7A65706879722F730B
:10E1700075627379732F626C7565746F6F74682F35
:10E18000636F6E74726F6C6C65722F6C6C5F7377FB
:10E190002F6E6F726469632F6C6C6C2F6C6C6C5F8C
:10E1A00063656E7472616C2E63000000707265703E
:10E1B0006172655F63620000574553545F544F506E
:10E1C0004449522F7A65706879722F73756273793A
:10E1D000732F626C7565746F6F74682F636F6E74E4
:10E1E000726F6C6C65722F6C6C5F73772F6E6F72D1
:10E1F0006469632F68616C2F6E7266352F636E746D
:10E20000722E63005F726566636F756E7400000046
:10E21000574553545F544F504449522F7A657068A4
:10E2200079722F7375627379732F626C7565746F71
:10E230006F74682F636F6E74726F6C6C65722F6C85
:10E240006C5F73772F6E6F726469632F68616C2FD8
:10E250006E7266352F6D6179666C792E63000000F1
:10E26000574553545F544F504449522F7A65706854
:10E2700079722F7375627379732F626C7565746F21
:10E280006F74682F636F6E74726F6C6C65722F6C35
:10E290006C5F73772F6E6F726469632F68616C2F88
:10E2A0006E7266352F7469636B65722E63000000B1
:10E2B000757365725F6964203C2073697A656F6667
:10E2C0002863616C6C65725F69645F6C75742900AA
:10E2D00063616C6C65725F696420213D20300000D1
:10E2E00001030405574553545F544F504449522F7E
:10E2F0007A65706879722F7375627379732F626CA7
:10E300007565746F6F74682F636F6E74726F6C6C69
:10E3100065722F6C6C5F73772F6E6F726469632FF9
:10E3200068616C2F6E7266352F6563622E63000024
:10E330006D5F01013D5F010100000000C56001014A
:10E34000B15F010117AE01011DAE0101FFFF000029
:10E3500000088C41000000000100000000A0004106
:10E3600000000000FFFFFFFF00058C4100000000DF
:10E370000000000000A0004100000000003001414A
:10E380000100000000000000A0E301010000D60130
:10E39000000000000000000088600021876000216C
:10E3A00000300141ACE3010101000000B4E30101D0
:10E3B00004000000210000002500000220060001EA
:10E3C000240600034AE501015DE5010170E5010154
:10E3D00083E5010196E50101A9E50101BCE5010123
:10E3E000CFE5010154C9010154C901018CC90101E2
:10E3F00094C90101BCC90101BCC9010161E6010167
:10E4000000010000000000004843492069706320BB
:10E410005458006E72665F62745F68636900697069
:10E42000633000464C4153485F30005352414D5FCA
:10E43000300000FFFFFFFFFFFF01040002000000AB
:10E4400002000000000000000500000000000000C5
:10E45000000000000000000005574553545F544F72
:10E46000504449522F7A65706879722F73756273C0
:10E4700079732F626C7565746F6F74682F686F7332
:10E48000742F6863695F636F6D6D6F6E2E630062DA
:10E49000756600415353455254494F4E20464149F9
:10E4A0004C205B25735D20402025733A25640A00CB
:10E4B000636C6F636B403431303035303030007214
:10E4C000616E646F6D403431303039303030006708
:10E4D00070696F40343138633038303000677069AC
:10E4E0006F403431386330353030006D626F7840C2
:10E4F000343130313230303000000102030405067F
:10E50000070B756172744034313031333030300074
:10E5100000000001010000000020303030303030B9
:10E5200030303030303030300001756E72656769E0
:10E53000737465726564202573206275730A0067C1
:10E54000656E65726963002573006D6574616C3A70
:10E5500020656D657267656E63793A20006D65743C
:10E56000616C3A20616C6572743A20202020200092
:10E570006D6574616C3A20637269746963616C3AA9
:10E580002020006D6574616C3A206572726F723A7A
:10E590002020202020006D6574616C3A2077617224
:10E5A0006E696E673A202020006D6574616C3A20B8
:10E5B0006E6F746963653A20202020006D65746178
:10E5C0006C3A20696E666F3A202020202020006D72
:10E5D0006574616C3A2064656275673A202020207A
:10E5E000200025733A2066726565696E67206E6F3C
:10E5F0006E2D656D707479207669727471756575AC
:10E60000650D0A00756E65787065637465642062D7
:10E6100075666665722068656C6420636F756E74DC
:10E6200065720D0A0072785F76710074785F76719A
:10E63000004E53006D61696E002A2A2A20426F6FD6
:10E6400074696E67205A6570687972204F53206232
:10E6500075696C642076342E322E30202A2A2A0ADC
:10E6600000737973776F726B7100286E756C6C290B
:10E67000002A666C6F61742A000000001F00000011
:10E6800000000000FFFFFFFFFF1F000013E4010177
:10E69000000000006131000100000000993100011C
:10E6A00000000000000000003FA301010100000085
:10E6B00000000720000001005CCA01010100000009
:10E6C0005CCA010100000000020000000000000020
:10E6D0000000000000020000000000004FAB01013C
:10E6E00000000000000000009CCA010100000000C2
:10E6F0007426002100000000E97C000100000000F9
:10E700007C26002100000000E56C000100000000F4
:10E710008426002100000000C5290101000000003E
:10E720008C26002100000000296900010000000083
:10E73000000000000000000000010000883A0021F5
:10E7400000000000000000000000000000020000C7
:10E75000B03A0021000000000000000000000000AE
:10E7600000040000983A002100000000883B0021CE
:10E77000000000004936010100000000A03B00211C
:10E7800000000000C529010100000000A83B002195
:10E7900000000000959E000100000000283C0021C0
:10E7A00000000000553E0101000000004C3C00212B
:10E7B0000000000021AB000100000000543C0021DB
:10E7C00000000000C5290101000000005C3C0021A0
:10E7D00000000000C1AC000100000000643C00210A
:10E7E0000000000029BA000100000000484200219A
:10E7F000000000004847002100000000484C0021B4
:10E80000000000004857002100000000CD4A01012F
:10E810000000000060570021000000004D4B010186
:10E8200000000000245A002100000000C126010160
:10E8300000000000505A002100000000C52901011D
:10E8400000000000245B002100000000C529010138
:10E85000000000002C5B002100000000B12100013D
:10E86000000000007C5E0021000000002D59000126
:10E8700000000000745E0021000000002D5900011E
:10E88000000000006C5E002100000000A95500019E
:10E8900000000000645E0021000000002D5900010E
:10E8A000000000005C5E002100000000A95500018E
:10E8B00000000000545E0021000000002D590001FE
:10E8C000FFFF0000FFFF000000F00041000000001B
:10E8D0009700FFFF0F0000009700FFFF0F000000F0
:10E8E0000000000000000000000000000000000028
:10E8F0000000000000000000000000000000000018
:10E900000000000000000000000000000000000007
:10E9100000000000000000000000000000000000F7
:10E9200000000000000000000000000000000000E7
:10E9300000000000000000000000000000000000D7
:10E9400000000000000000000000000000000000C7
:10E9500008000000FF0000000000000003000000AD
:10E96000000000003FE5010100000000817C010182
:10E970000000000000000000000000000000000097
:10E980000000000000000000000000000000000087
:10E990009002000018030021180300212003002129
:10E9A0002003002100000000000000000000000023
:10E9B000000000000000000010770021001000009F
:10E9C00000000000000000004C0300214C03002167
:10E9D00000000000010000005C0300215C03002136
:10E9E00000000000000000006C0300216C03002107
:10E9F00074030021740300210000000000000000E7
:10EA000084030021840300218C0300218C03002156
:10EA100000000000000000009C0300219C03002176
:10EA2000A4030021A4030021070007000000000048
:10EA300000000000F0CC0101F0890021000000007E
:10EA400000000000C8030021C8030021D0030021FA
:10EA5000D00300210B000B000000000000000000AC
:10EA600000CD0101908D0021000000000000000099
:10EA7000F4030021F4030021FC030021FC03002126
:10EA80000A000A0000000000F548000110CD010155
:08EA90006091002115E015E082
:00000001FF
