:10000000582B0020010F0000917A0000ED0E000037
:10001000ED0E0000ED0E0000ED0E0000ED0E0000F4
:10002000000000000000000000000000C50F0000FC
:10003000ED0E000000000000650F0000ED0E000056
:1000400065110000651100006511000065110000D8
:1000500065110000651100006511000065110000C8
:1000600065110000651100006511000065110000B8
:1000700065110000651100006511000065110000A8
:100080006511000065110000651100006511000098
:100090006511000065110000651100006511000088
:1000A0006511000065110000651100006511000078
:1000B0006511000065110000651100006511000068
:1000C0006511000065110000651100006511000058
:1000D0006511000065110000651100006511000048
:1000E0006511000065110000651100006511000038
:1000F0006511000065110000651100006511000028
:100100006511000065110000651100006511000017
:100110006511000065110000651100006511000007
:1001200065110000651100006511000065110000F7
:1001300065110000651100006511000065110000E7
:1001400065110000651100006511000065110000D7
:040150006511000035
:1001540010F8012B11F8013B012A28BF9A42F7D06D
:10016400D01A7047034611F8012B03F8012B002A1B
:10017400F9D1704770B51E469AB0212204460D4647
:1001840011A8002109F004FB404A30461368404995
:100194000133136011AA07F0BAFD9DF86430002BF7
:1001A4003BD03C4911A8FFF7D3FF002843D13A4A7A
:1001B40006AE1368013313602378032B35D8DFE8C8
:1001C40003F0022E303235493046FFF7CBFF059657
:1001D40063781E210493A378314A0393E37809A832
:1001E40002932379019363790093A37906F0F6FBD4
:1001F4004FF0FF324FF0FF332A4805F0D1FA2A4678
:10020400294809AB11A907F0C8F8264805F040FBB6
:100214002648402183685B6998471AB070BD244919
:10022400D2E72449D0E72449CEE70A213046234ABD
:1002340006F0D4FBCBE709F0D5F94FF47A7340F21A
:10024400D176A0FB030403FB01441D4AC30B43EA1C
:100254004443E00BD2E900411C1B60EB0101B442B2
:1002640071F10001D9DBC2E900304FF0FF334FF0E8
:10027400FF320C4805F094FA2A46124811A907F0F7
:100284008CF8084805F004FBC7E700BF340A0020D7
:10029400EB6E0000449F0000300A00204F9F0000D6
:1002A400789F0000E40200209B9F000088990000D2
:1002B400569F00005D9F0000679F0000719F000033
:1002C400A8030020AC9F00007FB5284C204608F00E
:1002D400D0FE58B12269A1681368204623F0400378
:1002E40013600B684FF4C022062198472049214A25
:1002F400214807F052F80123204C0020236002F02B
:1003040077F81F4B014618600223236028B11D486B
:1003140007F043F8002004B070BD60231A4A1B495B
:10032400039001A8CDE9012302F0C4FC184B014657
:10033400186003232360B8B9164C174E174D0021DB
:100344004FF4004009F0C2F84FF0FF334FF0FF3292
:10035400204605F025FA32682968114807F01DF88F
:10036400204605F095FAEAE70E48D1E7889900009F
:10037400B89F0000449F0000BC9F0000380A002082
:1003840034010020CF9F00000100600079010000CB
:1003940030010020E4020020300A0020340A00204A
:1003A400F89F0000E39F0000014B1B68184700BF43
:1003B40038010020014B1860704700BF380100204D
:1003C40030B585B004460D4610220021684609F078
:1003D400DFF902238DF80230044B2A462146684691
:1003E400019306F025FB05B030BD00BFAD0300004E
:1003F40080B505460E461746984606F003F80346B0
:1004040009F06AFA0446DFF81890424649F80030C9
:1004140039463046A84754F8090000F08BFD00BF68
:10042400080000002DE9F047058B04462807904694
:1004340011D4022905F0070540F0CC80204606F0CF
:10044400C6FF78B10138218B042811D8DFE800F009
:10045400C2106D85950001290CBF45F0100545F0CB
:100464002005258388F31188BFF36F8FBDE8F087DB
:1004740001F0070AAA4500F0A5800027B9463E46C8
:10048400A368002B00F0BC8041F00801218388F3AD
:100494001188BFF36F8FA168002900F0BA800D683E
:1004A400002900F0B680334652462046D1F8048035
:1004B400C047002D76D02B6829461D46F0E701F091
:1004C40007035A1F012A1BD8002221F00701062B1B
:1004D400276889B2C4E9002209D13B4603E0628B54
:1004E400013262831B68002BF9D141F002012046DE
:1004F400218306F06CFF00287AD041F0200176E0D9
:10050400042B0AD121F0070189B22046218306F089
:100514005EFF10B141F020012183218B01F0070A15
:10052400AA454FD00027B946AAE7236921F007015D
:1005340041F00601062DD3F8009021832DD1B9F1A5
:10054400000F3FD041F00801218388F31188BFF3E5
:100554006F8F20463949C84729E021F007012369F4
:1005640041F0040189B2042DD3F804902183E6D02C
:1005740000274FF0040A3E4682E721F00701236971
:1005840041F0050189B2052DD3F808902183D6D016
:1005940000274FF0050A3E4672E700274FF0060A8F
:1005A4003E466DE72B4687E7B9F1000FD1D1EFF353
:1005B4001188202383F31288BFF36F8F238B23F0DA
:1005C40008032383258BEA062ED525F01003238305
:1005D40005F007056669218B002EBFF670AF002376
:1005E4002768C4E9003321F0070141F001012183A8
:1005F400218B4FF0000901F0070AAA457FF440AFB0
:10060400002F9CD041F00801218388F31188BFF3A7
:100614006F8F002FC8D03D68394633465246204676
:1006240006F001FF2F46F4E7AB067FF51BAF25F07C
:100634002003238305F0070500E700BF577400007B
:10064400034A13680BB9526813600020704700BF57
:100654003C01002030B50C460E4985B00291D0F81B
:10066400D4110546CDE9003100F1F0014FF0FF331C
:10067400204604F0BBFC50B9012384F86C30D5F853
:10068400D03123B1204605B0BDE83040184705B04D
:1006940030BD00BF9977000038B50C4611460546B9
:1006A40007F07AF8034638B92846044907F074F885
:1006B40003460020236038BD0120FBE7D0A20000E0
:1006C4002DE9F04F012381460569466889B005F597
:1006D4005D77D7E8EF2F002A03D1C7E8E13F00296F
:1006E400F7D10CBF1A46002240F0B180B368B16A5A
:1006F40005F5F8781C1F104607F0D5F884426FD82A
:10070400013A00F09E80B2FA82F24FF00044D440E5
:1007140072682046073222F00302C5F83C22B16A0F
:1007240007F0C1F8C5F84002B36A40466343033397
:1007340023F0030302EB4302230103EB44030933D5
:1007440023F0030303EBC403C5F834221A4408322C
:10075400C5F830227368C5F83842C5F82C323D4BD1
:10076400C5E9AD63316800F0E5F90446002835D1E8
:10077400D9F810B0D9F804A0D9F800300BF53479C1
:10078400CDE9060005934846DAE90734012B08BF92
:10079400103C08F0F6FDDAF824002F4905AB01EB14
:1007A40080214FF4806248460093234605F0ACFA5A
:1007B4002A490BF5307008F09DFDDAE905018368DC
:1007C4005C684CB15B46264AA047044630B9DAE976
:1007D400050183681B692BB96FF05704002129E0D8
:1007E400013288E70122984704460028F6D11D4BC0
:1007F4002846C5F8D0311C4BC5F8D4311B4B0393A4
:10080400D5F840320293D5F83C32CDE9008305F5A2
:100814001173B26AD5F8701300F054F90446002835
:10082400DCD105F1F00004F087FC0028C5F878035A
:100834000ADB0221384606F0E3FF204609B0BDE892
:10084400F08F6FF00B04C9E76FF01504C6E76FF083
:100854007704F2E7EF77000068110020D5770000F5
:10086400C977000075080000817900003578000020
:1008740013B5044640B100230122CDE90032074BF1
:10088400D0E9091204F086FB236F1B6823B1606F63
:1008940002B0BDE81040184702B010BDD0A200005D
:1008A40013B504460846216901F55D71D1E8AF1F0F
:1008B400022910D193B1A0B10121CDE90031134631
:1008C400D0E9091204F066FB074B984208BF6FF0A9
:1008D4000B0002B010BD6FF00F00FAE76FF04C0090
:1008E400F7E76FF00100F4E72EF8FFFF2DE9F34777
:1008F40089461546066906F55D73D3E8AF3F022BBA
:1009040064D1136823B96FF0150002B0BDE8F08715
:100914001B78002BF7D0D6F870A3BAF1000F36D1AC
:1009240006F5EC774FF0FF324FF0FF33384604F012
:1009340037FF30462A6801A9FFF7AEFE019C8046C6
:100944001CB9384606F05AFFDDE705F108032367B2
:10095400AB6984F86CA06367646460B1384606F0E0
:100964004DFF21463046A36E2A68FFF773FE002030
:10097400C9F80040C9E71F22296804F1480008F0BB
:1009840031FF384684F8678006F038FFEFE73046D9
:10099400104906F001FF04460028B4D0002705F1F1
:1009A40008030367AB6980F86C70436740641F22D7
:1009B4002968483008F016FF22460121304684F8A1
:1009C400677000F061F80028D1D09CE76FF00F0049
:1009D4009BE700BFD0A2000010B50C46006900F5EB
:1009E4005D73D3E8AF3F022B0FD189B10A4900F5FB
:1009F400307008F0ABFC204608F064F8782200213F
:100A0400204608F0C5FE002010BD6FF00F00FBE784
:100A14006FF00100F8E700BF3C0A00202DE9F04F19
:100A240005460E4690460027D0F8C4A085B0AAF526
:100A3400BE7421463046FFF78BFBE0B9114BA4F19D
:100A4400480B0293DAF810303246CDE90083294688
:100A54004FF0FF335846AAF5E27904F0C7FA60B9BB
:100A64007823012203FB079383F86C20DAF80C3017
:100A74000BB158469847783417B105B0BDE8F08FEC
:100A84000127D6E7AF7900001FB5144690B18AB1AB
:100A9400012912D10A4B00F1F0010293D0F8D431AC
:100AA400483201934FF0FF332046009304F09EFA3E
:100AB40004B010BD6FF01500FAE70020F8E700BF9E
:100AC400AF7900002DE9F04387B00E46DDE90E81D1
:100AD4001446DDE910251F4630B329B3DFF850C0B2
:100AE40000F1F009002D08BF65469EB9CDE9034425
:100AF40000F5E2742046059608F07CFA03ABCDE9D4
:100B040000432A463B464146484604F08FFB07B063
:100B1400BDE8F083002241460E9248462A4607B0BB
:100B2400BDE8F04304F0D8BC6FF01500EFE700BF58
:100B3400210A0000F0B504462B4A87B004AB0E46E8
:100B440092E8030083E80300002C49D0184604F01F
:100B54007DF80546B0B94FF0FF33E16C04F154075A
:100B6400A163CDE9010000933846236D04F13802F6
:100B740007F018FCA06C06F047FFC4F8BC0020B9CD
:100B84006FF00B05284607B0F0BDA06C06F03CFFE3
:100B9400C4F8C0000028F3D0236CD4F8BC10C4F807
:100BA40090300423C4F89430C4F8AC300223E362D8
:100BB4000E4BB4F84820C4F88C10616C236204F125
:100BC4008C03C4F8A070A4F89820C4F8B870C4F8D2
:100BD400A810A4F8B020C4F8A400A6612363D1E748
:100BE4006FF01505CEE700BF109D0000649D000066
:100BF400014B036000207047909D000030BFFFF759
:100C0400FDBF00BF2DE9F04105460B4EDFF82C80F7
:100C1400324606EB0807CC1B2046094908F0ABFD19
:100C2400A01942460021083C08F0B2FD6C6707F1A8
:100C34000800BDE8F08100BF0000000004000000CF
:100C4400049D0000054B5A699B689A421FBF044AE1
:100C5400536843F080535360704700BF2C11002049
:100C640000ED00E0154B9A6A12F0007F9A6A14BFF7
:100C74001E201D2012F0807F9A6A18BF1F2012F4D4
:100C8400801F9A6A18BF022012F4002F9A6A18BFB4
:100C9400212012F4802F9A6A18BF222012F4003FF8
:100CA4009A6A18BF232012F4803F9A6A18BF24203E
:100CB4006FEA02426FEA12429A62704700ED00E066
:100CC40010B5194B0246986A9C6A10F4805F14BFF1
:100CD4001720162014F4006F9C6A18BF1820A4056E
:100CE40009D5986B986A000404D51AB19A6A22F45B
:100CF40000429A6219200C4B9A6A12F4806F9A6A25
:100D040018BF1A20D2050CD49B6A13F4005F18BFD5
:100D14001C20054A936A43F47F43936200230B70BB
:100D240010BD1B20F5E700BF00ED00E010B51C4B23
:100D34000246986A9C6A10F0100F14BF112010200C
:100D440014F0080F9C6A18BF1220A40709D5586B29
:100D5400986A000604D51AB19A6A22F080029A624F
:100D640013200F4B9A6A12F0010F9A6A18BF1420CD
:100D740012F0200F9A6A18BF1520D40658BF9B6A38
:100D8400074B9A6A920642BF5A6A22F400525A6288
:100D94009A6A42F0FF029A6200230B7010BD00BFF2
:100DA40000ED00E0F0B5474B04465B6800258BB0CE
:100DB400C3F3080385F31188BFF36F8F02F07F40FC
:100DC400B0F17F4F11D102F00C0008280DD01007AC
:100DD4004CBF0C4601250022033B8DF80720032B52
:100DE40005D8DFE803F02462665F2C46F3E70023AE
:100DF4009DF80720CAB902AE04F1200732462068E4
:100E04006168083403C2BC421646F7D1099A002D22
:100E140053D0C2F3080121B96FEA52226FEA422289
:100E24000992184602A906F027FE0BB0F0BD254B27
:100E3400DA6A9107DBD4DA6A002AD8DBDA6A52006C
:100E4400D5D55A69A16942F480725A61BFF34F8FB4
:100E5400BFF36F8F5A6931F8021C22F480725A6111
:100E6400BFF34F8FBFF36F8F4DF60272914209D0DB
:100E74009A6AD2B242B101200DF10701FFF756FF81
:100E84000346B5E72368B3E79A6A12F47F4F05D0A7
:100E940001200DF10701FFF713FFF1E79B6AB3F59A
:100EA400803FA4D3FFF7DEFEEAE700200DF107013F
:100EB400E4E700200DF10701EDE722F4FF7222F0D0
:100EC4000102ADE700ED00E0064B5A6942F0100262
:100ED4005A615A6942F480625A615A6922F00802DE
:100EE4005A61704700ED00E0EFF30880EFF30981E9
:100EF40001B57246FFF756FF01BD00BF0B4880F3F2
:100F0400088802F04DFF202080F3118808484FF430
:100F14000061401880F30988EFF31480022108432C
:100F240080F31488BFF36F8F00F0B0F8582B0020C3
:100F3400181A0020084B9B6883420BD1EFF30583FA
:100F440043B1064B5A6842F080525A605A6A22F4FE
:100F540000425A6205F05CBA2C11002000ED00E05A
:100F640014498A684FF030001044EFF3098C80E88C
:100F7400F01F202080F31288BFF36F8F0E4F4FF0C5
:100F840000664A698A603E60506F0C4C2060906F26
:100F94000023936780F3118802F1300090E8F01F7A
:100FA4008CF3098802F1000004B506F07AFDBDE86F
:100FB400044070472C11002004ED00E0640A002076
:100FC4001EF0040F0CBFEFF30880EFF30980816972
:100FD40011F8021C0229FFD001B5724606F052FD39
:100FE40001BD00BF40B2002807DB01234109034AC9
:100FF40000F01F00834042F82130704700E100E018
:1010040040B200280CDB01220649430900F01F000E
:101014008240203341F82320BFF34F8FBFF36F8FFB
:10102400704700BF00E100E0054B420953F822205D
:10103400012300F01F0003FA00F01040704700BFC6
:1010440000E100E040B2002801F10101ACBF00F171
:101054006040064B4FEA4111C9B2ABBF00F5614095
:1010640000F00F0080F800131954704714ED00E0ED
:10107400044B054A23F07F039360BFF34F8FBFF304
:101084006F8F70470000000000ED00E008B5FFF727
:10109400EFFF0B4AD2F8883023F47003C2F888308B
:1010A400EFF3148323F0040383F31488BFF36F8FE7
:1010B40004F0BAFA05F0E0FA00F046F804F0F4FAA5
:1010C40000ED00E042F8203C009B0B4942F81C3C38
:1010D400019B21F0010142F8183C029B42F8081CD4
:1010E40042F8143C4FF0807342F8043C0023203A49
:1010F40002658367704700BFF503000000B50D4B20
:1011040015469860426F0C4B0E461A60436E83F38B
:101114000B882C4686F309880020044B9847204608
:10112400002100220023024C20470000AF7A000077
:10113400F50300002C110020640A00201022014B4A
:101144001A61704700ED00E0002320210348C21813
:101154000133452B82F80013F9D1704700E100E018
:1011640008B5EFF30583064A103B02EBC30152F8BE
:10117400330049688847BDE80840FFF763BD00BFF6
:10118400689A00001FB5094C094A23460121094801
:1011940000F0FAF800230393074B0121E41A01A895
:1011A4000193029400F0FAF804B010BD0000072087
:1011B40000000020909D0000A803002010B50C7AC8
:1011C4000B6804F01F0223F01F031A43CB68640961
:1011D40023F01F03054943EA440343F00103C1F824
:1011E4009800C1F89C20C1F8A03010BD00ED00E0CB
:1011F40010B5074BD3F89030C3F30723013B984253
:1012040002D8FFF7DBFF10BD6FF01500FBE700BF4E
:1012140000ED00E02DE9F04F0F46144606464FF06E
:1012240000084D4D85B0B84580F29280D6F8049000
:10123400B9F1000F36D0B9F11F0F40F2878019F0D1
:101244001F0F40F08380D6F800A01AF01F0F7DD145
:10125400504606F066FC834609EB0A00013806F0A6
:1012640060FC834572D11BF1160F6FD05C456DDDB8
:10127400C5F898B0D5F89C10C5F898B0D5F8A0304A
:1012840021F01F0143F01F0AD6E900321A449942A3
:1012940002F1FF391ED1CA4508D131465FFA8BF0FD
:1012A40006F048FC08F101080C36BCE73146C5F8E5
:1012B40098B0D5F89C3022F01F0203F01F031343AB
:1012C400C5F89C30E0B206F035FC10F1160F3DD0A5
:1012D400441CE7E7C5F898B0D5F8A020013B23F0FB
:1012E4001F0302F01F021343CA453146E0B2C5F89A
:1012F400A030E8D006F01EFC10F1160F26D0C5F879
:1013040098B0D5F89C209DF808300AF1FF3A62F3B2
:1013140004038DF80830D5F8A0309DF808205B0848
:1013240063F347128DF80820D6E900321344009382
:1013340023F01F035344A3EB0903013023F01F03DD
:101344006946C0B20393FFF753FFBEE76FF015047D
:10135400204605B0BDE8F08F00ED00E00522044B07
:10136400C3F89420BFF34F8FBFF36F8F704700BF54
:1013740000ED00E0BFF35F8F0022024BC3F894201E
:10138400704700BF00ED00E010B5034C2278FFF772
:1013940041FF207010BD00BF601100202DE9F74F00
:1013A400294D8A4606464FF00008AB46274FD045E4
:1013B4001BDAD6F80490B9F1000F3FD03168084623
:1013C400019106F0AEFB0199044609EB01000138D6
:1013D40006F0A7FB84424FF014021D4B08D002FB19
:1013E40008F36FF015024BF8032003B0BDE8F08F4B
:1013F40014F1160F2C60F8D01978A142F5DD02FB28
:1014040008B0C7F89840C7F89840D7F89C4000F156
:101414000801007B64F304000871D7F8A0000C797C
:10142400400860F347140C71D7F89C1021F01F0199
:101434006960D7F8A01021F01F01296108F10108A3
:1014440014350C36B3E700BF680A002000ED00E055
:1014540060110020F0B54149414CD1F89030256825
:10146400C3F307239D4287B075D80020FFF782FF9E
:101474003C4BC1F8C030854216D13B4C01A82570C5
:10148400FFF7B6FB00250646384FAE4213D10020C5
:1014940023783249D1F89020C2F30722934254DBD7
:1014A400FFF75CFF00202FE0616801EB0011FFF7FC
:1014B40085FE0130DFE70199280101EB0513DA68A5
:1014C4003A40B2F5001F21D0B2F5800F2BD0B2F50F
:1014D400801F38D15A689B680958013B22F01F00CD
:1014E40003440120844623F01F0340EA4C10CDE955
:1014F40002218DF8100002A920780593FFF778FEE9
:1015040000281DDA6FF0150007B0F0BD5A689B681B
:101514000958013B22F01F0003444FF0020C012044
:1015240023F01F03E1E75A689B680958013B22F046
:101534001F0003444FF0000C062023F01F03D4E7E0
:1015440023780133237001359FE7C1F89830C1F83F
:10155400A00001339EE74FF0FF30D5E700ED00E037
:101564009C9D0000AAFF4400601100200000F0FFD1
:1015740008B5024B1B689847002008BD7C0A002070
:10158400034B044A1860937843F002039370704746
:101594007C0A00206801002008B50649064821F0AD
:1015A4000701C1F1005202F5E02205F09CFE002083
:1015B40008BD00BF8F490020800A002070B5416932
:1015C4000446867A0A4D59B1437ADB0706D42C23A4
:1015D40003FB06535B6A1B689B689847002363619F
:1015E4002C20214606FB0050BDE8704007F051BE98
:1015F400F80200202C22024B02FB0030704700BF8F
:10160400F80200202C21827A054B01FB02339A6AEE
:101614001B7F801A1B3323F00303B0FBF3F07047E6
:10162400F802002038B52C24827A064B04FB0233DE
:101634005B6AD3E901240C601568FFF7E3FF04FB40
:10164400005038BDF80200202DE9F04385B005466E
:10165400684690461C46039107F0C6FFDDE9006723
:10166400EFF31189202383F31288BFF36F8F6B8B01
:10167400002B41D02A8B9A4225D9002200232846E8
:1016840004F056F90446F0B189F31188BFF36F8F63
:10169400039B002B41D032463B46684607F0C9FF06
:1016A4002C21A27A254B204601FB02335B6A03A955
:1016B4001B681D68DDE90023A847606170BB2046F4
:1016C400FFF77CFF24E0698B4B1E6B8389F3118841
:1016D400BFF36F8F2B7F2A8BAC6A1B3323F003037A
:1016E400521A02FB0344154B154AEB1A9B10534341
:1016F400A3722B7FE372CBE789F31188BFF36F8F5B
:1017040023464246284604F013F904460028BFD174
:101714000024204605B0BDE8F08363610123002561
:101724002381039B29466382E27A656004F11800F1
:1017340008F02EF863692582E360EAE7F8020020E6
:10174400A38B2EBA70B52C250B4C00B970BD037A4F
:101754004668013BDBB20372002BF7D1C3604360E0
:10176400837A05FB03431B6A13B198473046ECE7C1
:10177400FFF724FFFAE700BFF8020020054B03EB54
:101784008000D0F8003223F0E04343F04053C0F827
:101794000032704700258450052370B5144D154E52
:1017A4002C780134B4FBF3F303EB8303E41A06F05F
:1017B4005FFD114A137823B156F82430C01A072864
:1017C40014D94FF05023D3F8141141B10021C3F8B8
:1017D4001411D3F814312C700CB9012313702C7824
:1017E40006F046FD46F82400012070BD0020FCE709
:1017F400621100208C0A002061110020012208B52A
:101804000B4B0C49C3F8002502230020C1F8D03645
:10181400FFF7B4FF1046FFF7B1FFC1F80427C1F882
:101824000429C1F8002BBDE8084000F0BBB800BF94
:10183400001000500040005007B50DF1070002F001
:10184400D3FB104B984218D14FF480620E4B0F49D2
:10185400C3F8B8254FF40062C3F83C259DF807008F
:1018640006F012FD9DF80700094906F008FD012065
:101874009DF80730984002F0B1FB03B05DF804EB2B
:1018840000F0A0B80000AD0B00A002502CA0025044
:1018940028A1025048B1054B054A1B68B3FBF2F37B
:1018A4005843044B43F0010318477047E4010020F8
:1018B40040420F00309D0000002170B5104C114DC6
:1018C400114E000714F8013B03F01F025B090FD00F
:1018D400012B0FD1334603EB8203D3F800220131ED
:1018E40022F0E04202430429C3F80022EAD170BD89
:1018F4002B46F0E70023803253F82230FFDE00BF8E
:1019040017A0000000258450002884502DE9F041E0
:10191400064601200D46FFF7CFFF4FF47F03D3F8AF
:101924003021D3F83431072A20D1023B032B02D8CB
:10193400114AD35CD3B14FF050244FF00108002773
:101944000520C4F81886C4F8147606F096FC4046C0
:10195400C4F8148606F091FCC4F81476C4F818761A
:1019640030462B46BDE8F041002118474FF0502384
:101974000022C3F81426F3E713A000001FB50023C8
:1019840001930393012369460548029305F081FD01
:10199400029B9B0708BF039B05B05DF804FB00BFD7
:1019A400A00A00200149024805F060BDD09D000056
:1019B400A00A002008B1FFF7E1BF014805F0C0BD4F
:1019C400A00A00201022024BC3F84024FFF7D6BF20
:1019D4000030005070B50C4B1968D868D3E9015237
:1019E4004A4080EA050485EA02065E6082EA4522EE
:1019F40081EA04064FEA745408441E609A60DC606D
:101A040001EB706070BD00BFBC0A002008B504483B
:101A140007F02FFB00280CBF6FF01200002008BD58
:101A2400C89900002DE9F341DFF87480044698F862
:101A340000308F0801F0030553B91A481A4E836821
:101A4400102231461B68984790B9012388F800306A
:101A540004EB8707A7421ED13DB1FFF7BBFF2A461F
:101A6400019001A9384607F086FE02B0BDE8F08176
:101A740006F0FEFB306006F0FBFB0C4B434073604A
:101A840006F0F6FB0A4B4340B36006F0F1FB094B4A
:101A94004340F360DCE7FFF79DFF44F8040BD9E70C
:101AA40063110020C8990000BC0A0020B0C2649BE6
:101AB400D4D2D38678E20AA010B5034605488268DA
:101AC40014688AB21946A0470028B4BF6FF0040016
:101AD400002010BDC899000008B506F000F904F014
:101AE4009DFB044B1B680BB10A209847BDE80840D6
:101AF40004F0A8BBCC0A002038B50446084806F018
:101B04003DF8054648B1631EDBB21F2B96BF054A5C
:101B14000021D15C0C3006F077F8284638BD00BFB0
:101B2400500300202EA000000E38012810B50AD85A
:101B3400094806F023F8044618B104210C3006F0D5
:101B440063F8204610BD09B10448F2E70220BDE85D
:101B54001040FFF7D1BF00BF7C030020F802002033
:101B640010B5012104460C3006F06FF82146BDE89B
:101B740010400023014A007806F0FEB83C9E0000A5
:101B840010B5012104460C3006F05FF82146BDE88B
:101B940010400123014A007806F0EEB8349E00009C
:101BA40038B51E4806F003F80446002835D000F185
:101BB4000C05284606F051F8042802D1238A012B8B
:101BC4000CD82046FFF7BEFD154BD3F80C3123B3D8
:101BD400BDE838401349144807F0A8BB2846022141
:101BE40006F033F8037805460E3B012B0ED840F679
:101BF4000C430E4A0E490F4805F0DCFB002383F327
:101C04001188BFF36F8F0323184602DF0323214695
:101C1400094A287806F0B0F8D3E738BD0C01002053
:101C24000000002088010020300700204EA00000A2
:101C340082A00000B0A000001C9E00002DE9F04727
:101C440088461646824600286AD00023DFF8D490DE
:101C5400D9E8EF4FC9E8E23F002AF9D1002C5FD060
:101C64002046FFF7CFFC0C232F4D274603FB0050E3
:101C7400438853450DD0D9E8EF3FC9E8E27F002AF5
:101C8400F9D1002B4CD01F463846BDE8F047FFF78A
:101C940059BDA64208D0204605F06BFF328AF16890
:101CA40004F10C0005F0A7FF2046FFF7ABFC0C265F
:101CB40006FB00504368ABB1B8F1000F12D12046C7
:101CC400FFF7A0FC012106FB00504268D2E90003A3
:101CD400127A03F01F06B1405B09DAB100EB83000E
:101CE40006F03BF82046FFF78DFC0C2606FB00505F
:101CF4008368002BC8D02046FFF784FC704305F8A6
:101D040000802046FFF77EFC06FB0055A86803F020
:101D140041FEB9E7C94300EB830006F044F8E1E76C
:101D2400BDE8F08708010020D00A002008B500F0C3
:101D3400C3FE064BD3E8AF2F02F00B02D3E8EF1F2C
:101D4400C3E8E02F0028F9D108BD00BFD40000206B
:101D540010B5C1E900239DF808300C460B72FFF75B
:101D640051FC0C22024B02FB00335C6010BD00BF2F
:101D7400D00A0020F8B502460B46104805F0FEFED6
:101D84000446C0B104210C3005F02BFF2046FFF7B8
:101D940039FC0C2700260A4D07FB005046802046DC
:101DA400FFF730FC07FB005086602046FFF72AFC53
:101DB40007FB00556E602046F8BD00BF24030020D9
:101DC400D00A0020034B0146D3F82C0182689268A4
:101DD400104700BF000000202DE9F04100F10C067F
:101DE4000446304605F041FF012105463046B4F86B
:101DF400108005F022FF238A012B04D82046BDE879
:101E0400F041FFF79FBC3046022105F01EFF037826
:101E14000646052B22D00E3B012B21D941F2360375
:101E2400104A1149114805F0C5FA002383F31188BB
:101E3400BFF36F8F0323184602DF022702232146D4
:101E44000B4A307805F098FFBB07D7D56369A4F82F
:101E5400108013FA85F5E560BDE8F0810327EDE70E
:101E64000127EBE74EA00000CDA00000B0A00000C9
:101E74000C9E000010B50C4604F0D0F9E3681A7803
:101E8400042A19D15B78052B0AD00E3B012B0AD802
:101E94002046FFF7A1FF002404F0D4F9204610BD2A
:101EA4002046FFF799FF2146064805F06BFE0649D8
:101EB400064807F03BFAEEE72046FFF743FC6FF0D5
:101EC4001504E9E70C0100208801002030070020F8
:101ED40008B50421034805F040FFBDE8084000F0C0
:101EE400EBBD00BFD4000020014803F007BF00BFD2
:101EF4007801002070B505460C4659B94FF0FF3003
:101F04004FF0FF31FFF736FF044618B96FF068054C
:101F1400284670BD2046FFF775FB0C22154BA6180A
:101F240002FB003330465D8005F09FFE03280BD989
:101F34000321304605F070FE0580238A0121033B0E
:101F44008370304605F070FE40F635439D4208D15B
:101F54002046FFF737FF054648B12046FFF7F2FB5E
:101F6400D6E72146044807F089F9FFF7BDFF0025AD
:101F7400CEE700BFD00A00201401002038B5024685
:101F84000B46244DD5F8141109B9002038BD05F1CC
:101F9400F00003F039FD0028F7D10022002305F5F5
:101FA4008A7003F0C5FC044668B940F61B431A4A1C
:101FB4001A491B4805F0FEF984F31188BFF36F8FAB
:101FC4000323184602DFD5F8080120B1FFF7BAFB56
:101FD4000023C5F80831204605F0FFFDC5F80801C7
:101FE4002046FFF7EFFE98B10E4803F0D3FC2046DD
:101FF400FFF708FB0C220C4B1F2102FB003022468A
:102004004088FFF71BFE2046FFF79CFBFFF76CFFA1
:102014000120BBE7000000204EA00000E6A0000065
:10202400B0A00000F0000020D00A00202DE9F04FFD
:10203400064617460C4687B069B94FF0FF304FF09B
:10204400FF31FFF797FE044660B96FF06805284634
:1020540007B0BDE8F08F887AFFF7CCFA454B83428E
:1020640040F0828001220021684607F020F92046D2
:10207400FFF7C8FA0C23DFF800A103FB00A0C0F8A7
:1020840008D0204605F0A9FD01463046FFF732FF8F
:10209400054618B12046FFF755FBD8E707F01CFCAE
:1020A400364B1A58364B9A4220D1DFF8D8B036480E
:1020B40007F0F9F8002181464FF4A020FFF75EFFF6
:1020C400804688B94FF4F9735946304A304805F0D0
:1020D40071F931462F4805F06DF988F31188BFF383
:1020E4006F8F0323184602DF4C45E0D14FF4A02242
:1020F4000023684603F088FC804698B14FF4FC73D3
:10210400224A2549224805F055F9424631462348DA
:1021140005F050F9002383F31188BFF36F8F032375
:10212400184602DF2046FFF76DFA0C2358431AF8CD
:102134000060AEB12046093EFFF704FB092E0CD81F
:10214400DFE806F0150B0B08050B0B0B0B126FF0F9
:102154000B057CE76FF00C0579E76FF0040576E773
:10216400002F97D03C6072E76FF015056FE76FF0B2
:102174006E056CE724030020D00A0020080000004C
:10218400F0080020EAA00000140100204EA0000086
:10219400B0A00000F2A0000012A100001BA10000EA
:1021A400F7B5002240F603401146FFF73FFF04460F
:1021B400002858D1FFF7BAFD214641F2030001AAD5
:1021C400FFF734FF044600284DD1019A864DD168AB
:1021D40005F17803D1F80100D1F8051003C31046C6
:1021E400FFF7B0FA214641F2010001AAFFF71EFFF2
:1021F4000446002837D10198C3685A7885F87020BE
:102204005A88A5F872201A7985F87120B3F8072046
:10221400A5F87420B3F80530A5F87630FFF792FAE4
:10222400214641F2020001AAFFF700FF0446D0B99B
:10223400019F05F18006FA68531C41323446186840
:102244005968083303C493422646F7D13846FFF74A
:1022540079FA05F0F0FD044628B995F87C30580663
:1022640004D46FF01204204603B0F0BD214642F2BC
:10227400030001AAFFF7DAFE04460028F3D1019A0D
:102284005A4BD168D1F80100D1F8051003C31046A8
:10229400FFF758FA95F87C30990619D44FF0FF30BF
:1022A4004FF0FF31FFF766FD0646002800F09980E5
:1022B40002210C3005F099FC01234470224603707E
:1022C400314640F66D40FFF7B1FE04460028CAD1FE
:1022D40095F89C301A0712D5002142F21C0001AA7D
:1022E400FFF7A4FE04460028BDD10198C368D3F8C3
:1022F4000120D3F80530C5E93823FFF723FA4FF05E
:10230400FF304FF0FF31FFF735FD0446002868D059
:1023140008210C3005F069FC0227002221460770D1
:1023240042708270C270027142718271C27142F253
:102334000100FFF77BFE0446002894D14FF0FF30E4
:102344004FF0FF31FFF716FD0646002849D008215B
:102354000C3005F04AFC8023437020230470847001
:102364000471447184712246C770C371314640F6CA
:102374000140FFF75BFE044600287FF474AF01467A
:1023840001AA4FF60140FFF751FE044620BB019815
:10239400FFF7D8F921464FF6024001AAFFF746FE9F
:1023A4000446C8B90198C368B3F80130A5F8C13030
:1023B400FFF7C8F995F8C1305B070DD521464FF6F4
:1023C400034001AAFFF732FE30B90198C3685B7875
:1023D40085F8C030FFF7B6F903B0BDE8F04000F06F
:1023E40031BA6FF068043EE700000020D8000020F6
:1023F40073B5264D0646D5F82C0106F03AFE0028A2
:102404003CD06FF0020105F1D40005F0CCFC0121B1
:1024140005F0A3FC10EA010433D11D4B1E600A46EB
:1024240005F1F00006F043FF05F58A7006F01AFF87
:10243400184806F0A6FF6FF007034FF4966216499A
:102444001448009403F060FC1449124806F0A5FFF8
:10245400D5F82C01124983681B689847044628B9AB
:102464003EB9FFF79DFE78B9FFF732FD204602B072
:1024740070BD05F1C40003F041FCF7E76FF01204EE
:10248400F4E76FF07704F1E70446EFE7000000207B
:10249400DC0A0020300700206815002060A100003D
:1024A400791E000010B5FFF77BFE044608B9FFF75C
:1024B4000FFD044B1B681BB12046BDE810401847B4
:1024C40010BD00BFDC0A0020F7B5144B054693F994
:1024D4009B300C46002B1DDA14B9204603B0F0BD26
:1024E400082C4FF0000142F2180001AA264628BF2A
:1024F4000826FFF79BFD0028F0D1019F3246F968BA
:102504002846013107F037F93846FFF71BF93544FF
:10251400A41BE1E76FF08500E0E700BF00000020A6
:1025240038B5044603210C3005F08FFBE3680578C9
:10253400197840F63543B0F8010098420AD0224693
:10254400FFF77CFB35B1044803F024FABDE83840BA
:10255400FFF7CABC38BD00BFF000002038B5042125
:1025640004460C3005F071FB45780178224640881A
:10257400FFF764FB35B1044803F00CFABDE83840BA
:10258400FFF7B2BC38BD00BFF0000020F8B5064626
:102594000024094DEF79E3B29F4202D86FF00100A5
:1025A40007E02946304605F011FC0735631C08B1E5
:1025B4002046F8BD1C46EEE70000002070B5144E1E
:1025C40006223146044607F0EBF8E0B14FF0FF3045
:1025D4004FF0FF31FFF7CEFB0546B0B1062221468E
:1025E4000C3005F008FB0022294642F20500FFF7F3
:1025F4001DFD48B93346226843F86929A288B28090
:10260400012283F86820002070BD6FF06800FBE7AA
:102614006900002037B504460D4689B1284618499B
:1026240005F0D4FB60B9174A2968C4EBC4041151FE
:10263400A318AA889A80AA799A71002003B030BDA1
:10264400684605F02FFB0028F8D16846FFF79EFF87
:102654000028F5DA0B4A0098C4EBC40410519DF825
:102664000610BDF80400A31898809971002DE4D0D9
:1026740012592A609A88AA809B79AB71DDE700BF62
:102684001BA000000000002070B5044611B16FF0DB
:10269400150070BD80B11B4905F098FB60B9204658
:1026A400FFF774FF002827DA2378012BEFD1A379F1
:1026B40003F0C003C02BEAD1134DEB79012B1ED0DC
:1026C40005F1D403D3E8AF3FDB0707D4002CDED0F9
:1026D40020460C4905F07AFB0028D8D1EE79214632
:1026E400731C3046EB71FFF795FF08B93046D0E70D
:1026F400EB79013BEB71CCE76FF07700C9E76FF042
:102704000B00C6E71BA00000000000202DE9F341E8
:102714000446D8B1002141F2090001AAFFF786FC62
:10272400054698B9019E0622D6F80C80104908F196
:102734000107384607F034F828B1062238460D4917
:1027440007F02EF830B93046FEF7FCFF002002B047
:10275400BDE8F081D8F801303046C4F80130BB88B8
:102764002570A4F80530FEF7EDFF0120EFE700BF68
:1027740028A0000022A0000007B56846FFF7C6FFA6
:10278400044BD87118B169460020FFF743FF03B02A
:102794005DF804FB00000020F0B5294D89B0EE7906
:1027A400002E46D195F8C230DB0722D56A46314661
:1027B4004FF60940FFF73AFCD8B9DDF800C0DCF861
:1027C4000C406378012B1E4628BF012673B1A31C5D
:1027D40002AA1234174618685968083303C7A3427B
:1027E4003A46F7D1186838609B88BB806046FEF78C
:1027F400A9FFEE71002416260127EB79E0B283428B
:1028040002D8B3B1002012E008AB06FB003353F842
:10281400182C33F8143C6946CDF80120ADF8053086
:102824008DF80070FFF7F6FE01340028E5D009B0FA
:10283400F0BD0021084609B0BDE8F040FFF724BF11
:102844000000002010B50A4CE3790BB1002010BD44
:10285400FFF792FF0028FAD1E379002BF6D1FFF7B6
:102864009BFF0028F3D1601CBDE81040FFF7A6BE13
:102874000000002070B505460E464FF0FF304FF0C3
:10288400FF3186B0FFF776FA0446A0B102210C307E
:1028940005F0ABF9094A4670057003A920460523E3
:1028A4000095FFF755FA0022214642F20C00FFF78B
:1028B400BDFB06B070BD6FF06800FAE7D4000020DD
:1028C40008B50C4B0246400903EB800005F0B0FA52
:1028D40002F01F0340FA03F313F0010006D122B9FA
:1028E400054805F0A5FA40F3C01008BD6FF0770065
:1028F400FBE700BFE00A0020D4000020084A430997
:1029040002EB8302012300F01F008340DB43D2E883
:10291400EF0F1840C2E8E10F0029F8D1704700BF5B
:10292400E00A002030B587B0002200235C4802F0A2
:1029340037FF002840F092805A4805F079FA10F0E9
:102944000103584D45D02B1D93E8070006AB03E95E
:102954000700554805F06CFAC0F34013514805F0E0
:1029640067FA014600286BD073B10C224F490DEB76
:10297400020006F015FF00286BD000210846FFF77F
:1029840079FF0446002865D10023ADF80930BDF86D
:102994000E309DF80C00ADF80530BDF810308DF800
:1029A4000400ADF80730431E58420DF109015841A7
:1029B40005F031FA044600284CD14FF0FF304FF0B7
:1029C400FF31FFF7D7F90546002849D16FF06804B5
:1029D40040E0354805F02CFA10F0800F344A0ED050
:1029E4004FF480749089D1891269ADF80C40ADF828
:1029F4000E00ADF81010ADF812300592A9E72D4C79
:102A040003AB2068616803C3A068186092F8D930EA
:102A1400180748BF0523234848BF8DF80D3005F03B
:102A240007FA810706D53023ADF810306023ADF8DE
:102A34000E308EE71B4805F0FBF94207F3D488E714
:102A44003BB1FFF717FF044620B9184B2861C3E9CF
:102A540001000024124802F01BFF204607B030BDDD
:102A6400072201A90C3005F0C6F82246294642F295
:102A74000B00FFF7DBFA04460028EBD19DF80D109C
:102A8400012001F00101FFF7F5FE04460028E1D121
:102A9400064B06AA12E9070083E80700D9E700BF3E
:102AA400FC0A0020E00A0020D4000020F00A0020E4
:102AB40000000020249D000010B5094C4422002190
:102AC400204606F065FE04F11C0006F03AFB04F112
:102AD400300006F036FB0022024B1A6010BD00BF26
:102AE400E00A00202C0B0020032838B5054603D14A
:102AF400BDE83840FFF716BFFFF7E2FE0446A8B969
:102B04000B4B6A0903EB8203012205F01F018A4083
:102B1400D3E8EF0F1043C3E8E10F0029F8D1FFF722
:102B240001FF044610B12846FFF7E8FE204638BDF1
:102B3400E00A00202DE9F04F00F10C08044689B0AA
:102B4400404605F08AF80646DFF854B116B909B0D4
:102B5400BDE8F08F534805F06BF9C107F7D5238A18
:102B6400082BF4D90921404605F06FF8037A228A2C
:102B740001339A420546EAD30123ADF81C307F2382
:102B84008DF81630037A471C03445B7A8DF81530B0
:102B9400FF238DF814300023ADF81A300278042A8C
:102BA40098BF414B8DF8172098BF9B5CADF8183047
:102BB40090F808A03B4805F03BF9C20703D5BDF8DF
:102BC40018305B0763D4384605F085F8002848D0F0
:102BD400394602A805F074F8DBF80030A3B140468A
:102BE40005F043F88146278A43469DF817209DF94E
:102BF4001510DBF800C0A4F810A002A8E047636930
:102C0400278213FA89F3E36002AB0493274B1B6812
:102C1400002B3AD01A6802B1083A53F8081CB9B12B
:102C24001746A3F108024046019205F01EF88146BA
:102C3400019A238AA4F810A01268414604A80093BC
:102C440090476269009B12FA89F2E2603A46238255
:102C5400DAB197681368B7B1083F002BE3D13A465D
:102C6400F7E76B78FF2B09D1114B186802909A880B
:102C74009B79ADF80C208DF80E30ADE7394605F0A0
:102C8400ADF80346F1E7002BCDD100230493297A54
:102C940040460131013E04F0D0FFF6B256E700BFD2
:102CA4002C0B0020E00A002069A10000240B002066
:102CB4001BA00000F8B50546224805F0B9F8430703
:102CC4000F463CD52A78012A03D96FF01504204613
:102CD400F8BD6B780F2BF8D843F6FC746888031F93
:102CE4009BB2A342F1D8A9880B1F9BB2A342ECD894
:102CF4008842EAD37AB900220023134802F050FD37
:102D040004460028E3D1FFF7DBFD044640B10E483A
:102D140002F0BEFDDBE705F07CF80028EBD1D4E738
:102D240028686968094E0A4B03C6A8681F603060AA
:102D34002046FFF7D9FE044606F12400E8E76FF0C9
:102D44000A04C4E7D4000020100B0020E40A002089
:102D54002C0B00202DE9F74F1746D2F810A002786B
:102D64000646042A0D4601F1FF3325D0052A71D009
:102D7400022A49D1032B47D9002200230820FEF759
:102D8400BBFE044600283FD00422D6F8013000F1EF
:102D94000C0840460DEB0201019304F02CFFBDF832
:102DA4000630053D9D4244D1404604F062FF854211
:102DB4003FD82A46711D42E0012B25D943783E2B8A
:102DC40025D190F803B0ABF10203D3F1000B4BEB28
:102DD400030BB6F80130033DB5EB132FADF8043007
:102DE40012D1BBF1000F15D04FF000084FF00009CD
:102DF40042464B4659469DF80400FEF795FE0446AC
:102E040058B9BBF1000FF3D003B0BDE8F08F4FF019
:102E1400000BDEE74FF4A028E8E700F10C080222DB
:102E240001A9404604F0E7FE404604F022FF854233
:102E340003D92046FEF786FCE6E72A46F11C404605
:102E440004F0D9FE21463846DAF8003003B0BDE874
:102E5400F04F1847032BD7D9002200232020FEF778
:102E64004BFEDFF83C90044698B10422D6F80130BA
:102E740000F10C0840460DEB0201019304F0BBFE87
:102E84000023C9F80030BDF80630053DC3F30D0337
:102E940088E7D9F800300133C9F80030B4E700BF3F
:102EA400300B0020102208B5034B0120C3F8402446
:102EB400FEF780FD002008BD00300050084B70B5BF
:102EC400C31A0D4607499B1004465943402206483D
:102ED40005F01FF82B4601462046BDE87040184710
:102EE400480B0020B76DDBB668990000402373B52A
:102EF4000B4C0093041B0B460D460A49A410614376
:102F04000646094A094805F030F8011E05DA30463C
:102F14002B4602B0BDE87040184702B070BD00BF38
:102F2400480B0020B76DDBB6D97F0000689900001C
:102F340010B5EFF31184202383F31288BFF36F8F4E
:102F4400074A136823F00201DB07116002D4012051
:102F540005F0A6F984F31188BFF36F8F10BD00BF8D
:102F6400E80B00202DE9F843002201210646052044
:102F7400FEF768F8114801F0B7F8114B984219D1DF
:102F840001F0C2F800244FF01C090C27DFF834804C
:102F94003569414609FB045004F068FA002807DB50
:102FA400012307FB04551C44042CAB67F0D100201B
:102FB400BDE8F8836FF00400FAE700BFCD300000ED
:102FC4000000AD0B4C9E00007FB500220123CDE92B
:102FD400022304ABCDE90433094A6B46CDF800D093
:102FE400CDF804D004F0EFFF002805DB4FF4804255
:102FF4000023684602F008FD07B05DF804FB00BF3B
:103004000F8000000C22104B014602FB003300200D
:1030140030B4D3E91C521867EFF31180202484F3F1
:103024001288BFF36F8F9C6F04F0C00444F0020455
:103034009C6780F31188BFF36F8F1DB12B4630BCA2
:103044000248184730BC7047480B002068990000BC
:1030540010B4EFF31182202383F31288BFF36F8F30
:103064001748016841F002040460C80707D482F3DA
:103074001188BFF36F8F012010BC01F05DB84FF0D1
:103084005021D1F80C04D1F80C14C907EFD5EFF393
:10309400118083F31288BFF36F8F0A498B6F03F09B
:1030A400C00343F002038B6780F31188BFF36F8F73
:1030B40082F31188BFF36F8F002010BCFFF7A2BF0B
:1030C400E80B0020480B0020092813D8DFE800F0A3
:1030D40005101212121212120E0C074B986F10F0F8
:1030E400070007D1FFF78EBF0220FBE70320F9E7B3
:1030F4000120F7E7704700BF480B00202DE9F0419D
:10310400012207463649D1E8EF3FC1E8E02F002805
:10311400F9D133B9334934484B60CB608A6004F049
:10312400B8F97B1E012B2BD8012F07D14FF0502368
:10313400D3F81C3403F00303022B21D006F027F943
:103144000546F8B9294B1B78E3B14FF0502302220E
:103154000646C3F808234FF05024DFF89480D4F8CF
:103164001824D4F81834D20315D503F00303022B22
:1031740001D0012F0FD16DB386F31188BFF36F8F88
:10318400BDE8F081EFF31186202383F31288BFF3A7
:103194006F8F0125DFE7C5B1304604F0A6FCD4F8F3
:1031A4001835DBB2012BDAD1D4F80421002AD6D0A9
:1031B4000022C4F80421D4F804210222C4F81825FA
:1031C4002022C8F88021A360C9E70021212006F04D
:1031D4007DF9E4E74FF050230222C3F80423CFE73C
:1031E400440B0020340B0020640B002066110020E7
:1031F40000E100E008B5074805F03BFF38B1064898
:10320400FEF7BEF90448FDF7D5F8002008BD6FF0BD
:103214001200FBE7E8990000213200000A2838B5C3
:103224000446074D04D1AB680D2128465B689847D6
:10323400AB6803485B68E1B29847204638BD00BFDD
:10324400E8990000F0B51646426801F01F04107BAF
:1032540087B044EA40141069002871D0B6F5001F05
:1032640002F1100506D12146284605F099F8002000
:1032740007B0F0BD0027B6F5800F01A8019747609D
:1032840039D1B3F1007F14BF052304238DF8043032
:103294000023CDE90403039393680DF1030723FA94
:1032A40001F111F001013DD1B6F1A07F3AD104F052
:1032B4001F03620903F1800328D0012A46D1254A5D
:1032C40052F82330DB072DD43A462146284601F034
:1032D40039FA214B98421BD002972146284603AA6B
:1032E40001F0ECF81D4B98422DD1012221462846CD
:1032F40001F08AFABBE7B3F1C06F05D0B3F1007FE8
:1033040014BF01230223C1E70323BFE7144AD7E70D
:103314003946284601F072FA104B9842DCD06FF01F
:103324000B00A5E73A462146284601F00BFA0B4B61
:103334009842D2D128469DF8031001F059FACCE7FF
:103344006FF0850094E76FF0150091E751F8233092
:10335400FFDE00BF002884500400AD0B0000AD0B5D
:10336400002584504209034670B502D0012A17D0C3
:1033740070BD0D4E326951680029F9D0012503F062
:103384001F030C689D400029F2D08A682A4002D0AD
:1033940030464B6898472CB1236821461C46F2E717
:1033A400024EE7E72346F8E7A89900008899000051
:1033B40038B545682B69B3B11035284601F00EFACB
:1033C400044680B90146284601F0D6F9084B9842D4
:1033D4000BD122462846074901F0AEF922460521C1
:1033E4000D20FDF72FFE002038BD6FF00400FBE731
:1033F4000000AD0B693300002DE9F04340F20635BF
:103404004668D00648BF0320337B02EA050558BF4F
:10341400C2F3401087B001F01F07B5F5837F14464F
:1034240047EA43178DF8030044D00DD8062D16D073
:1034340005D8A5B1022D3FD06FF0150037E0B5F5E2
:10344400807FF9D101250AE040F20222954235D06D
:10345400B5F5407F34D0B5F5007FEDD102250123C9
:10346400220303FA01F12DD573689960326982BB96
:1034740007F01F037F092AD0012F77D13D4A02EBC1
:10348400830284F48033D2F80012C3F30043C4F3FC
:10349400404444EA430421F4706144EA800421F086
:1034A4000F0144EA05230B43C2F80032002007B0A1
:1034B400BDE8F0830725D2E70425D0E70525CEE74C
:1034C4000325CCE7630344BF7368D960CEE72A4A77
:1034D400D5E71036394630460DF1020201F032F9D3
:1034E40014F4403F80460CD13946304604F056FF70
:1034F400224B9845DAD130469DF8021001F078F954
:10350400D4E74FF0000901AB3946304603AACDE9B0
:103514000439CDE90199CDF80C9000F0CFFF174B99
:103524009842C3D114F4003315D09DF8033084F4C9
:103534008034C4F300448DF80E3039464B4630468F
:1035440003AA8DF80C508DF80D4001F073F80B4B65
:103554009842ABD1CCE7CDE9043339460DF10303EE
:10356400304603AA039300F0A9FFF0E7803352F832
:103574002330FFDE00288450002584500000AD0B6A
:1035840010B504460269A2B0C2F8800016490020B2
:1035940001F06AFA002201212A20FDF753FD84225A
:1035A400002101A8646806F0F3F80023012001AAB1
:1035B40061680432D940C90744BF00FA03F142F8F4
:1035C400041C2168D940C90748BF00FA03F103F17C
:1035D400010348BFD163102BEAD101A801F05CFAC2
:1035E400002022B010BD00BFBB800000036803F0C0
:1035F4001F025B09026004D0012B034818BF00209E
:1036040070470248704700BF00288450002584504A
:103614002DE9F04F1546834640F2FF18DFF88891F4
:10362400DFF888A185B000EB8101594503D1002062
:1036340005B0BDE8F08FDBF80030C3F3C322082ADD
:10364400C3F3080400F2AA801B0E444508BF4FF0E0
:10365400FF3419F80270222B00F2A380DFE803F094
:1036640012191F22252B22A1A1A1A13A67A1A1A170
:10367400A1A1A1A1A1A16A7F8285A1A1A1888F9204
:1036840095989B00C5F80C45601C5DD10BF1040BAB
:10369400CBE7C5F81445621CF8D000265DE0C5F8F8
:1036A4000845F1E7C5F81045F5E7631CC5F808457A
:1036B400ECD0002604E0661CC5F80C45E6D00126D3
:1036C40003A80394FFF792FF0122039B02FA03F37A
:1036D400C36008E0C5F80845002FDCD1631CD5D0D1
:1036E400002606273246DBF80030039403F400403A
:1036F400002818BF002203A818BF012601930092D6
:10370400FFF774FF039C019B00EB8400D0F8004298
:10371400C3F3412C009A3B0243EA8C03134304EAAB
:103724000A04234343EA4603C0F80032AEE7C5F86F
:103734000C45D1E7C5F86045601CDBF80030A5D026
:10374400C3F30043002BBAD0012603A80394FFF768
:103754004DFF039B06FA03F383603246C3E7C5F8C3
:103764006445E9E7C5F86845E6E7C5F86C45E3E76D
:10377400C5F82445621C89D001260022B3E7C5F8A8
:10378400284581E7C5F83045F4E7C5F83445F1E745
:10379400C5F83845EEE7C5F83C4575E76FF0150008
:1037A40046E76FF0850043E7C2A10000F0F0FCFF9C
:1037B4002DE9F04104460D46476805F0E8FD4FF059
:1037C400200888B9264B1B7873B16426606804F01E
:1037D40012FDF0B9012004F050FD013EF6D10021A4
:1037E400212005F073FEF0E7EFF31186314688F3EC
:1037F4001288BFF36F8F606804F0FDFCA8B986F3EC
:103804001188BFF36F8FEFE786F31188BFF36F8FD3
:10381400E5E7EFF31186314688F31288BFF36F8F23
:10382400606804F0E8FC0028EED0FB6900201D70FD
:103834006368FA691B68C3F844250122C3F8482564
:10384400C3F82001D3F82041C3F85801D3F8580134
:103854009A6081F31188BFF36F8FBDE8F08100BFD8
:1038640066110020F7B50546002201210820FDF766
:10387400E9FB0820FDF7B6FB6B681A691868C0F805
:103884002425997D5A7D0A43198B1B7D0B431343D1
:10389400C0F86C356E68D6E9004313F0010348D0D4
:1038A4002F6907F1080000F09FFB304B98425AD172
:1038B400387A04F10C0204F5907104F0EAFC387AC9
:1038C400012707FA00F000F089FB0823C4F800354B
:1038D400F369C4F844350023C4F84835A760D4F824
:1038E4005831002BFBD00021C4F800156B6801AAE5
:1038F400DC68204604F052FC002805DB019B2268AA
:1039040019791868FFF784FE08216A681368C3F8F8
:103914000015117A51B9126AC3F834250122C3F88B
:103924003825C3F81011D3F810111A60002003B021
:10393400F0BD0822C4F80025F269C4F84425C4F88F
:1039440048350123A360D4F82031002BFBD0002399
:10395400C4F82031D4F820310123E3604FF480739C
:10396400C4F80433BBE76FF00400E0E70000AD0BDC
:103974000123834070B5DC430B4AD2E8EF1F01EA10
:103984000405C2E8E65F002EF7D14FF4803282408E
:103994000648C0F80823BFF35F8FBFF36F8F0B4255
:1039A40014BF0120002070BD9C0C00200050015069
:1039B40070B40E4922F07F46D1E90034D01AC318FE
:1039C40044F10004C1E90034A6F50013B3F5400F37
:1039D40009D2074B1B681A0A1B069C19054B42F1B6
:1039E4000005C3E9004570BC02F020BFE0070020D9
:1039F400A00C0020E8070020D9B101230D4A834020
:103A0400D2E8EFCF4CEA030CC2E8E1CF0029F7D1AA
:103A14004FF48033084A8340C2F80433074BD3E899
:103A2400AF3FC340DB0742BF4FF40012044BC3F85F
:103A3400002170479C0C002000500150980C00207D
:103A440000E100E00D4B1868010A0006BFF35F8F28
:103A54000B4BD3F80435181841F10001B3F5801F5E
:103A64000AD2084BD3E90023904271EB030303D23B
:103A740010F1807041F10001704700BFA00C0020DC
:103A840000500150E80700202DE9F04F85B016469C
:103A94001F4604469DF840A0FFF76AFF0190FFF718
:103AA400D1FFB04271EB070352D23B4B301A67EBA4
:103AB4000101984271F100014DD2384B03EB04131C
:103AC400D3E902239F4208BF964258D04FF480386E
:103AD400334908FA04F8204626F07F4BC1F848839E
:103AE40004F0BAFB4FF00309584604F15005AD0049
:103AF400ADB205F1502504F5A87305F580350293A0
:103B0400029A20F07F4341F82230C1F84483D1F86F
:103B14000435244AC01A033820F07F4090422ED93D
:103B2400286868B1D1F80435A3EB0B0020F07F407E
:103B3400B0F5000F039322D9204604F08DFB039BBC
:103B4400BAF1000F07D109EB030009F10109D7E726
:103B5400BAF1000F09D06FF0150520460199FFF75F
:103B64004BFF284605B0BDE8F08F01230E4AA34061
:103B7400D2E8EF0F1843C2E8E10F0029F8D1074952
:103B84000E982301C8500F9B01EB04120025C2E9D3
:103B940002675360E1E700BF01008000D007002006
:103BA40000500150FDFF7F00980C00207FB50025D8
:103BB4004FF0FF304FF0FF31194C1A4B0226C4F876
:103BC4000833C4F84833184BC4F80855C3E9020154
:103BD4004FF480334FF40012C4F80433134B012123
:103BE400C4F804631520C3F880212A46FDF72AFA95
:103BF4001520FDF7F7F901230D4AA3602360136034
:103C04000C4B0D4A009328460023CDE90155FFF7DC
:103C14003BFF3046FFF772FA284604B070BD00BF80
:103C24000050015003000F00D007002000E100E025
:103C34009C0C0020B5390000FFFF7F002DE9F743FD
:103C44002E4BD3F8042390070BD5D3F8042142B1AB
:103C54000022C3F804212A4AD3F80431136801333B
:103C64001360264AD2F80433D90326D5254BD3E86A
:103C7400EF1F21F00100C3E8E40F002CF7D1CB07BC
:103C840002D4D2F84031C3B100251C4CC4F84051D1
:103C9400D4F84031FFF7D6FEEFF31182202383F3EB
:103CA4001288BFF36F8F184BD3E90267B042B94152
:103CB40006D282F31188BFF36F8F03B0BDE8F0839F
:103CC4004FF0FF38D3E900104FF0FF391D60C3E90E
:103CD40002894FF48033C4F84833C4F84051D4F80F
:103CE400403182F31188BFF36F8F0029E5D0009033
:103CF40032463B4628468847DFE700BF0050015064
:103D0400A00C0020980C0020D007002030B5431CE4
:103D1400124C85B005D08442A8BF0446012CB8BF1C
:103D24000124FFF78FFE0E4B0C4DD3E90013401A0C
:103D3400B0F5000F0FD22218AA4228BF2A4600204D
:103D440052180849CDE90100009143F10003FFF73F
:103D54009BFE05B030BD2A46F1E700BFFFFF7F00A0
:103D6400E0070020B539000008B5FFF76BFE024BF1
:103D74001B68C01A08BD00BFE00700204FF47F0392
:103D8400D3F83021D3F83431072A05D1023B032B71
:103D940002D8024AD05C704700207047DDA10000C1
:103DA40008B5FFF7EBFF58B1644BD3F8202A3AB9B2
:103DB4000D21C3F8201A0121C3F81C19C3F81C29CA
:103DC4000022D30003F57F03D3F80013013107D099
:103DD400D3F800130132D3F80433202A0B60F0D156
:103DE400FFF7CCFF002840F0A080FFF7C7FF40B1E9
:103DF400534B544AC3F830254FF050230122C3F8E3
:103E040058254FF47F03D3F83021D3F83431072AEF
:103E140009D1023B032B06D84B4AD35C1BB10022C9
:103E24004A4BC3F84C25FFF7A9FF50B14FF050237C
:103E3400D3F80024D10742BF0022C3F81421C3F8E9
:103E440018214FF47F03D3F83021D3F83431072AF3
:103E540009D14FF05023D3F80024D20744BF6FF0A8
:103E64000102C3F80024FFF789FF18B16522334B20
:103E7400C3F80C274FF47F03D3F83021D3F834313F
:103E8400072A16D1314BD3F82034002B11DA4FF026
:103E940050230322C3F8182501229A60D3F8042181
:103EA400002AFBD00022C3F804210122DA60C3F8FF
:103EB40018254FF47F03D3F83021D3F83431072A7F
:103EC40023D1023B032B02D8214AD35CEBB17E22DF
:103ED4001A4B1B49C3F80C27C3F83C297F231D4AFE
:103EE400C2F818310023C1F8043EC1F8083E01F5B8
:103EF4004821C1F81031C2F82431C2F82C3102F53E
:103F0400FF1202F58052C2F8A032134AD2F88C3064
:103F140043F44063C2F88C30104A114B1168C3F863
:103F24004415D269C3F84C2508BD2922034BC3F8B4
:103F34000C270322C3F83C2757E700BF004000507A
:103F4400009003504400EFBED9A1000000200350AC
:103F5400D5A100000020005000ED00E00080FF002B
:103F64000060005030B50468ACB1B4FA84F30122A7
:103F7400C3F11F03DBB29A4024EA0202D0E8EF5FE8
:103F8400A54204D1C0E8EC2FBCF1000FF6D1EAD170
:103F940002480B7030BD0248FCE700BF0000AD0BC7
:103FA4000200AD0B10B50368CB40DB0710D401232E
:103FB4008B40026843EA0201D0E8EF4F944204D1F7
:103FC400C0E8EC1FBCF1000FF6D1F2D1014810BDDE
:103FD4000148FCE70000AD0B0400AD0B014BC3F836
:103FE40004057047007001500146014800F044B9CF
:103FF400E80100200328F7B506462ED84FF05021DB
:10400400364B374A33F81000925DC1F80803002597
:104014000A44012142F210744FF05027314B1160D1
:1040240033F816308E4203F150231D601B688DF85F
:10403400071008BF0DF10705022E32D0032E40D021
:10404400012E1CD0D7F8183403F480333DB923B1C2
:10405400012004F012F9013CF0D103B0F0BDD7F80F
:10406400182402F003022A70002BF6D09DF80700F2
:104074000128F2D104F001F9013CDDD1EDE7D7F8D4
:104084000C3403F480333DB9002BE6D0012004F056
:10409400F4F8013CF3D1E0E7D7F80C2402F0010274
:1040A400E1E7D7F85C3403F480333DB9002BD4D076
:1040B400012004F0E2F8013CF3D1CEE7D7F85C2408
:1040C400ECE7D7F85434DB03C7D5002DCED101205B
:1040D40004F0D3F8013CF4D1BFE700BF3C9F0000DB
:1040E400E1A10000349F0000044B1A7922B9012297
:1040F40018601A710248704702487047A40C0020E7
:104104000000AD0B0C00AD0B08B50A4B1B6833B1B6
:104114000520FCF789FF10B90520FCF763FF4FF079
:1041240050230122C3F81825C3F81425C3F88025A9
:1041340008BD00BFA40C002010B5032845D8DFE853
:1041440000F01802554F00224FF480730121002023
:1041540003F1502318601C68012402F150221460FA
:10416400284A1268002A47D04FF05023C3F804139A
:104174002BE04FF05023D3F81814D3F81824C903B4
:1041840012D502F00303022B05D0012B02D000202C
:10419400FFF730FF01234FF050220221C2F81835F7
:1041A40008224FF48273D2E7D3F81424D207F1D54E
:1041B400D3F81C2402F00302013A012AE7D8114A79
:1041C40012681AB10222C3F8042310BDD3F80421E3
:1041D400002AFBD00022C3F80421D3F80431F4E709
:1041E40018224FF490734FF48071B0E720224FF4FB
:1041F40092734FF40071AAE71A68002AFCD0186081
:104204001B68E2E7A40C0020F8B54FF05023012509
:104214000026D3F80443174F04B9F8BDB4FA84F068
:10422400C0F11F00830003F580739BB203F1502398
:1042340005FA00F2196892B224EA02040029EBD0CC
:104244001E601B684FF05023022AC3F808230DD1C7
:10425400D3F81814D3F8181401F00301012905D177
:10426400C3F81825C3F804239960D5E73B68C0B2A6
:104274009847D1E7A40C00200079024B03EB00100F
:10428400FFF770BEF0010020036803F01F025B0912
:10429400026004D0012B034818BF00207047024875
:1042A400704700BF0028845000258450034A430906
:1042B400D35C00F01F001844C0B27047E5A10000B1
:1042C40070B50546FFF7F2FF0C4C083034F8103097
:1042D4000E46DA0508D5C3F3432304EBC30228468C
:1042E40054F8333052689847A3682BB131462846B6
:1042F400E268BDE87040184770BD00BF00020020AE
:1043040008B5FFF7D3FF034B083033F81000400B18
:1043140008BD00BF0002002008B5FFF7C7FF034B2C
:10432400083033F81000C0F3400008BD000200203C
:1043340008B5FFF7BBFF034B083033F81000C0F398
:10434400401008BD00020020034611F0010010B522
:10435400CCB20BD1A207C4F340000DD5074A106AB2
:1043640058601062003818BF012005E004490A6A49
:104374001A600A62002AEDD010BD00BF00288450E4
:104384000025845010B5FFF791FF124A083032F827
:104394001030D9051CD5C3F3432123F4F85322F874
:1043A4001030002002F10E0434F8023F13F4807F31
:1043B40003D0C3F3432399420AD001303028F3D108
:1043C400002342F831300448BDE81040FFF7EABD4D
:1043D40010BD00BF0002002078020020F0B50546A1
:1043E40000200126044607468C420BD1114BD3F81A
:1043F4007C2132B10022C3F87C21D3F87C3140F017
:104404000040F0BDE3B29B0003F580729B0806FAFE
:1044140003F31D420BD002F1A04202F55042D2F840
:1044240000C0BCF1000F02D01760126818430134B9
:10443400DAE700BF00D00050F7B506460846FFF79C
:1044440035FF1A4F00F1080537F815300C46DB0725
:104454002AD5304603F07EFF2046FFF769FF58B1A6
:104464002046FFF74DFF0022316800B201EB8003C4
:10447400C3F81025C3F810252046FFF783FF002357
:1044840001A827F815300194FFF7FEFE019B00EB0D
:104494008300D0F80022064B134043F00203C0F817
:1044A4000032044803B0F0BD0348FBE700020020DB
:1044B400F0F0FCFF0000AD0B0400AD0B2DE9F04360
:1044C4001646804685B00846FFF7F0FE0D46316873
:1044D400044609B32846FFF71FFF18B12846FFF723
:1044E40027FF10BB00230DF10F02CDE900338DF837
:1044F4000E308DF80F3028460B460DF10E0103F0F7
:10450400D1FE484A04F1080132F8113023F00203C5
:1045140043F0010322F8113073687BB328461F78F7
:104524005968FFF7F9FE10B1E9B13F4829E03D4A67
:1045340004F1080032F8103023F02003DB04DB0C14
:1045440022F8103079B1032FEFD87168D1F804E064
:10455400D8F800109EF800C001EB8C01A7B9C1F88F
:104564001075C1F810752F4A04F1080132F81130A2
:1045740023F01C0343EA870322F81130B3683BBBE2
:104584002A4805B0BDE8F083D1F810E543EA4C337E
:104594002EF0030EC1F810E5D8F8001043F0200304
:1045A40001EB8C0EDEF8101522F8103021F44F3197
:1045B40021F44071CEF810152902DEF8108501F4BB
:1045C4007C5141EA074141EA0801CEF81015CAE7D7
:1045D4002846D3E90067FFF7D5FE002ED0D0114D51
:1045E400D5E90023964203D19F4201D1002209E07C
:1045F4000F480DF10F01FFF7B5FC0C4B9842C0D1E9
:104604009DF80F2005EBC20308345F6035F81430C1
:1046140045F8326043EA422343F4807325F81430AA
:10462400AEE700BF000200200400AD0B0000AD0B9C
:10463400780200202DE9F0430C46804685B02046E0
:1046440011461D46FFF732FE064629B32046FFF702
:1046540063FE18B92046FFF76BFE18BB334F06F113
:10466400080937F8193013F01C0F02D04B78012BCE
:1046740018D001238DF80F3000234A1CCDE9001314
:1046840020468B1C0DF10F0103F00CFE37F8193096
:1046940043F0030327F81930002D44D02046FFF7D8
:1046A4003BFE18B9224805B0BDE8F083002295F816
:1046B40000C0D8F800301D4F03EB8C03C3F810255D
:1046C400C3F8102506F1080237F812104FEA8C0ED1
:1046D40021F02001C904C90C27F812106E7816B312
:1046E400D8F80000AD787044D0F81035360423F4BF
:1046F400991323F4F853C0F81035230203F47C53C0
:1047040006F440362D05D0F810E5334305F4801542
:104714002B4341EA4C3143EA0E0341F02001C0F837
:10472400103527F812100348BDE700BF000200202F
:104734000400AD0B0000AD0B014BC3E9021270473E
:104744000002002010B508461446FFF7F1FD50B1F1
:104754000846FFF7ABFD054B083033F8103004482A
:104764005B0B237010BD0348FCE700BF0002002070
:104774000000AD0B0400AD0B70B5154D064695F861
:1047840080401CBB2146602205F1100005F000F8B2
:10479400214630682E6F8E420ED10023C0F87C3142
:1047A400D0F87C3140F30730FCF71CFC01230948A6
:1047B40085F88030AB6770BDCBB29B0003F5807287
:1047C4007C2B04BF845083580131E4E70248F2E7AC
:1047D400000200200000AD0B0C00AD0B034B93F85E
:1047E4008000003818BF0120704700BF000200207D
:1047F4000148FFF7D7BB00BF740200200148FFF750
:10480400B1BB00BF7402002073B503681646D3F829
:1048140004230546002AA8BF4FF000420846A8BF5B
:10482400C3F804230C46FFF783FD00B30846FFF7E3
:1048340073FD0146D8B92046FFF762FD04B2A40017
:104844000346286804F580728150296882582144FF
:10485400D1F8102542F00102C1F810252EB1012231
:10486400296802FA03F3C1F8043302B070BD20468C
:10487400FFF71CFD0E4B083033F81030C3F38203EE
:10488400042B11D0052B11D001A80194FFF7FCFCD7
:10489400019A0369D34003F00103991C204602B036
:1048A400BDE8704003F047BD0321F7E70221F5E7B7
:1048B400000200202DE9F04F674BDFF8A091D3F8F8
:1048C4000403D9F87010C0B289B040F00040FFF77B
:1048D40085FD051E2EDACA4600235AF87C1F06A859
:1048E400CDE90633FFF730FD4FF0000B5C4B0DF1C3
:1048F40018080193019A12F8013B0192DA081AF898
:10490400022003F0070322FA03F3DA071BD408F1A9
:104914000408BBF1000F13D000214FF00040FFF753
:104924005DFDD9F87C1006A8FFF70EFD0028DBD149
:1049340025F000450124002D76D109B0BDE8F08FA3
:104944004FF0010BD6E7474B5B440293D8F80010B5
:104954000029DCD091FAA1F1B1FA81F1029B1C7813
:1049640041EA44142046FFF7A1FC083039F81070DE
:10497400C808BB080393012318F8002001F00701BD
:1049840003FA01F122EA010208F8002005A80594BF
:10499400FFF77AFC059A039B803250F82220C7F374
:1049A40082065B073746C2F3014222D520463946C8
:1049B400D6B2FFF785FC05A80594FFF765FC059BB7
:1049C400803350F82330C3F301439E4207D10021C2
:1049D400204603F0B0FC3146204603F0ACFC05A8A9
:1049E4000594FFF751FC0122059B02FA03F30362CD
:1049F400ACE7022A0CD10321204603F09CFC06F00C
:104A04000503012BEBD139462046FFF759FCE6E7B5
:104A140002212046039203F08EFC032EF3D0039A66
:104A2400032ADCD1022EEDE795FAA5F3B3FA83F35A
:104A340004FA03F29B0003F1A04303F55043D3F8B7
:104A44001005D3F81015C0F30520C1F3014125EA80
:104A54000205FFF735FC6EE700D00050000200208D
:104A6400F5A10000F5A1000070B5084C0E462379AD
:104A7400154643B92A20FCF7B5FA012304482371EB
:104A84002660A56070BD0348FCE700BFAC0C0020A5
:104A94000000AD0B0C00AD0B002330B50D4A50F8EF
:104AA400234003F5A2710133102B42F82140F6D1C3
:104AB4000023084A00F13C0103F5B27451F8045F85
:104AC4000133102B42F82450F6D1D0F88030C2F8CC
:104AD400043330BD00A002500123024A8340C2F8CF
:104AE4000433704700A002500123024A8340C2F8F5
:104AF4000833704700A00250F8B5012600270B4B7D
:104B04000B4DD3F80C4304B9F8BD94FAA4F0B0FAF1
:104B140080F006FA00F324EA0304064B82009F5057
:104B24002B68002BEFD0A9689847ECE700A002504F
:104B3400AC0C002000A102502DE9F0410E461746AE
:104B44000C4D55F81C4FAC4203D16FF01200BDE878
:104B5400F081314654F8440CA4F14408FBF7F8FA08
:104B640030B9C7F800804046BDE8F04103F0EABC24
:104B74002468E8E7B80C002010B5D0E909124A60AF
:104B8400416A00F124031160C0E909334368044613
:104B940003B19847054A936833B11279062A03D9B9
:104BA4000720226802499847002010BDB80C002055
:104BB400F7A100002DE9F04107460D460B4E56F8CB
:104BC4000C4FB44202D16FF001000AE0394654F8A8
:104BD400240CA4F12408FBF7BBFA20B91DB1C5F8D5
:104BE4000080BDE8F0812468EBE700BFB80C00202A
:104BF40038B5044600B30068F0B10378E3B100218E
:104C0400FFF7D8FFD8B104F11C03C4E907330D4BF7
:104C140004F12402196903F10C00A16260621A61B3
:104C24000A609D6835B11B79062B03D907202268D9
:104C34000549A847002038BD6FF01500FBE76FF069
:104C44001000F8E7B80C0020F9A1000038B5114CA9
:104C54000546216819B100200131216038BD2422A4
:104C6400204604F095FD2B682846A3602B79237118
:104C740004F10C03C4E9033304F11403C4E9053358
:104C840004F11C03C4E9073300F018F80028E5D147
:104C94002168E0E7B80C002038B5074D2C68013CCA
:104CA4002C6044B900F012F821462846BDE838408B
:104CB400242204F06DBD38BDB80C002008B50248AC
:104CC400FFF796FF002008BD840200200148FFF78B
:104CD40053BF00BF840200200EB4431E062B33B51D
:104CE40088BF0020094B05AC54F8045B53F820102E
:104CF400074802F052FB214628460194FBF760FB6B
:104D040002B0BDE8304003B0704700BFF09E000021
:104D140014A2000010B50A46044619B1024B002142
:104D24001B68984710BD00BFB002002037B50D4D79
:104D34000C466B78022B12D12B78072B0FD1002352
:104D44000A460193014601AB281D03F005FC20B976
:104D5400019BA34218BF6FF0930003B030BD6FF006
:104D64008800FAE7DC0C002010B5114C23785807B2
:104D740044BF23F0040323702378990705D500F07A
:104D840059F8237823F00203237063781BB10023BE
:104D9400084A636053600023082106486370FFF7E4
:104DA400B9FF2378DA0744BF23F00103237010BD51
:104DB400DC0C0020E00C002038B5184C6278237815
:104DC400022A01D1072B09D09B070AD52378DD07D6
:104DD40013D562782378A2B158071AD5002528463E
:104DE40038BD00F01FF82378054643F00203237012
:104DF4000028EBD0FFF7B8FFF1E743F0010323707D
:104E0400E7E7D907E8D5064962604A600222627082
:104E1400E2E743F004032370E0E700BFDC0C00206A
:104E2400E00C00200122024B002083F8402470474C
:104E3400E80C00202DE9F0410A4C002526464FF0ED
:104E4400010803272046C4F81C802776013503F0A7
:104E54009EFB102D04F14404F4D1002386F8403461
:104E6400BDE8F081E80C00202DE9F04F87B017462B
:104E74009B460446DDF840A000284BD0056A35B1B6
:104E84002D6825B1AC4607B0BDE8F04F6047E36A32
:104E94009F4242D80026BE4203D1002007B0BDE89D
:104EA400F08F182303FB06F8D4F83090A26909EBBD
:104EB40008052B1D0593CAB9686969680368B5F8C4
:104EC4000CC0C91AAB680CF1030E5D1E05EB0C1582
:104ED4005B4205EB4E051D4005EBCC0385680633AC
:104EE400A94228BF4FF0FF3103F0F9FA59F808300E
:104EF40020460293236AB1B29B6A01935AF8263082
:104F040000935BF82620059B03F07CFB0028C5D1A9
:104F14000136C0E76FF01500C0E70148BEE700BFE7
:104F240040F4FFFF10B5044690B1028D43899A42C4
:104F340009D0084A936833B11279032A03D9426825
:104F44000549042098472046BDE8104004F00CBCF5
:104F540010BD00BFB80C0020AFA2000030B54489DA
:104F64008C4212D9436A013C5D882C4003EBC40394
:104F740059609A60BFF35B8F426A53880133538050
:104F8400438D01334385002030BD0148FCE700BF59
:104F940041F4FFFF70B4039E144660B1006A50B13F
:104FA4004BB1013407D0002E05DBD0F8844014B196
:104FB400A44670BC6047014870BC70472DF8FFFFE1
:104FC40070B4039E144660B1006A50B14BB1013411
:104FD40007D0002E05DBD0F8944014B1A44670BC71
:104FE4006047014870BC70472DF8FFFF2DE9FF476B
:104FF400DDF834800E4691469A460546002876D060
:10500400002974D0B8F1000F71D001F1640738465B
:1050140003F088FCBAF1FF3F49D1346E06F1500227
:1050240004F18000844204F01F0C07D2C4F3411140
:1050340052F8211021FA0CF1C90736D4012104F0E9
:105044007F04600952F8203004F5806A01FA0CF1FB
:1050540004F201440B4304F07F0442F82030346628
:105064006B6C4A4603930E9B2946CDE901830C9B46
:1050740030460093534603F004FD384600F08AFCA2
:105084002C7874B196F8A4405CB1AB6A013330D18A
:105094000021284603F085FC044610B1284603F09D
:1050A40056FC204604B0BDE8F0870134BAE7BAF5EF
:1050B400806FD5D3AAF580637F2B06F150010FD8FA
:1050C400580951F8204003F01F0324FA03F2D207D1
:1050D4000BD4012202FA03F3234341F82030BFE743
:1050E400054C384600F056FCDBE7044CF9E7024C6B
:1050F400D7E70024D5E700BF2DF8FFFF29F8FFFF0D
:1051040008B583681A0C0AD1094A93682BB112793D
:10511400022A02D9032007499847002008BDA3F5B5
:10512400803383601B0C0CBF01200020F6E700BF16
:10513400B80C0020D1A2000038B50446E0B100F15B
:105144006405284603F0EEFCD4F8B4309B6953B9E7
:10515400D4F8A840103C002C00DC084C284603F08E
:10516400DFFC204638BD012BF7D1D4F8BC0003F096
:10517400C1FBA0F11004EEE7014CF2E72EF8FFFFAB
:105184002DF8FFFF38B50446E0B100F16405284668
:1051940003F0C8FCD4F8B4309B6953B9D4F8AC40DC
:1051A400103C002C00DC084C284603F0B9FC2046D7
:1051B40038BD012BF7D1D4F8B80003F09BFBA0F164
:1051C4001004EEE7014CF2E72EF8FFFF2DF8FFFF85
:1051D4002DE9F04385B00F46904603A90D9A054684
:1051E400994603F060FE0446E0B10C9E039BD5F89B
:1051F400C0009E42A8BF1E460168D0F808C0611ACC
:1052040033464A46614528BF4FF0FF3103F02DF97C
:105214002346424639462846009603F0E4FD05B08D
:10522400BDE8F0830048FAE72EF8FFFF2DE9F047C8
:105234008AB00D46DDE9129716469846044620B911
:10524400954E30460AB0BDE8F0870029F8D0002B0F
:10525400F6D00021A822C0F8D01004F099FA012257
:1052640004F16400114604F022F88C4BC4F8B450E5
:10527400E667AC62C4F88430894BC4F88830894B43
:10528400C4F88C30884BC4F89030884BC4F8943000
:10529400874BC4F89830874BC4F89C30864BC4F8CD
:1052A400A030AB693BB9002FCAD097E8070004F1DE
:1052B400A80383E80700AB69012B04D02B6A03BB66
:1052C4006FF00506BDE7D4F8B400002800F0E080D4
:1052D400036A002BF4D09B68002BF1D09847420658
:1052E4000CD50021D4F8B40003F00AFC06460028CB
:1052F400A7D10021212004F0E9F8E4E74307F8D519
:10530400DCE71B69002BDBD028469847AB69012BEF
:1053140004BF0023286100F0010008BF6B6184F81A
:10532400A400AB69DBB93B7A002B00F0838009F160
:105334000C03C4F8C430B9F1000F81D0D9F80820A7
:10534400002A00F0A3809B68002B00F09F805B4B39
:1053540004935B4B05935B4B06935B4B0793AB69E1
:10536400012B07D1564B0493544B0593564B06938C
:10537400544B0793002104F1C803C4E9323306AB4C
:10538400C4F8C080022200932846019104ABFFF7C1
:105394006BFD064600287FF454AFAB693BB92B6B19
:1053A4001B68C4F8B8302B6B9B69C4F8BC30AB697C
:1053B400012B07D12B6B9B69C4F8B8302B6B1B688E
:1053C400C4F8BC30D4F8BC0003F02FFA2B6B1B6874
:1053D400C3F82C802B6B9B69C3F82C80D5F818A0DC
:1053E400BAF1000F07D1D4F8AC300993D4F8B8302F
:1053F4005B89534520D894F8A430C4E9004463B1D0
:1054040000230293314B204601933523304A039401
:10541400009304F1080103F034FBAB69002B7FF423
:1054240010AF0421284603F06BFB074600283FF425
:1054340008AF26E04B467CE74846D4F8AC1003F0AE
:1054440023FD0746E0B1D8F800100890411AD8F8B7
:1054540008000022814228BF4FF0FF31D4F8AC305D
:10546400404603F03CF8009701230022D4F8B8002A
:1054740008A903F0F4F8074618B90AF1010AB5E7D8
:10548400144F284603F035FB3E46DAE6114ED8E6C3
:105494006FF01506D5E600BF2DF8FFFFD5510000CB
:1054A4007D8B0000EB8C0000AB8E0000EB8D0000C8
:1054B400358B0000895100003D510000F2A200002C
:1054C400F8A200001F8D0000238B0000A18B0000B8
:1054D400FEA200002EF8FFFFF0B505460E46174663
:1054E40087B0074A03AC07CA84E807000C9A314620
:1054F400009228463A460194FFF798FE07B0F0BDA3
:10550400189D000038B5EFF31185202383F312882A
:10551400BFF36F8F064B9C6803F0BEFD85F31188C3
:10552400BFF36F8F2046BDE83840FBF703BD00BFD3
:105534002C11002038B50A4B53F82040013053F8A1
:105544002050A54200D838BD606830B1037FDB0726
:1055540001D403F0A4FD0834F3E723689847FAE77D
:10556400109F0000012270B52A4B032086B01A70E8
:10557400FFF7E0FFFCF760F901F02AFA0420FFF7D7
:10558400D9FF254C254D2646AE4204F1300410D3F4
:1055940000F044FE204C224EAC4226D300F052FED2
:1055A400FAF792FE1F4A137B23F00103137306B02C
:1055B40070BD54F80C3C059354F8103C049354F813
:1055C400143C039354F8183C029354F81C3C019384
:1055D40054F8203C009354E90A2354E90C0100F0E8
:1055E4000FFC54F8303C5E65CDE7D4E90A23B3F1EF
:1055F400FF3F08BFB2F1FF3F05D052EA0301206824
:1056040003D100F0DBFE3034C6E73146183001F038
:105614007DF8F8E766110020909C0000909C000043
:10562400939400007008002008B50348034A002141
:10563400121A03F04BFD08BDA803002068110020D6
:105644000023012270B586B0CDE904230F22019313
:10565400CDE9023214234FF4A0720E4D0E4E03FB1B
:1056640000550E4906EBC016044602FB00110C4B14
:105674003046009500F0C4FB737B2C7423F00403C4
:105684007373084B013403EBC423EE606B6006B004
:1056940070BD00BF2C110020F0070020182200204C
:1056A40021910000181A0020BFB50020FFF742FF27
:1056B4002A4B03F5006282F3088883F30A880024E6
:1056C400E023274D274F85F82230EC772C766C7633
:1056D400AC7685F820406B6A43F4E0236B6285F86E
:1056E4002340FBF7F1FBFBF729FD4FF0FF33AB62DF
:1056F400EB62FBF7AFFEFBF745FD1B4800F0EAFB4E
:1057040003F0B6FCFCF77AF80120FFF713FF022040
:10571400164DFFF70FFF00F0C9FD154B15495D61EC
:10572400154B4FF40062059301232846CDE903434A
:10573400CDE901443B46009400F062FB06466A7BD7
:10574400284622F004026A7303F064FE2046FFF741
:1057540077FF3A4631462846FBF7D0FC181A00205A
:1057640000ED00E069550000900900207008002059
:105774002C1100205823002001A3000038B5064C4A
:10578400064DAC4201D3002038BD2046D4E90112B5
:1057940003F0A0FC1434F4E7D0020020E40200205B
:1057A4002DE9F341044617461E46EFF311882023E2
:1057B40083F31288BFF36F8FC368334A7BB1806869
:1057C4009168884219D057EA060318D188F31188E2
:1057D400BFF36F8F6FF00F0002B0BDE8F0819168E6
:1057E40091F90E100133E36093682161A36088F39B
:1057F4001188BFF36F8F0020EEE72169F2E791F97A
:105804000E1090F90E306FF07E029942A8BF19462F
:105814009142B8BF11468B422DDD03F08AFC054648
:1058240022464146CDE90076184800F03DFC0028A8
:10583400E1D0EFF31186202383F31288BFF36F8F37
:10584400A068D0B1236821699C420AD04BB193F976
:105854000E309942A8BF19466FF07E039942B8BF33
:10586400194603F066FC40B13146084800F0B0FC2C
:105874006FF00A00B0E70025D2E7002DF4D186F3DB
:105884001188BFF36F8FF3E72C11002067110020FC
:10589400F8B583680546002B3FD0234A92689342AB
:1058A4003ED1C368012B03D9013BC3600020F8BD7E
:1058B400EFF31187202383F31288BFF36F8F0169FD
:1058C400806803F036FC2C68A54207D10023C5E9A3
:1058D400023387F31188BFF36F8FE7E7002CF5D00D
:1058E400D4E90032002613605A60637BC4E9006681
:1058F40023F002036373A66004F1180003F046FE6C
:10590400AC6094F90E3020462B61E66703F082FD0B
:105914003946064800F05CFCC8E76FF01500C6E79E
:105924004FF0FF30C3E700BF2C11002067110020A7
:1059340037B51146EFF31185202282F31288BFF3A5
:105944006F8F04689CB12368426823F00303944278
:10595400036008BF43600121204603F077FC04463E
:1059640085F31188BFF36F8F204603B030BD51EA31
:105974000302F5D000F10802CDE9001310462946D0
:1059840000F092FB0028EFD1014B9B681C69EBE708
:105994002C11002070B5EFF31186202383F31288B5
:1059A400BFF36F8F0468A0421AD0CCB1D4E900329F
:1059B400002513605A60637BC4E9005523F0020399
:1059C4006373A56004F1180003F0E0FD2046E56769
:1059D40003F020FD3146BDE870400A4800F0F8BBF2
:1059E400D0E902329A4218BF013302218360103099
:1059F40003F083FE0028EDD186F31188BFF36F8F87
:105A040070BD00BF6711002013B5EFF3118120248E
:105A140084F31288BFF36F8F846844B1013C8460BF
:105A240081F31188BFF36F8F002002B010BD52EADA
:105A3400030406D181F31188BFF36F8F6FF00F0059
:105A4400F3E7CDE900230246014800F02DFBECE723
:105A54006711002007B5074B4FF400620093064915
:105A64004FF0FF33054800F04FF9002003B05DF814
:105A740004FB00BF289F0000582B0020F0080020E2
:105A84002DE9FF41044620274E4EEFF3118887F39A
:105A94001288BFF36F8FD4F88450F5B9022104F152
:105AA4009C0003F014FC002868D004F19405002243
:105AB4000121284603F031FD0028F8D100234FF0DE
:105AC400FF3202934FF0FF334146CDE900233E48B5
:105AD40004F18C0200F038FDD7E7D4F888202B6855
:105AE4009542C4F8843008BFC4F88830D4F89C3098
:105AF40043F00203C4F89C30EB6823F0040343F042
:105B04000103EB606B6888F31188BFF36F8F28463D
:105B14009847EFF3118887F31288BFF36F8FEB6810
:105B2400D80623F0010236D4EA60EB689A0716D54A
:105B3400306823F00203EB6088B10021036870B180
:105B44004268954235D1036869BB7268336082420A
:105B540000D17360002340F8083BFFF71BFFD4F823
:105B64009C3023F00203C4F89C3088F31188BFF3FF
:105B74006F8FDB0589D400F0A1FB86E7D4F89C3055
:105B8400D9069BD5C4F89C0088F31188BFF36F8FA6
:105B940004B0BDE8F08123F01103EB6005F11000BF
:105BA400FFF7F8FEC1E70B607368834208BF7160BA
:105BB400D0E723B11A68014618461346BFE71A46D0
:105BC400F9E700BF4C11002067110020F8B5C36845
:105BD40004469A070F46C3F340062ED45B071CD431
:105BE4000B680BB983680B60E368DD0742BFA368E9
:105BF40002263B603D6858BF0126002D3CD0204B57
:105C04009A68D5F880309A420AD0D5F89C30D807E3
:105C1400C3F3800214D46FF0120600233B6025E026
:105C240003F0B5FBD5F89C300028F0D1D907C3F3B5
:105C3400C002F0D552B15B0708D46FF00F06ECE751
:105C4400002AFAD1C3F3C003002BF6D1002323604A
:105C5400D5F8883063B9C5E92144284603F043FBED
:105C6400E36843F00403E3603B68A3603046F8BD97
:105C74001C60C5F88840F0E76FF01506CDE700BF5B
:105C84002C110020F8B5C368064603F00503002B69
:105C94000C4614BF012700271CD08568012200216F
:105CA40004F1100003F003FB2046134903F022FB28
:105CB400E36843F01003E360F3685B0712D53368CD
:105CC40023606BB9D5F8883033B9C5E92144284637
:105CD40003F009FB3846F8BD1C60C5F88840F6E7B8
:105CE4003460F4E7D5F884302360D5F88830C5F8FB
:105CF4008440002BEBD1F0E7E99200000146014813
:105D040003F014BBF0080020F0B50446002089B06D
:105D1400C4E921000E9D04F18C00C4E9230004F1C0
:105D24009400C4E9250055B32879002840F20110F5
:105D340008BF0120C4F89C0000204FF0FF364FF04C
:105D4400FF37CDE90330CDE90100CDE906672046F0
:105D54000C4B009400F092F855B1296811B120461B
:105D640003F01BFB6B791BB1237B43F0010323730B
:105D7400204600F023FBC4F8804009B0F0BD0120A8
:105D8400D8E700BF855A000030B50A46044685B0FE
:105D9400EFF31185202383F31288BFF36F8FD0F8BC
:105DA4009C3013F0060F1DD1B1B143F00C03C4F8BD
:105DB4009C30204603F097FA00234FF0FF32029301
:105DC4004FF0FF332946CDE900230C4804F1940237
:105DD40000F0BAFB05B030BDD0F8840048B143F000
:105DE4000403E4E743F00401C0F89C10002AE0D067
:105DF400DBE785F31188BFF36F8FEBE767110020B2
:105E04002DE9F043984685B000F15803C0E91633F4
:105E1400109B002603730423073222F00705437303
:105E24000F9B01EB05090F4683734946C0E90666DB
:105E34008660C6730446FAF7E5FE0E9B073020F031
:105E44000700E066C4E9197502930D9BA9EB0009EC
:105E540001930C9B4A460093394643462046FBF780
:105E640031F9054B66659B6803B11B6F4846236790
:105E740005B0BDE8F08300BF2C110020F0B500256B
:105E840087B00595109DDDE9127604950F9D0446B3
:105E940003950E9D02950D9D01950C9D0095FFF7B0
:105EA400AFFFB6F1FF3F08BFB7F1FF3F05D056EA99
:105EB400070305D1204600F081FA204607B0F0BD63
:105EC4003A46334604F11800014900F01FFCF4E798
:105ED4009394000040F201138381002310B504461B
:105EE400C0E9193300F066FD014B9C6010BD00BF92
:105EF4002C1100206FF00A01084A9368D9670849F9
:105F040098674B6843F080534B60002383F31188F8
:105F1400BFF36F8F9368D86F704700BF2C110020B8
:105F240000ED00E070B590F90D20437B002A36DBCC
:105F3400D90634D11B4C63F07F032246437352F8D5
:105F4400183FE169934207D1C0E900210860E0618C
:105F540011E09942F8D01B68002BF5D090F90E504F
:105F640093F90E60B542F4D0AE42F2DD5968C0E94F
:105F7400003108605860A569954200D005B9E5680C
:105F8400A3685A7BD20604D1DA897F2A01D9AA6987
:105F940032B1AB4202D0284600F016FB656170BDF9
:105FA4006361FCE72C11002038B590F90D200146FF
:105FB400002A437B04DA03F07F03437303F0F0F910
:105FC4000D4D2A4652F8184FAB68944200D004B9DC
:105FD400EC688B4207D05A7BD20604D1DA897F2A37
:105FE40001D9A2692AB1A34202D0204600F0ECFAFA
:105FF40023466B6138BD00BF2C110020B3F1FF3F75
:1060040008BFB2F1FF3F03D00249183000F07EBB55
:10601400704700BF9394000070B590F90D200146BD
:10602400002A437B04DA03F07F03437303F0B8F9D7
:106034001C4C4B7B224663F07F034B7352F8183F92
:10604400E069934207D1C1E900200160E16111E0F8
:106054009842F8D01B68002BF5D091F90E5093F9B3
:106064000E60B542F4D0AE42F2DD5868C1E90030AA
:1060740001605960A569A368954200D005B9E56837
:106084008B4207D05A7BD20604D1DA897F2A01D900
:10609400AA692AB1AB4202D0284600F095FA2B46F1
:1060A400636170BD2C110020F8B5DDE906670D4B66
:1060B4000C46986811460C4A1060EFF311822022B6
:1060C40082F31288BFF36F8F9D68284603F07AF934
:1060D400284632463B46FFF791FF2046BDE8F8408C
:1060E400FFF708BF2C11002054110020F8B5044616
:1060F400EFF31187202383F31288BFF36F8F437B61
:1061040049B203F01F02002A0CBF0126002639D130
:1061140003F07F032D4D437303F042F92A46437B7A
:10612400817363F07F03437352F8183F934227D17E
:10613400E869C4E900200460EC610FE09842F8D0FB
:106144001B68002BF5D093F90EC06145F6D08C4541
:10615400F4DD5968C4E900310C605C60AC699442B8
:1061640000D004B9EC68AB689C4202D0204600F031
:106174002BFA6C6187F31188BFF36F8F3046F8BD3B
:10618400E869DEE79B071ED5856803F009F981738A
:106194002B689D4209D16B68C4E900531C606C6094
:1061A400E8E76A689342F6D01B68002BF3D093F9B2
:1061B4000E209142F5D08A42F3DD5A68C4E90032D8
:1061C40014605C60D6E78173D4E700BF2C11002013
:1061D40049B9EFF3058030B9054B5A699B689A4277
:1061E40001D0FFF787BE81F31188BFF36F8F70472B
:1061F4002C110020034648B9EFF3058232B9064A50
:1062040051699268914201D0FFF774BE83F31188FB
:10621400BFF36F8F704700BF2C110020EFF3118183
:10622400202383F31288BFF36F8F054B9A68D37BC7
:10623400013BD37381F31188BFF36F8F704700BFA5
:106244002C11002070B5EFF31186202383F31288FC
:10625400BFF36F8F144DAB68DA7B0132DA732A46D1
:1062640052F8184F944200D004B9EC685A7BD20615
:1062740004D1DA897F2A01D9A2692AB1A34202D0C2
:10628400204600F0A1F923466B6186F31188BFF321
:106294006F8FEFF31180202383F31288BFF36F8F86
:1062A400BDE87040FFF7A6BF2C110020024B03F19C
:1062B4001802C3E9062270472C11002070B5EFF3D1
:1062C4001186202383F31288BFF36F8F1B4CA168C0
:1062D400E0690B68814214BF1A46002249680B60CA
:1062E4005960A368E1692AB9154AC3E900210B6022
:1062F400E3610CE093F90E0092F90E50A84218D015
:10630400854216DD5168C3E900210B605360A5691D
:106314000B4B9D4200D005B9E568A3689D4202D0AD
:10632400284600F051F965613046BDE87040FFF73A
:10633400E1BD8A42D8D01268D5E700BF2C110020F5
:1063440044110020F8B550EA010306460C4603D177
:10635400FFF7B4FF0020F8BDEFF31187202383F388
:106364001288BFF36F8F124D124BA8681860FFF7A5
:106374001BFEA868234632460F49183000F0C6F9C0
:10638400AA680446537B384643F004035373FFF76B
:10639400B1FDAB68D3E90A23B3F1004F08BF002A6B
:1063A400D8D103F01BF9201A20EAE070D3E700BF2C
:1063B4002C110020541100209394000038B5044699
:1063C400EFF31185202383F31288BFF36F8F437B90
:1063D4005B070FD5183003F0D9F8637B204623F010
:1063E40004036373FFF79EFD2946BDE83840044863
:1063F400FFF7EEBE85F31188BFF36F8F38BD00BF82
:1064040067110020014B9868704700BF2C110020D1
:106414002DE9F8430446077BEFF31185202383F32A
:106424001288BFF36F8F437B190705D585F3118855
:10643400BFF36F8FBDE8F883D90943F008025AD13E
:106444004273A36813B1204602F0B2FF04F11800AE
:1064540003F09CF8A66D04F15808B04511D04FF034
:10646400000976B1304602F0A3FF06F1180003F0EC
:106474008DF83046C6F87C90FFF754FDA66DB04504
:10648400EFD1DFF8B880D8F808309C423BD1EFF365
:106494000589B9F1000918BF4FF00109D8F818604F
:1064A400274A964200D00EB9D8F80C60B34202D005
:1064B400304600F089F8C8F81460B9F1000F02D032
:1064C4002048FFF707FDD8F808309C4231D1EFF39C
:1064D400058373BB227BD20718D42846FFF70AFD35
:1064E400FB07A7D5002383F31188BFF36F8F042321
:1064F400184602DF9EE703F07F0343F0080343736B
:1065040002F04EFF9DE74FF00009C7E785F31188BD
:10651400BFF36F8F83F31188BFF36F8F0423184683
:1065240002DFEFF31180202383F31288BFF36F8F10
:10653400D4E785F31188BFF36F8FD1E72C110020C6
:106544004411002090090020D3B5DDE90667089CBA
:10655400CDE90067FFF7A8FD1CB1034B9B681B69DD
:10656400236002B0D0BD00BF2C1100200122044BD7
:10657400C01A044BC0105843034B1A54704700BF51
:10658400100A0020ABAAAAAA67110020C3897F2B96
:1065940012D80A4B1B6863B1094B90F90E201B6893
:1065A4009A4209DB437BDB0606D1064BC31A18BFAC
:1065B400012303F0010070470023FAE7B40200202E
:1065C40058110020F007002070B50E4B0E4C1E7CB5
:1065D400054606EB460304EBC304204602F0D6FF4F
:1065E40000220A4B28469A55FFF7D0FF48B1084BC2
:1065F4002046BDE870401A680649013AD31700F0F6
:1066040085B870BD2C110020100A002067110020ED
:10661400B40200207165000038B5EFF31185202322
:1066240083F31288BFF36F8F104B114A9C68106874
:10663400A04206D1FFF7C8FF85F31188BFF36F8F1F
:1066440038BD00211B7C11600A4AD35C002BF3D0B7
:106654002046FFF79BFF0028EED0637BDB0602D1C8
:106664002046FFF7D9FC2046E4E700BF2C110020A8
:106674005411002067110020074808B5074A08494B
:10668400121A02F025FDBDE808400648064A0749EB
:10669400121A02F01DBD00BF00000020A803002054
:1066A40048A30000000000200000002048A30000D0
:1066B400024B1868984208BF00207047B8020020B7
:1066C400034B1B680BB9FDF74FBB0020704700BF9D
:1066D4005C11002030B570B10B4B5B6898420AD056
:1066E400036843B1D3E90421D0E90445121941EB0D
:1066F4000501C3E90421D0E9003213605A60002384
:10670400C0E9003330BD00BFB8020020B3F1FF3F41
:1067140008BFB2F1FF3F2DE9F84F044699461546EC
:106724001F467AD08160EFF31188202383F3128807
:10673400BFF36F8FB9F1000FDFF8E4A020DBFFF7A0
:10674400BFFFDAE90027013549F100092D1849EBAB
:10675400E07306464FF00109C4E90453AD1843EB56
:106764000707FFF7A5FF0346DFF8B8E0DEF804A04B
:10677400EBB9C4E900EACAF80040CEF8044028E0C6
:106784006FF00103DAE900125B1A4FF0FF3161EB9D
:1067940002025B1B62EB0902012B72F10001BCBF18
:1067A400012300224FF00009C0E90432D9E7D3E9FC
:1067B400041CD4E904208A4270EB0C0B24DA891AF5
:1067C4005A686CEB0000C3E90410C4E90032146099
:1067D4005C60FFF76DFF84420ED1134B1B685BB9FD
:1067E400B9F1000F02D1FFF76BFF0646304602F005
:1067F400B6FE0021FDF78AFA88F31188BFF36F8F84
:1068040028463946BDE8F88F521A60EB0C009A45C9
:10681400C4E90420ADD01B68AAE700252F46EFE7A2
:10682400280A0020B80200205C1100202DE9F0475E
:10683400EFF31185202383F31288BFF36F8FDFF802
:10684400A0900026C9F800000027FFF731FFDFF809
:106854009480D9F80030D8E900ECD91750B1D0E9C8
:106864000442A34271EB020A1BDAE41A62EB01024E
:10687400C0E90442002413EB0E034CEB0101204653
:10688400C8E90031C9F8004002F069FE2146FDF76D
:106894003DFA85F31188BFF36F8FBDE8F047FFF72A
:1068A400BBBE14EB0E024CEBE473C0E90467C8E909
:1068B4000023FFF70FFF85F31188BFF36F8F836801
:1068C4009847EFF31185202383F31288BFF36F8F6A
:1068D400D9F800301B1BC9F80030FFF7E9FEB8E710
:1068E4005C110020280A002010B5EFF31184202346
:1068F40083F31288BFF36F8FFFF7E2FE0346054A66
:10690400D2E90001181841EBE37184F31188BFF355
:106914006F8F10BD280A002038B50346EFF31185A8
:10692400202282F31288BFF36F8FC160012181603E
:106934000068834206D185F31188BFF36F8F00246A
:10694400204638BDD0E9003213605A600023C0E904
:10695400003302F08FFE294604460248FFF738FC54
:10696400EEE700BF681100202DE9F04105460E4610
:10697400174602F00CFD28B9074B9B681C6F14B92D
:10698400BDE8F081054C3B46324629462046BDE829
:10699400F04102F0D1BE00BF2C110020D002002033
:1069A40002460021014B024802F0C6BEE572000017
:1069B400D0020020014B0367704700BFD0020020C3
:1069C4000146024A0020FFF7CFBF00BFE572000076
:1069D400014800F0E2BC00BF0FA300000CB430B5C6
:1069E4008BB004460D462022002102A802F0D0FEFE
:1069F4000223002D06948DF80A300C4B039312DB0E
:106A040001D06B1E1C440FAA0E9902A80794019290
:106A140000F00EF815B1069B00221A700BB0BDE809
:106A2400304002B070470024EDE700BFCD9800006D
:106A34002DE9F04F43688DB0154680460293837864
:106A44009A0740F10D8100240E78002E00F00A818F
:106A5400252E0BD04B1C0393013441463046029B38
:106A640098470028C0F2F6800399EDE74E788B1C16
:106A7400252E0393F0D00027B946BB46BBF11F0F68
:106A840038D8A6F12003102B0AD8DFE803F02A092E
:106A940009300909092109090928092D09091F00D3
:106AA400A6F13003092B33D92A2E37D11BF0400F1E
:106AB40055F8043B40F08280002BA7BF4BF0200B1D
:106AC4009946C3F100094BF0280B01E04BF0010B90
:106AD400039B13F8016B0393002ECFD130E04BF0EE
:106AE400020B4BF0040BF3E74BF0080BF0E74BF011
:106AF400100BEDE7BBF17F0F19D8A6F13003092B7A
:106B0400D2D81BF0400F03D00A2101FB0737DFE77F
:106B14000A214BF0200B01FB0939D9E72E2E06D1AF
:106B24001BF0400F40F09E804BF0400BD0E76C2EE2
:106B340031D02BD8682E36D06A2E3CD04C2E3AD089
:106B4400002F46F02003B8BF2BF04002A3F16501EB
:106B5400BCBF00271FFA82FB022901D9612B2FD168
:106B640007350727DFF8ACA225F0070508351BF029
:106B7400080F66D00AEB070B56465E4563D1A4EBBB
:106B84000A0AA9EB070906EB0A026FE1742E9FD0EB
:106B94007A2E9DD0D4E71BF0800F18BF4BF4007BF6
:106BA4004BF0800B94E71BF4807F18BF4BF4007B01
:106BB4004BF4807B8CE74BF4207B89E71F4687E707
:106BC400A6F16301122900F2F080DFE811F013004E
:106BD4004F00EE00EE00EE00EE004F00EE00EE007F
:106BE400EE00EE00EE00FE00E900EE00EE001B00F9
:106BF400EE00AF0055F8043B01270DF1180A8DF89B
:106C04001830B4E755F804AB834BBAF1000F08BF52
:106C14009A461BF0400F504614BF39464FF0FF31DF
:106C240002F0F0FD0746A2E741462020029B984768
:106C340000280FDB013EB742F6D34C44B146A41BF7
:106C440098E74E46F7E7414616F8010B029B984732
:106C5400002892DA98F8023043F0040388F80230EE
:106C64004FF0FF3420460DB0BDE8F08F1BF0800FCD
:106C740034D01BF4007F2CD0073525F00705AA4635
:106C840069685AF8080B2BF010050029ADB237DA01
:106C9400404245F4806561EB41010DF1180B0A2374
:106CA4005A4602F0BBFDA0EB0B0301936B0662D5C1
:106CB400019B25F001019F4289B240F3A180002E7F
:106CC40000F0998015F0100240F09C80BB460D4600
:106CD40023E0AA465AF8040BC117D4E7AA461BF4CA
:106CE400807F5AF8041B01D10846F5E71BF4007FA6
:106CF40019BF48B241F3C01108B241F3C031C2E731
:106D040050EA0103C9D11BF0400FC6D0002FC4D1F3
:106D14002BF01102BB46019795B240F2064115EAE9
:106D240001021CBF0BF1010B00222CE02BF010021E
:106D34000A231FFA82FB1BF0800C49D01BF400715C
:106D440015BF0735AA4625F007055AF8040B1EBFE0
:106D5400AA4669685AF8080B50EA010545D12BF098
:106D640016051BF0400FADB242D0002F40D12BF0DE
:106D74001702019795B215F0100248D0019B002E1E
:106D840042D103F1010B29075AD4EB0706D5D945A3
:106D94006FDDA9EB0B030199CB465F185B4649E015
:106DA4004BF0100B10237826C5E7782B04D1C6F1DD
:106DB400780343F01003BEE741462520029B984721
:106DC4000028FFF647AF023447E608230026B2E75F
:106DD400AA461BF480715AF8040BBDD01BF4007151
:106DE4001ABFC0B2614680B2B6E72BF0060295B274
:106DF4000DF1180B54E725F01105BB46ADB28CE735
:106E04000D46B8E73B460D4603F1020BBBE7DDF840
:106E140004B082E73EA3000037A30000CDE90432AA
:106E240041462020029B98470028FFF613AF049B9D
:106E3400059A01339945F1DCA4EB0B019B46CC1870
:106E44000AB341463020029B98470028FFF602AF60
:106E54008EB901342744391B019B994224DC1D4619
:106E640055BB019AA9EB0B0955462244144691449B
:106E740033E0019F92E7023441463046029B984733
:106E84000028E7DAE6E640F206410D42E2D015F0CA
:106E9400020F04F10104414614BF2B20202015F4F5
:106EA400806F18BF2D20E9E741463020029B013452
:106EB40098470028CFDACDE606AB013D4146585D40
:106EC400029B98470028CBDAC4E641462020029B67
:106ED400013498470028FFF6BDAEA9EB0403002B4C
:106EE400F3DCC1E5704710B502780B46083A012A75
:106EF4000FD8447841681F2C28BF1F241846224607
:106F040002F039FC012203460020185583F82020A2
:106F140010BD0120FCE7836800EBC101B3F5004F0D
:106F24002CBF51F8220031F81200704700EBC10168
:106F34008068B0F5004F2CBF41F8223021F81230A0
:106F44007047012208B5FFF7E6FFD04008BD83680B
:106F540000EBC101B3F5004F08D34B681AB143F0FD
:106F640001034B60704723F00103FAE74B881AB121
:106F740043F001034B80704723F00103FAE7530009
:106F84000122FFF7D3BF8368B3F5004F34BF042356
:106F94000823C91A081AC0087047B0F5004F34BF57
:106FA40004230823481C0833A0EBD300B0FA80F074
:106FB400C0F11F0070472DE9F041174603220E4629
:106FC4000446FFF7A8FF8642054607F104080AD1E4
:106FD4000122E368BA4023EA0203E360002344F891
:106FE4002830BDE8F081314602222046FFF793FFA6
:106FF40006462B4601460322204644F82850FFF754
:1070040095FF334629462046BDE8F0410222FFF7AA
:107014008DBF70B50D4686680446FFF792FFB6F53E
:10702400004F014601D3012809D03046FFF7B5FFD0
:10703400294602462046BDE87040FFF7BCBF70BD3C
:107044002DE9F04705468068FFF7A7FF05EB800AA6
:10705400DAF8109088460646B9F1000F1BD00327D2
:10706400DAF8104028462146FFF76BFF404507D366
:10707400324621462846FFF79EFF2046BDE8F087AA
:10708400032221462846FFF746FF013FCAF81000B5
:1070940001D08145E4D14FF0FF34EB680136B440B0
:1070A4001C40EAD094FAA4F2B2FA82F2131D55F805
:1070B4002340DEE72DE9F04114460E460546FFF76E
:1070C40040FFA4EB0608371B0744424631462846D6
:1070D400FFF755FF3A4621462846FFF750FF43463F
:1070E400002221462846FFF721FF21462846FFF7C4
:1070F40028FF3B46211800222846BDE8F041FFF74F
:1071040015BF2DE9F041164604460F46FFF719FF57
:10711400314605462046FFF714FF05442A46394602
:107124002046FFF72CFF31462046FFF70AFF2B4687
:10713400311800222046BDE8F041FFF7F7BE2DE9E3
:10714400F0410D4686680446FFF7FBFEB6F5004F96
:10715400014601D3012832D03046FFF71EFF04EB6D
:1071640080010E6996B90122E36882401343E3600B
:1071740002220D612B4629462046FFF7D7FE032243
:1071840029462046BDE8F041FFF7D0BE0222314631
:107194002046FFF7C0FE0746034629462046FFF770
:1071A400C5FE0322334629462046FFF7BFFE394673
:1071B4002B462046FFF7BAFE02223146E1E7BDE83E
:1071C400F081F8B50C460546FFF7BBFE26180122F0
:1071D40031462846FFF79FFEC3070CD431462846A4
:1071E400FFF717FF21462846FFF7ABFE214622187A
:1071F4002846FFF786FF002221462846FFF78BFE2C
:10720400271A012239462846FFF785FE10EA0206AE
:1072140013D139462846FFF7FCFE2146324628465C
:10722400FFF779FE2246211A2846FFF76AFF214616
:1072340032462846FFF76FFE241A21462846BDE849
:10724400F840FFF77CBF38B571B1056800222846C5
:10725400FFF799FE044601462846FFF778FE2146CB
:10726400BDE83840FFF7ADBF38BD70B5056809B952
:10727400002070BDAB6801F00704B3F5004F2CBFCC
:107284000822042207341444E40804EBD1049C4289
:1072940028BF1C4628462146FFF7D2FE0646002892
:1072A400E6D001462846FFF74CFEA04209D93444F3
:1072B400314628462246FFF7FDFE21462846FFF7C1
:1072C4003EFF284601223146FFF741FEAB68B3F585
:1072D400004F34BF0423082303EBC6031844C8E754
:1072E4001146FFF7C2BFB2F5802F2CBF0823042339
:1072F4002DE9F0410026D21A8C18CD1D25F0070582
:1073040024F00704641BE408056021462046AC60B1
:10731400EE60FFF742FE421D9200013002F10707C2
:107324004FEAD7073146A2F1100205F11000B8BFA9
:10733400324602F02DFA3A4631462846FFF71FFE40
:107344003346324631462846FFF7F0FDA4EB0708E2
:10735400284631460122FFF7FAFD42463946FFF737
:107364000EFE3B46324639462846FFF7DFFD2146EE
:107374002846FFF704FE4346324621462846FFF7D7
:10738400D5FD214628460122FFF7E1FD3946BDE837
:10739400F041FFF7D4BE002070470FB407B504A92D
:1073A40051F8040B0191F9F70BF803B05DF804EB05
:1073B40004B070470FB407B504A951F8040B019148
:1073C400F8F7FEFF03B05DF804EB04B07047038BDD
:1073D40013F0070305D10368002B0CBF0020032022
:1073E4007047022B05D1408BB0FA80F04009800031
:1073F4007047012B05D10368002B0CBF002005202A
:1074040070470020704710B50C4600B111B96FF0F9
:10741400150010BD081D00F0B7F80028F9D1A368C5
:10742400032BF6D9F3E72DE9F0410D46074619463B
:10743400281D90461E4600F0BBF8044638B133467A
:10744400424629463846A446BDE8F0416047BDE8B7
:10745400F08110B4EFF31182202484F31288BFF377
:107464006F8F416110BC0121F8F7DCBF38B50C46C1
:10747400054658B151B10B6843B14B6833B11C2276
:10748400002102F085F900202C6138BD6FF0150051
:10749400FBE770B505460E46FFF7B5FF041E14DB87
:1074A400EFF31182202383F31288BFF36F8F4FF61B
:1074B400FF716B8B2C8B8B4204F0070407D182F392
:1074C4001188BFF36F8F6FF00A04204670BD022C41
:1074D4000CD101336B8382F31188BFF36F8F0023C8
:1074E400224631462846FFF79EFFEEE7062C14D8C5
:1074F400DFE804F004131313041A040000233360B8
:107504006B683BB9C5E90066ACB902212846F8F7B7
:1075140089FFDAE71E606E60F6E782F31188BFF335
:107524006F8F6FF00404D0E782F31188BFF36F8F7D
:107534006FF08504C9E782F31188BFF36F8FC4E746
:1075440010B5EFF31182202383F31288BFF36F8FFA
:10755400048B04F00704022C0AD0012C0CBF6FF03A
:1075640004006FF0850082F31188BFF36F8F08E089
:10757400438B013B9BB2438323B92146F8F752FF67
:10758400204610BD2046EEE7034640B1426802F0B3
:107594000302022A06D0032A04D0012A05D06FF080
:1075A400150070471A68002AF9D0002098607047C7
:1075B40010B54268034602F00302022A4FF00004A9
:1075C400816007D0032A02D05C60002001E01868C3
:1075D4005C6010BD18685C600028F6D0FFF79CF969
:1075E400F3E7704720B183682BB11B6833B11847A8
:1075F4006FF0150070476FF004007047184670472D
:1076040020B183682BB15B6833B118476FF0150064
:1076140070476FF0040070471846704730B450B19B
:1076240049B142B1846854B1E56845B141F8040BED
:10763400E36830BC18476FF0150030BC70476FF03A
:107644000400FAE710B5044650B1006858B18368E5
:1076540063B11B6953B16168984700B9206010BDDC
:107664006FF01500FBE76FF00100F8E76FF004001E
:10767400F5E730B41346044650B1006860B182683F
:107684006AB195685DB10A46AC46616830BC604732
:107694006FF0150030BC70476FF00100FAE76FF02F
:1076A4000400F7E70369D3F8780370476FF08500A7
:1076B4007047084608B5114618B101F095F9002045
:1076C40008BD6FF00100FBE7084608B5114618B184
:1076D40001F081F9002008BD6FF00100FBE713B54C
:1076E40004460846216901F55D71D1E8AF1F0229FE
:1076F40009D15BB168B100931346D0E90912FDF7D3
:107704005FFC02B010BD6FF00F00FAE76FF04C00A1
:10771400F7E76FF00100F4E72DE9F8431C46DDE9D3
:107724000853164698460F46006939B34AB344B322
:107734006A1C43F10003022A73F1000324D2226875
:1077440042B1D0F878339A4204D96FF00B00236029
:10775400BDE8F88305EA080909F101035A425A41D0
:107764002146384601F049F988B9B8F1FF3F08BF0E
:10777400B5F1FF3FF0D06FF06800E9E76FF001006A
:10778400E6E76FF01500E3E76FF08500E0E73060AF
:107794000020DDE701F096B938B50D46044600F146
:1077A40048012846F8F7D4FC30B1284604F1C0015A
:1077B400F8F7CEFC20B90120782303FB004038BD44
:1077C4000020FCE702F5307102F5347001F0AEBD23
:1077D400D0F8B030A0F53070003B18BF012300EBA7
:1077E4008300D0F8AC0201F097B8C86828B10969E1
:1077F40083681B680BB1002218477047FEF748B82E
:10780400D0E8EF3FC0E8E21F002AF9D1704710B575
:10781400436804691B68C4F8703304F5EC7001F024
:1078240090FC002104F55D70FFF7EAFF084610BDE7
:107834002DE9F74317460D4691B30B7883B3D0F87F
:10784400C440A4F5E27914344FF0FF324FF0FF3313
:107854002046FDF7A5FF2A46484601A9F8F71CFF74
:10786400019E80462EB9204603B0BDE8F043FFF7E1
:10787400C5BF58B12046FFF7C1FF3B462A463146F3
:10788400484603B0BDE8F043F8F7E4BE1F2229469A
:1078940006F1480001F0A6FF86F86780B766E2E7C4
:1078A40003B0BDE8F083030103EB4003093323F085
:1078B400030303EBC00348430330083320F0030001
:1078C4001844400070472DE9F84306464FF001087C
:1078D4000569D0F8049005F55D77D7E8EF3F022BF2
:1078E40003D1C7E8E28F002AF7D141D195F86C3073
:1078F400002B40D195F8E430002B3CD12846D5F834
:10790400701300F054F8044680BB73683669D3E9F9
:10791400050183681B693BB322469847044628BB8C
:10792400414606F53470FEF72FFAD6F8500305F5F4
:10793400F876F9F7FFFA3046D9F8001000F072F83B
:10794400044698B90146D022304601F021FF214671
:107954004FF4F672284601F01BFF21463846FFF724
:107964004FFF2046BDE8F8836FF057040221F5E786
:107974006FF07704F5E76FF00F04F2E710B50846EF
:10798400029B114652B993F86C202AB90122184679
:1079940083F86C20F8F76CFF002010BD1A6F946810
:1079A400002CF9D05A6FA047F6E701F08BB838B530
:1079B4000D46044660B1F03001F023FB0DB1002008
:1079C40038BDC4F8C451C4F8C851C4F8CC51F6E762
:1079D4006FF01500F4E70268D2F8C83013B1D2F89A
:1079E400C41018477047704783690BB9C36B19708B
:1079F4007047012070478369012B03D1C36B18784A
:107A0400C0B270470420704738B5C41DE400204656
:107A1400FEF7C6FF054618B12246002101F0B8FE64
:107A2400284638BD38B504463822002101F0B0FE9E
:107A34001822002104F1A40001F0AAFE182200215A
:107A440004F18C0001F0A4FED4F8C000FDF76AFA3A
:107A5400D4F8BC00FDF766FAD4F8803004F154057C
:107A64000BB12846984738220021284601F090FEA1
:107A7400FDF712F9002038BD012801D1EFF3058389
:107A8400FDF740BD01460068FFF7F6BF08B5F9F7FA
:107A9400B5F8BDE80840F9F7D5B800210120FFF793
:107AA400EBBF436E83F30B88704761B662B680F315
:107AB4001188BFF36F8F704708B572B6002383F344
:107AC4001188BFF36F8FF9F767FE50B1BFF34F8F83
:107AD40030BF00BF00BF00BF00BF00BF00BF00BF7A
:107AE40000BF62B6BFF36F8F08BD10B5044672B60F
:107AF400002383F31188BFF36F8FF9F74DFE50B164
:107B0400BFF34F8F20BF00BF00BF00BF00BF00BF47
:107B140000BF00BF00BF84F31188BFF36F8F62B64C
:107B240010BD40E800F313F4803FD8B208BF6FF0F3
:107B34001500704730B50C684B6885B00A894D89CB
:107B44000094013B24F01F04234402F01F0242EA84
:107B5400451223F01F0369468DF808200393F9F7B3
:107B640047FB05B030BD08B5F9F702FD002008BD9C
:107B74007047002303824369C3607047416A896880
:107B8400F9F762BDEFF31182202383F31288BFF368
:107B94006F8F00230B60436833B9C0E9001182F38F
:107BA4001188BFF36F8F704719604160F7E7034690
:107BB40010B5EFF31181202282F31288BFF36F8F87
:107BC400006828B15C680268A0421A6008BF5A6065
:107BD40081F31188BFF36F8F10BD027A01320272F4
:107BE400704783680B4403607047838802681944B4
:107BF4008180D018704730B484880568A3188380C6
:107C0400281930BC01F0B7BD10B5838802685C1C2C
:107C14008480D154D01810BD034600689A88401A55
:107C240011441860998070470268531E036083886A
:107C34000133838002F8011C704703468288521A7C
:107C440082800068084418607047034600689A8878
:107C5400521A01449A801960704710B503680121D3
:107C64001C78FFF7EAFF204610BD02688068101AEE
:107C740070478388C2888168D21A03685B1AD01A55
:107C840070474FF05023012270B50C460546C3F8E7
:107C940014260020F9F710FE28462346BDE870405C
:107CA40000211847012310B50621044600F8013BC2
:107CB40000F0C9F818B9A37963F03F03A37110BDAC
:107CC4000B6803608B8883808B798371037823F03E
:107CD4000203037070470078C0F34000704738B562
:107CE4000446807AF9F786FC6169054649B1637AEE
:107CF400DB0704D4436A20461B689B68984700232B
:107D0400636121462846BDE8384001F0C2BAF7B5A0
:107D140004460E461746A388012B01D803B0F0BDD4
:107D24002046FFF79AFF05460028F7D0A388834230
:107D3400F4D32046FFF791FF23688DF80000013D3E
:107D4400394668468DF801500193B0470028E5D0C4
:107D540029462046FFF771FFDDE7034610B5D3E857
:107D6400EF0F40EA0102C3E8E42F002CF7D110BD65
:107D740001210C30FFF769BF30B40446084602EB1A
:107D8400C3039A4201D130BC7047114611F8085B15
:107D9400A54206D1018A53789942F4D330BC536882
:107DA40018470A46EDE7D0E8EF3F0B40C0E8E23F52
:107DB400002AF8D1704708B500200021FAF7DEF850
:107DC40018B1BDE80840FAF78FB808BD072208B516
:107DD40001F0E6FCB0FA80F0400908BD00280CBFB1
:107DE40008460020704707B580B90621684600F0B0
:107DF4002AF840B99DF80530684603F03F038DF832
:107E04000530FAF7DBFB03B05DF804FB6FF01500F7
:107E1400F9E70120704710B50C4631B10020FFF797
:107E2400E2FF08B90123237010BD6FF01500FBE7D2
:107E3400D0E8AF0F704708B5FCF7BEFF002818BFA5
:107E44006FF0040008BD08B500F0BEFB002818BFA1
:107E54006FF0040008BD00692830FDF79BBDF8B53C
:107E640004260C46076937443846228AE168FFF73E
:107E740000FC10F10C0F054604D14B2001F0F4F87E
:107E8400013EF1D12046F9F75DFC05EAE570F8BD45
:107E940038B5046900200D46FBF704F8B0B9206C2E
:107EA400FFF7A0FB10B110F1780F0FD1206C04F193
:107EB4000C02211DFFF7B2FB40B94FF480320023BE
:107EC40004F12800FDF7A0FD00B9256038BD10B508
:107ED4000469201DFFF7B6FB034648B9206CFFF781
:107EE4008FFB034620B900F005F8034600B9206073
:107EF400184610BD08B50020F9F75CFD002008BD48
:107F04000C220369C9B201FB0233986F00F0070029
:107F1400704770B5C9B20369EFF31185202484F367
:107F24001288BFF36F8F0C2606FB0134A46F14F084
:107F3400C00408D0A24206D085F31188BFF36F8F26
:107F44004FF0FF3070BD012206FB01339A6785F3C1
:107F54001188BFF36F8F436803EBC1035B689847D5
:107F64000020EFE78022FFF7D4BFF8B5069F04692D
:107F7400C9B2EFF31186202585F31288BFF36F8F02
:107F84000C2505FB0144A56F05F0070CBCF1010F9E
:107F94000CD1A76786F31188BFF36F8FC4E91C2344
:107FA400436853F8313098470020F8BD05F0C00508
:107FB400AF4286F31188BFF36F8F0CBF6FF0770069
:107FC4004FF0FF30F1E713B580240094FFF7CDFFA5
:107FD40002B010BD10B41C240069CBB203FB040032
:107FE400002110BC10470320FCF7A6B80220FCF7C0
:107FF400A3B80020FCF7A0B8032000F051B9022078
:1080040000F04EB9002000F04BB91046FDF7C2BC99
:108014000020704708461146FAF756BA4368002014
:108024005B681B690B607047436802EA01005B6888
:1080340021EA020198600020D9607047436800205B
:108044005B6899607047436800205B68D96070473B
:1080540043685A68536821EA03000B40906000208B
:10806400D360704710B503695868F8B1884219D1D4
:108074009C680868A142586000D19860002008609C
:108084002AB15A680A609A68596002B99960002056
:1080940010E0814206D10868206098688142EDD1E1
:1080A4009C60EBE7044600680028F2D1002AE8D17E
:1080B4006FF0150010BD30B451F820500C4601EBA0
:1080C40080023DB10146AC46D4F88000002330BCA8
:1080D400126C604730BC704710B500690F299FBF10
:1080E40000EB810440F821202364002088BF6FF056
:1080F400150010BD00207047102070470F290ED8BE
:1081040043685B68CB40DB0709D501228B00DBB2F7
:1081140003F1A04303F5283300201A6070476FF081
:108124001500704738B50F290C46056933D84368E4
:108134001B68CB40DB072ED5D5F8841021FA04F355
:1081440003F001031AB99BB96FF0770022E0002B0A
:10815400FAD111B92A20F8F745FF0122D5F8843065
:10816400A2401343C5F88430E0B2FCF7B5FC0AE042
:10817400E0B2FCF7B9FC0122D5F88430A24023EA2E
:108184000203C5F88430D5F8843013B92A20F8F7EF
:1081940037FF002038BD6FF01500FBE730B54368AA
:1081A4001360057A446804EBC504A34202D36FF05C
:1081B400010030BD5C798C4201D00833F0E7002027
:1081C400F7E743681B68D3F88004C3F8800470475A
:1081D40042681368D3F8100150B10020126A127873
:1081E4000A70C3F81001D3F8102101221A607047F5
:1081F4004FF0FF30704702680346D2F8580140B987
:108204005B68DB0706D4D2F82001003818BF0120D0
:1082140070470120704743681B68D3F80423D205D4
:1082240017D5D3F82021A2B1EFF31182202181F3D5
:108234001288BFF36F8FD3F8201131B10021C3F836
:108244002011D3F820110121D96082F31188BFF3E2
:108254006F8FD3F858317047002200F150039B0010
:108264009BB203F1502303F580331A601B687047F7
:1082740008B5FBF7E7FB08BD004700F0F5BE40F08A
:108284000040C1F88000704740F00040C1F8800011
:10829400704740F00040C1F88000C2F88000704789
:1082A400FBF7A8BEF7B51646DDE90847019001A81B
:1082B4001D46FBF7E9FF019BB6F1000C18BF4FF018
:1082C400010C00EB83000B1E18BF0123002D43EAB1
:1082D4004C0314BF4FF00C0C4FF0000C002C43EA7D
:1082E4000C0314BF4FF4706C4FF0000C002F43EAE2
:1082F4000C0314BF4FF4403C4FF0000CD0F80022A4
:1083040043EA0C0322EA030301B109780EB136787B
:10831400760019430DB12D78AD0031430CB12478AA
:10832400240229430FB13F783F040C433C43C0F877
:10833400004203B0F0BD1FB50DF10F0301930023FC
:108344008DF80F101A4619460093FFF7ABFF05B0DE
:108354005DF804FB38B5054608460C46FBF7E8FF14
:10836400B0B10846FBF7D8FF90B90846FBF7C8FF41
:1083740001232A688340C2F808332A6803B202EB57
:108384008303D3F8102522F00302C3F8102538BD67
:108394002046BDE838400021FFF7CDBFFCF74CB8BC
:1083A400FFF7D8BF2DE9F04389B0109E04468946F3
:1083B40090460021202268461F46129D01F0E8F9EC
:1083C4001F2E97BF01234FF0FF33B34003F1FF3358
:1083D4002361119BC4E90098C4E9027663611834EF
:1083E40045B10FCD0FC495E80F0084E80F0009B024
:1083F400BDE8F0836D46F4E773B50468661C31D0BC
:108404008568A9422ED264182CD05E18AE4288BF6B
:108414006B1A056A35B100930523A847034618462D
:1084240002B070BDBFF35B8F1946A41A101919B1BD
:1084340040EA0205AD070AD103290DDC01381144D5
:108444008A42ECD010F8014F02F8014BF8E70078AB
:10845400013902F8010BE9E750F8044B043942F8FA
:10846400044BE9E76FF02103D9E773B50468651C91
:1084740032D08568A9422FD264182DD05E18AE423E
:1084840088BF6B1A456ACDB100930523A84702B093
:1084940070BD12F8015B013905701546A01819B1B9
:1084A40040EA0206B607F4D103290ADC013D01447F
:1084B40088420CD1BFF35B8F1846E8E71946A41A2B
:1084C400EBE755F8042B043940F8042BECE715F8D6
:1084D400012F00F8012BEBE76FF02100D7E773B50C
:1084E4001C46036815465A1C29D08268914226D23C
:1084F4005B1824D066189642866A88BF541A36B12F
:1085040005232A460094B047204602B070BD1846A1
:1085140022464AB9294601F03BF9BFF35B8FF3E7E2
:1085240000F8015B013AF4E78307F9D14FF0013316
:108534006B43032AEEDD40F8043B043AF9E76FF09D
:108544002100E2E70020704708B5FCF735FC00285D
:1085540018BF6FF0040008BD70B50D4614461E46E2
:1085640011462846F9F7A8FA18B121462846F9F722
:1085740059FA3460002070BD10B5036C04461BB179
:1085840020210844FCF7C6FB0020206410BD38B548
:108594000546FFF7F1FF2B7E0446012B0ED0023B6C
:1085A400012B0ED8EB69012B18BF6FF096044422FF
:1085B4000021284601F0ECF8204638BDEB69002B79
:1085C400F2E76FF09604F2E7FCF7B0BB10B4046B6B
:1085D40002460B4684B9C1681F2998BF23FA01F4E7
:1085E400416861B18068834209D21069184051F82A
:1085F4002430184410BC7047234610BC18474FF071
:10860400FF30F7E730B5059CC4E90002039A2181E5
:108614001989E260049A618121856261D3E90025A8
:1086240002EB0113C4E906128A1C236203EB420322
:108634006A1C13446D422B406362836953B9013948
:10864400E2698B4202EB031206DB002393736FF0A3
:108654007F03D373002030BD0133D381F0E72DE9CC
:10866400F04FB0F830A004465546002685B002EB22
:10867400030891460E9A00EBCA031FFA88FB9A631B
:10868400A3F83CB008F1FF32C3690F1D0192B04555
:108694001ADC238D2586A3EB0B032385236A6189CA
:1086A4005A8801390A4003EB4203A3F804A0BFF33C
:1086B4005B8F0020226A538801335380638D01331A
:1086C400638505B0BDE8F08FE06A2A0157F8041C01
:1086D40003EB0515029303680392C91A83680837EC
:1086E400994228BF4FF0FF31FFF770FFDDE90232F6
:1086F400985000226A6057F8082CAA60019A9642A2
:10870400ACBF00220122B145D8BF42F00202AA81C7
:108714000136ED89BBE7F0B550B3456A448E6B88EA
:10872400A34230D0631C43864389BFF35B8F013B74
:108734001C4005EBC4056B689EB209B1AD680D60C1
:10874400D0F81CC09BB20CEB031100EBC3039D8F4C
:10875400078D2F44013D07859D878D896F070ED5B1
:10876400058ECD8100210686986B996302B1148031
:10877400F0BD9D8FC989013D0CEB01119D878D8949
:10878400ED07F6D4ECE70020F2E7C36903EB01132D
:108794009868704770B5C369C56A09015E586B6B08
:1087A400E3B92C69621C09BF6B6834401C68341B34
:1087B40021462846FFF70AFF864207D02B6901337A
:1087C4001C44AB689C42F3D34FF0FF342868431C2D
:1087D40009D0AB68A34206D9204470BD314628466F
:1087E40098470446F2E70020F7E770B5BFF35B8FC4
:1087F4000D46016A1646838E4A8804469A4212D070
:108804005A1C82864289013A134001EB430189884C
:10881400298089B2FFF7BEFF2A88E36903EB0213BC
:108824009B68336070BD0020FCE710B50268936953
:108834001269920017D543B9438E026A816944894B
:10884400013B1B1B02EB4102938003689B69012BD4
:1088540008D1838E426A81694089013B1B1A02EB6D
:10886400C102938010BD23B9026A138843F0010347
:10887400138003689B69012B01BF426A138843F08C
:1088840001031380EEE710B5BFF35B8F0368044662
:108894001A699B6912F0005F1AD07BB9036A426AB5
:1088A4005B888169013B02EBC10292889B1A628D4D
:1088B4009BB29A4214D80023638510BD012BFAD1D0
:1088C400436A026A5B888169013B02EB4102ECE77F
:1088D40063B9436A1B88DB4303F00103002BEAD02E
:1088E4006369002BE7D020469847E4E7012BE2D1E7
:1088F400036AEFE7036A828E598891420AD041895C
:1089040001390A4003EB42039A88C36903EB02135B
:108914009868704700207047BFF35B8FC36803B14A
:10892400184770474FF0FF324FF0FF33FDF76CB834
:1089340010B1C36A0133C362704738B1C26A013AE5
:10894400C2621AB9026B02B110470262704770B575
:108954000446056A05F164063046FFF7E3FF636ADF
:10896400A3F580637F2B0BD801225909503503F0FE
:108974001F039A4055F8213023EA020345F82130B9
:10898400D4E90F124A60E16B04F13C031160204604
:10899400C4E90F33FFF7D1FF3046BDE87040FCF760
:1089A400F9BF10B5436A8CB00A93202304460246EB
:1089B4000B9102A8194600F038FB28230122CDE9C7
:1089C400003220463522616A02ABFCF7E3FA00EA82
:1089D400E0700CB010BD30B1006A20B119B1D0F80C
:1089E400883003B11847704730B1006A20B119B11B
:1089F400D0F88C3003B11847704730B1006A20B109
:108A040019B1D0F8903003B11847002070472DE910
:108A1400F84306468846174699460468A64201D19B
:108A2400002520E07A1CA4F13C0502D06B6ABB420D
:108A340019D0B8F1000F22D020224146284600F078
:108A4400BFFEE0B9B9F1FF3F02D0AB6A4B450AD093
:108A54007B1C0BD02468B442E2D054F8183CA4F137
:108A64003C059F42E8D12846BDE8F883AB6A013350
:108A7400F9D02468B442D3D0A4F13C05D9E72468E2
:108A8400CCE770B505460C461E46CAB120232046E5
:108A9400194600F0CAFA0123E362049B6662A362EA
:108AA400059B25626363069BA363079B63646A68F3
:108AB40004F13C03C4E90F526B60226C136070BD77
:108AC4000A70E8E710B5044690B1036A83B10278EE
:108AD4004AB193F8A43033B1436AB3F5806F02D33B
:108AE4000121FFF75EFF2046BDE81040FFF72FBFCE
:108AF40010BD20B1036A13B15B6803B11847704716
:108B040008B530B1036A3BB1DB682BB1984700204C
:108B140008BD6FF01500FBE76FF00500F8E770473C
:108B2400FCF738BF4FF0FF324FF0FF33FCF76CBF58
:108B3400F8B50C4600F164070546A4F11006384662
:108B4400FFF7F0FF3046FCF7DBFA80B154F8083C3D
:108B540024F8083CD5F8CC3044F80C3C05F1C803A3
:108B640044F8103CC5F8CC6054F80C3C1E60384600
:108B7400FFF7D6FF0020F8BD38B50D4600F16404B8
:108B84002046FFF7CFFF55F8083C204603F5803315
:108B940045F8083CBDE83840FFF7C2BF2DE9F04175
:108BA40088B00E9C282A8846D4F8C0006ED101688B
:108BB4008568A8EB0101A94228BF4FF0FF312023AB
:108BC4006A46FFF719FC04F16406D8F820703046B1
:108BD400FFF7A8FF3B464FF0FF3269462046FFF7F8
:108BE40016FFD8F824300546E0B1D0F8308003F001
:108BF4000103B8F1000F02D0DBB9AF6230E0002B03
:108C0400FBD04FF0FF3383623046FFF789FFAB6B35
:108C140083BBD4F88030002B38D03A4669462046CE
:108C2400984733E0DB071FD43046FFF779FFE36F43
:108C3400F1E74FF0FF338362FFF77AFE3046FFF728
:108C44006FFFAB6BA3B9D4F880301BB13A466946C9
:108C5400204698473046FFF765FF2846FFF76DFE2C
:108C64003046FFF75DFF11E03046FFF759FFD0E7CC
:108C74004FF0010828469847D4F880301BB13A4693
:108C8400694620469847B8F1000FE3D1002008B0A8
:108C9400BDE8F081F0B504468E680D46B6B23146A3
:108CA400D0F8B80085B0FFF770FDD4F8B4300746AB
:108CB4009A6942B90095CDE902500123D4F8B8006D
:108CC40002A9FFF7CCFCD4F8B4309B69012B08D17E
:108CD4003A463146D4F8B80005B0BDE8F040FCF798
:108CE4003DB905B0F0BD70B500F16406A1F1100501
:108CF40004463046FFF716FF2846FCF701FA38B160
:108D040020462946FFF7C6FFD4F8B800FFF7BBFD9D
:108D14003046BDE87040FFF703BF2DE9FF4103680B
:108D24009E6A06F164084046FFF7FCFED6F8B430AC
:108D34009B693BB1012B12D04046FFF7F1FE04B012
:108D4400BDE8F081D6F8B8000DF10A0203A9FFF7D7
:108D5400E2FCD6F8B43004469B69012B07D1D6F85F
:108D6400B80003AA0DF10A01FFF73FFD0446002CE9
:108D7400E2D0BDF80A3000216268A36030464FF0AB
:108D8400FF33FFF744FE0546FFF7D2FDA3684046D4
:108D940003F58033A360FFF7C3FE75B1AB6A696C5A
:108DA400013308BF2368284608BFAB622368A28941
:108DB40000916F6B04F11001B8474046FFF7B2FE13
:108DC4002846FFF7BAFD2046FCF79AF938B1304639
:108DD4002146FFF75FFFD6F8B800FFF754FD404681
:108DE400FFF79EFE9FE72DE9F041A3F1100653F82B
:108DF400085C002388B00693ADF81E3004461023A7
:108E0400CDE904120E9FD0F8C000ADF81C700168C3
:108E1400D0F808C0711A0DEB0302614528BF4FF06A
:108E2400FF3104F16408FFF720FB4046FFF77AFEA8
:108E3400D4F8B430ADB29B69CBB9D4F8A820D4F837
:108E4400B430D4F8BC009B69C3B9CDE90262009682
:108E5400012202A9FFF703FCD4F8BC00FFF713FDBD
:108E64004046FFF75DFE384608B0BDE8F08129466C
:108E7400D4F8BC00FFF789FC0246E0E7012BEBD1F4
:108E84002946FCF76BF8E7E710B548B149B14368E8
:108E94008B4206D382680468D21A5B1A4360A01816
:108EA40010BD0020FCE72DE9F3470546D0F8B400D7
:108EB4000E46904618B9002002B0BDE8F087036A58
:108EC400002BF8D09B68002BF5D098474307F2D5C8
:108ED40043F69823B8F1000F18BF984605F16407CC
:108EE40005F1C8093846FFF71DFED5F8C8404C45C2
:108EF4002BD054B3D4E90023536022681A60C4E928
:108F04000044D5F8B43021899B69ADF806107BB1D3
:108F1400012B14D03846FFF703FEBDF8063004F1E8
:108F2400100003F58033A3603368103B3360C3E75C
:108F3400D5F8A8303360D5F8B4309B69E8E7D5F8A4
:108F4400BC00FFF722FC3060E4E7D5F8B430D3F876
:108F540018A0BAF1000F36D13146D5F8BC000DF196
:108F64000602FFF7D8FB04460028D3D1D5F8BC305D
:108F74001B8DB3B93846FFF7D3FDB8F1000F9AD073
:108F8400D5E92D32182112891B6B01FB0233D5F868
:108F9400D02022BB2120002100F098FA08F1FF38EC
:108FA400A0E7D5F8A810D5F8C400FFF76DFF044674
:108FB400D5F8A830ADF806A033603846FFF7B0FD09
:108FC400002CDAD0A9E7BAF1010FD3D13246D5F893
:108FD400BC000DF10601FFF708FC0446EDE7196932
:108FE400284690476FF4FB639842D3D000283FF49F
:108FF40079AF60E720B119B112B1C0E90122016073
:10900400704738B5044618B938BD3C38FFF75AFDE7
:1090140020688442F9D10025D4F8B400C4E92E555F
:10902400FFF767FDC4F8B450EEE770B505461C467B
:1090340099B18B4228BF0C46661C013E05D012F83C
:10904400013B00F8013B002BF7D1A14207D9091BD2
:109054008A19002100F09CFBA11B084670BD002367
:109064000D4405F8013CF7E708B1F8F713BC704765
:10907400704740B1C368587810F001001EBF1878DB
:10908400B0FA80F040097047EFF31183202383F393
:109094001288BFF36F8FFEE708B5FFF7F5FF10B531
:1090A4004369044633B90020E268537843F001036E
:1090B400537010BD98470028F5D00028B8BF40422F
:1090C400FF28A8BFFF20E3681870EDE700F060BB3D
:1090D40000F051BB10B400F10C04C0E9034410BC0F
:1090E400FEF701B938B50446EFF31185202383F365
:1090F4001288BFF36F8FFEF7A6F804F10C0000F09E
:10910400D2F930B1294604F11400BDE83840FDF726
:109114005FB885F31188BFF36F8F38BD202408B57D
:10912400EFF3118384F31288BFF36F8FFEF7C4FC4F
:10913400F6E790F90E308B4201D0FCF7D7BF002040
:10914400704703460020C3E90033C3E902007047B7
:10915400D0E9003213605A600023427BC0E9003337
:1091640022F002024273836070472DE9F84391466E
:1091740004460D469DF8202000F10807EFF3118600
:10918400202181F31288BFF36F8F02B14568D4F8B0
:109194000880474518D0B8F1000F15D04046FFF7B6
:1091A400D7FF08F1180000F0F1F900234046C8F891
:1091B4007C30C8F8109000F02DF938463146FDF7A0
:1091C40007F80020BDE8F883A3B10820FDF7F8FBF9
:1091D400002838D00122C0F804900260016801F030
:1091E40003015DB922680A430260626820606AB9BB
:1091F40060600BE04846C9F80030EFE72A68032AAC
:1092040016D80160616869B9C4E90000042104F159
:10921400100000F072FA0028CFD186F31188BFF352
:109224006F8FCFE70A6802F0030202430A60DFE7A8
:1092340022F003020A4302602A6802F0030240EAB1
:1092440002032B60E2E76FF00B00E6E710B504467B
:1092540030B10268930703D0446809B100F084FA7E
:10926400204610BD0023C0E9003300F10803C0E923
:10927400023300F11003C0E904337047012307B53A
:10928400009300230A461946FFF76FFF03B05DF809
:1092940004FB002307B50A4600931946FFF765FF50
:1092A40003B05DF804FB00210068FFF7CFBF5AB19B
:1092B4008A4209D300F11003C0E90212C0E9000098
:1092C400C0E90433002070476FF015007047012394
:1092D40002688B4022EA0303036022FA01F000F0E3
:1092E40001007047704720B100228C30114600F015
:1092F40014B9704738B504460D461022002100F019
:1093040047FA656038BD13B501900846EFF3118440
:10931400202383F31288BFF36F8F01A9FCF756FC57
:1093240084F31188BFF36F8F02B010BD10B5FFF73F
:10933400EAFF041E08DDEFF31180202383F3128873
:10934400BFF36F8FFCF756FF204610BD70B50D4676
:10935400EFF31186202383F31288BFF36F8FFCF79A
:1093640091FC044686F31188BFF36F8F38B14FF038
:10937400FF324FF0FF3305F11000FCF745FB2046A8
:1093840070BD08B5A022002100F002FA08BDEFF379
:109394000580003818BF012070476FF057007047F0
:1093A400D0E9003213605A600023C0E900337047EB
:1093B40008B5FFF7F5FF437B23F002034373002353
:1093C400836008BD38B504460D46FCF7EDFD637BAC
:1093D40043F002036373E5B1A5602B689D4209D194
:1093E4006B68C4E900531C606C6012E06A689A42BE
:1093F400F6D01B68002BF3D094F90E2093F90E10CD
:109404008A42F3D09142F1DD5A68C4E90032146013
:109414005C6038BD10B5EFF31184202383F3128808
:10942400BFF36F8FFCF77EFD84F31188BFF36F8F5A
:1094340010BD08B5EFF31181202282F31288BFF327
:109444006F8F83680BB1FFF7B3FF81F31188BFF30C
:109454006F8F08BD014610B5EFF31184202383F309
:109464001288BFF36F8F437B13F0280F0AD18368F0
:109474000BB1FFF79DFF4B7B084623F004034B73AE
:10948400FCF750FD84F31188BFF36F8F10BD0121E9
:109494001838FFF7DFBF10B5FFF7CBFFBDE810406A
:1094A400183000F073B838B5054604680020AC42A3
:1094B40000D138BD002CFCD02046FFF7ECFF20463D
:1094C400FFF7A8FF2C680120A542F1E738B5044650
:1094D4000D46FCF737FFB5F1FF3F08BFB4F1FF3F7E
:1094E4000246204618D000204FF47A7447F6FF73E2
:1094F4000146C2FB0431B3F5004F71F100020BD3F6
:109504006FF400429A4243F6FF728A4132BF6FF011
:109514000040D80B40EA414038BD38B5EFF311851F
:10952400202383F31288BFF36F8F0468A04212D004
:109534009CB1E16722612046FFF73AFF04F118006D
:1095440000F024F82046FCF7EDFC012085F3118897
:10955400BFF36F8F38BD0020F8E72046F6E708B563
:109564000246FDF7A5F870B1D0E904319B1A61EB0E
:10957400E272B3F1004F72F1000104DA002AACBFC9
:109584001846002008BD6FF00040FBE7024638B5DE
:10959400EFF31185202383F31288BFF36F8F0368E1
:1095A400CBB1FDF785F804461046FDF793F8002289
:1095B4004FF000438442C0E9042306D1FDF780F84C
:1095C400FFF7CDFF0021FAF7A1FB002085F31188F6
:1095D400BFF36F8F38BD6FF01500F7E708B5FDF7DF
:1095E40083F908BDFDF780B9B3F1FF3F08BFB2F1BD
:1095F400FF3F70B506461D46144614D01A4316D0D4
:10960400002B08DBFDF770F9041941EB0501C6E9ED
:109614000041304670BD6FF001031C1B4FF0FF3357
:1096240063EB0501F3E74FF0FF342146EFE7002435
:10963400FBE7B3F1FF3F08BFB2F1FF3FF8B50746C0
:1096440016461C4610D054EA020311D0FDF74CF91B
:10965400B0420A46A14103460AD2F31A64EB02045B
:10966400C7E900343846F8BD4FF0FF331C46F7E72E
:109674000023FBE72DE9F041846805460E46D4B18A
:109684006378012B22D114F8533C9A0711D5A4F125
:1096940060073846FFF7FFFE082E0CBF6FF0030388
:1096A4000023E36114F8533CDB0602D13846FFF78C
:1096B400B1FE002323700020EB68A860C3F3863258
:1096C400164366F39433EB60BDE8F081022BF0D1CE
:1096D4002378002BEDD054F8048CB8F1000FE8D0B7
:1096E40004F11400FFF752FF0023A4F114073946D4
:1096F4004046E362FFF707FEDBE738B5EFF3118579
:10970400202383F31288BFF36F8F0468A04211D023
:10971400D4E9003213605A6000232046C4E90033C0
:10972400FFF7A8FF85F31188BFF36F8F201E18BFC2
:10973400012038BD0024F5E7043270B504460ED28A
:10974400EFF31185202686F31288BFF36F8F41F063
:109754000401984785F31188BFF36F8F08B900207F
:1097640070BD40F8044BFBE720B1011F50F8040C16
:10977400FFF7B8BC70470A44431E914200D17047BA
:1097840010B511F8014B914203F8014FF9D110BD06
:1097940002440346934200D1704703F8011BF9E7E2
:1097A4000139024410B5904201D1002005E003784C
:1097B40011F8014FA34201D0181B10BD0130F2E78C
:1097C40010B56AB10139841810F8012B11F8013F62
:1097D4009A4203D1A04201D0002AF5D1D01A10BD7B
:1097E4001046FCE710B50139044632B111F8013FC7
:1097F400013A00F8013B002BF7D10021FFF7C8FF25
:10980400204610BD0246014410B58A42134603D0D7
:109814001C780132002CF8D1181A10BDF0B5C3F130
:109824003707044603F01F031046FFB2082BE6B2C5
:1098340032D0102B3DD06508A40845EAC17544EA2E
:1098440081748A082D1942EB5102290941EA0271F7
:109854006D1842EB1212290A41EA02616D1842EBBB
:109864001222290C41EA02416D1842EB1242AD1852
:1098740042F10002EC0844EA4274D10804EB840289
:10988400A6EB4205EDB2092D0CD90134A5F10A0568
:1098940041F10001EDB212E0E40806F0070544EAE4
:1098A4004174C908303554EA010200F8015BBDD1A6
:1098B400F0BD240906F00F0544EA01740909092DD5
:1098C40084BFED19EDB2EDE7D1E9043293421EBF36
:1098D4005A1C0A61187070470148006870470000FC
:0498E400640A0020F2
:1098E8004506000000000000000000006899000024
:1098F800815700000000000000000000A899000047
:10990800000000008899000000000000C8990000CD
:1099180000000000E8990000F93100000000000094
:10992800B13B000000000000111A00000000000018
:109938009D1500000000000000000000089A0000CB
:109948004D85000000000000595A0000000000008A
:1099580000000000289A000000000000489A00005B
:1099680085A10000589E0000DC9C0000C402002075
:10997800480B0020692F00000000000000000000D4
:109988009FA10000789E0000989C0000C80200205B
:10999800EC0B0020B53300000000000000000000C0
:1099A800ABA10000909E0000989C0000CA02002015
:1099B800F80B0020B5330000000000000000000094
:1099C80090A1000000000000909C0000C60200204A
:1099D80000000000158000000000000000000000EA
:1099E800CBA10000A89E0000F89C0000CE02002039
:1099F8008C0C002069380000000000000000000006
:109A0800B7A10000DC010020BC9C0000CC020020B3
:109A1800040C002085350000000000000000000054
:109A280075A100003C010020389D0000C002002004
:109A3800B0030020137800000000000000000000C0
:109A48006EA1000000000000D09C0000C2020020AF
:109A58009801002000000000000000000000000045
:109A6800000000009F7A0000000000009F7A0000BC
:109A7800000000009F7A0000000000009F7A0000AC
:109A8800000000009F7A00000D4200007D82000067
:109A9800000000009F7A0000000000009F7A00008C
:109AA800E89900001B820000000000009F7A000077
:109AB800000000009F7A0000000000009F7A00006C
:109AC800000000009F7A0000B94800007D82000075
:109AD800000000009F7A0000000000009F7A00004C
:109AE800000000009F7A0000000000009F7A00003C
:109AF800000000009F7A0000000000009F7A00002C
:109B0800000000009F7A000000000000413C0000B7
:109B1800000000009F7A0000000000009F7A00000B
:109B2800000000009F7A0000000000009F7A0000FB
:109B3800000000009F7A0000000000009F7A0000EB
:109B4800000000009F7A0000000000009F7A0000DB
:109B5800000000009F7A0000000000009F7A0000CB
:109B6800000000009F7A0000000000009F7A0000BB
:109B7800000000009F7A0000000000009F7A0000AB
:109B8800000000009F7A0000000000009F7A00009B
:109B9800000000009F7A0000000000009F7A00008B
:109BA800000000009F7A0000000000009F7A00007B
:109BB800FD4A00007D820000000000009F7A00003E
:109BC800000000009F7A0000000000009F7A00005B
:109BD800000000009F7A0000000000009F7A00004B
:109BE800000000009F7A0000000000009F7A00003B
:109BF800000000009F7A0000000000009F7A00002B
:109C0800000000009F7A0000000000009F7A00001A
:109C1800000000009F7A0000000000009F7A00000A
:109C2800000000009F7A0000000000009F7A0000FA
:109C3800000000009F7A0000000000009F7A0000EA
:109C4800000000009F7A0000000000009F7A0000DA
:109C5800000000009F7A0000000000009F7A0000CA
:109C6800000000009F7A0000000000009F7A0000BA
:109C7800000000009F7A0000000000009F7A0000AA
:089C8800000000009F7A0000BB
:089C9000198000000000000033
:109C9800FD330000218000002D800000418000007D
:109CA8004B800000558000004932000069800000A8
:049CB80000000000A8
:109CBC0001810000DD800000F9800000FD800000C3
:049CCC0029810000EA
:0C9CD000957E0000D37E0000637E000043
:109CDC00CD2F0000697F0000CB7F0000000000004A
:0C9CEC00057F00000000000000000000E8
:0C9CF800D5810000B5370000C7810000D6
:109D1000DD4C000006000000000200000002000010
:109D20000000000000010008120000000000000018
:109D30000338FDD870470000C5060000CB7800004E
:109D4000A5080000F1080000DD090000A976000068
:109D50001D770000B1760000E3760000CD760000AC
:109D6000B77600000000000000000000FB79000052
:109D7000ED790000F7790000EB79000000000000A9
:109D8000000000000000000000000000DB7900007F
:109D9000000000200000000006000100020000009A
:109DA000A49D00000000000004A0000006000000C8
:109DB000E0FF0F00000000200CA0000021000000C8
:109DC000E0FF06202916000000000000757B00005F
:109DD00011190000877C000000000000C49D0000F5
:109DE000E89D00004700000058430020C49D00008B
:109DF000F89D00002E00000038470020C49D0000A0
:109E0000089E0000020100000C4800200E03000024
:109E1000252500000F04000061250000FF0100005F
:109E2000651B00003E010000851B000010010000C2
:109E3000757D000002010000392B0000C49D000068
:109E4000489E00004700000028490020F12E000035
:109E5000C12E00000000000055300000352F00002A
:109E6000F77F000009800000F17F00000380000000
:109E7000EB7F0000FD7F0000FFFF00000028845002
:109E8000000000000100000000D0005000000000B1
:109E9000FFFFFFFF002584500000000000000000CD
:109EA00000D00050000000000080005001000000C1
:109EB00000000000CC9E00000000D6010000000061
:109EC0000000000065110020641100200080005097
:109ED000D89E000001000000E09E00000400000089
:109EE000140000001300000216060001150600030E
:109EF00017A200002AA200003DA2000050A200000C
:109F000063A2000076A2000089A200009CA20000CB
:109F1000E8980000E89800002899000038990000AF
:109F2000689900006899000006A300000001000085
:109F300000000000040100012401200102000100D2
:109F40000002000147616C6178792053323500705E
:109F500075626C69630072616E646F6D007075622A
:109F60006C69632D69640072616E646F6D2D696444
:109F70000030782530327800253032583A2530329A
:109F8000583A253032583A253032583A253032582E
:109F90003A2530325820282573290054415247452C
:109FA000542C25732C25642C25730A005345454EEB
:109FB0002C25732C25640A00302E3100424F4F545B
:109FC0002C25732C7461726765743D25730A0045F6
:109FD00052524F522C62745F656E61626C652C2523
:109FE000640A004552524F522C7363616E5F737462
:109FF0006172742C25640A005343414E2C25752C44
:10A0000025750A00464C4153485F30005352414D7C
:10A010005F30000000000121202524000000000026
:10A020000000FFFFFFFFFFFF000000000000010431
:10A030000002000000020000000000000005000017
:10A04000000000000000000000000000000557456F
:10A0500053545F544F504449522F7A657068797257
:10A060002F7375627379732F626C7565746F6F747B
:10A07000682F686F73742F6863695F636F72652EF2
:10A08000630062745F6863695F6576745F676574B7
:10A090005F666C616773286864722D3E657674290B
:10A0A0002026202831554C203C3C202831292900ED
:10A0B000415353455254494F4E204641494C205B31
:10A0C00025735D20402025733A25640A0065767467
:10A0D0005F666C6167732026202831554C203C3C1C
:10A0E00020283029290062756600737563636573E3
:10A0F000730009636F6D6D616E64206F70636F64D0
:10A1000065203078253034782074696D656F7574FA
:10A110000A00657272203D3D20300009436F6E7465
:10A12000726F6C6C657220756E726573706F6E7392
:10A130006976652C20636F6D6D616E64206F70634E
:10A140006F6465203078253034782074696D656FD0
:10A1500075742077697468206572722025640A001E
:10A16000425420525820575100030502000A6274DD
:10A170005F6863695F69706330006E72665F627406
:10A180005F68636900636C6F636B4035303030002B
:10A19000656E74726F70795F62745F68636900677F
:10A1A00070696F40383432383030006770696F4002
:10A1B000383432353030006D626F78403261303083
:10A1C000300000010203040506070B75617274403C
:10A1D00038303030000000000101010000010000B3
:10A1E000000C04241C00203030303030303030304F
:10A1F00030303030300001756E7265676973746598
:10A20000726564202573206275730A0067656E6548
:10A21000726963002573006D6574616C3A20656D29
:10A22000657267656E63793A20006D6574616C3A9A
:10A2300020616C6572743A2020202020006D6574C6
:10A24000616C3A20637269746963616C3A20200022
:10A250006D6574616C3A206572726F723A202020CD
:10A260002020006D6574616C3A207761726E696EB2
:10A27000673A202020006D6574616C3A206E6F741F
:10A280006963653A20202020006D6574616C3A2076
:10A29000696E666F3A202020202020006D65746171
:10A2A0006C3A2064656275673A20202020200025E2
:10A2B000733A2066726565696E67206E6F6E2D65F4
:10A2C0006D707479207669727471756575650D0AA3
:10A2D00000756E6578706563746564206275666686
:10A2E00065722068656C6420636F756E7465720DAD
:10A2F0000A0072785F76710074785F7671004E5351
:10A30000006D61696E00737973776F726B71002AEB
:10A310002A2A20426F6F74696E67205A65706879C7
:10A3200072204F53206275696C642076342E322E71
:10A3300030202A2A2A0A00286E756C6C29002A66A9
:08A340006C6F61742A0000003B
:10A348000000000000000000000000000000000005
:10A3580000000000000000000000000000000000F5
:10A3680000000000000000000000000000000000E5
:10A3780000000000000000000000000000000000D5
:10A3880000000000000000000000000000000000C5
:10A3980000000000000000000000000000000000B5
:10A3A80000000000000000000000000000000000A5
:10A3B8000000000000000000000000000000000095
:10A3C8000000000000000000000000000000000085
:10A3D8000000000000000000000000000000000075
:10A3E8000000000000000000000000000000000065
:10A3F8000000000000000000000000000000000055
:10A408000000000000000000A92400000000000077
:10A418000000000000000000000000000000000034
:10A428000000000000000000000000000000000024
:10A438000000000000000000000000000000000014
:10A448000000000000000000000000000000000004
:10A4580000000000000000000000000000000000F4
:10A46800000000000000000000000000489A000002
:10A47800E7030000E70300009B73000000000000F2
:10A488000000072000000100089A000000000000FA
:10A49800089A00000100000002000000000000000F
:10A4A8000000000000020000000000006B7B0000BC
:10A4B800000000000000000000000000BB7D00005C
:10A4C800000000000000000000000000A51B0000C4
:10A4D8000000000000000000000000000000000074
:10A4E800000000007AA10000000000005B7E000070
:10A4F80000000000592D000000000000489A0000EC
:10A50800C0010020C0010020000000000100000080
:10A51800D0010020D0010020289A0000FFFF000091
:10A52800FFFF00000090D003007001500000000001
:10A53800FFFFFFFF3F000000FFFFFFFF3F0000009D
:10A548000000000000000000000000000000000003
:10A5580000000000000000000000000000000000F3
:10A5680000000000000000000000000000000000E3
:10A5780000000000000000000000000000000000D3
:10A5880000000000000000000000000000000000C3
:10A5980000000000000000000000000000000000B3
:10A5A80000000000000000000000000000000000A3
:10A5B80008000000FF000000000000000300000089
:10A5C800000000000CA20000000000003D4B00004D
:10A5D8000000000000000000000000000000000073
:10A5E8000000000000000000000000000000000063
:10A5F8009597000090020000B8020020B8020020E1
:10A608000000000000000000000000000000000042
:10A618000000000058330020001000000000000077
:04A62800000000002E
:10A62C00E4020020E4020020000000000000000012
:04A63C000E0000000C
:10A6400000000000000000000003002000030020C4
:10A65000080300200803002003000300000000009E
:10A6600000000000EC9D0000C44700200000000036
:10A67000000000002C0300202C03002034030020E5
:10A680003403002001000100000000000000000071
:10A690003C9E000070490020000000000000000007
:10A6A00058030020580300206003002060030020AE
:10A6B0000A000A0004000000DD1A0000DC9D000012
:10A6C000204600200000000000000000840300205D
:10A6D000840300208C0300208C0300200100010073
:10A6E0000000000000000000FC9D00001049002058
:04A6F00015E015E07C
:0400000300000F01E9
:00000001FF
